h1_row,configuration,priority_A,priority_C
1,Clinical only,0.28196911468079466,0.056389206732142774
2,Clinical only,0.2742945904551751,0.10747848305064012
3,Clinical only,0.08843843996774793,0.047740702153403376
4,Clinical only,0.0826180293901137,0.10608445231738876
5,Clinical only,0.0820332399606667,0.05243949620503577
6,Clinical only,0.2738474402400245,0.11151949024473107
7,Clinical only,0.2892910787316857,0.06605706974907365
8,Clinical only,0.12374012918273194,0.08466853678257315
9,Clinical only,0.11717611781935254,0.08647446810287561
10,Clinical only,0.2696495845749589,0.062413296051394736
11,Clinical only,0.0967713279150003,0.03260562394966931
12,Clinical only,0.26549582771565605,0.08671210481949676
13,Clinical only,0.08560824802740845,0.10683583052722052
14,Clinical only,0.12615652281195391,0.08442975956215416
15,Clinical only,0.2752157390085888,0.07410196328632233
16,Clinical only,0.10441516720946013,0.02712900377853065
17,Clinical only,0.2750577409234654,0.096641205075532
18,Clinical only,0.09005973136879596,0.1144405462303789
19,Clinical only,0.10514339134722514,0.022958034057994063
20,Clinical only,0.29301649419525333,0.07103921230489121
21,Clinical only,0.08061155733836141,0.039463542478556234
22,Clinical only,0.08070314824299926,0.09799218550001591
23,Clinical only,0.28149439041599,0.05919665868516193
24,Clinical only,0.07000110185783406,0.04812691090179526
25,Clinical only,0.2707522530200325,0.062413296051394736
26,Clinical only,0.3021201233192455,0.08491504472936544
27,Clinical only,0.07042378470646347,0.03707881502960205
28,Clinical only,0.28593514011403126,0.08189042920429347
29,Clinical only,0.12301990336458817,0.08051417702803645
30,Clinical only,0.27464182967584266,0.10075642084815671
31,Clinical only,0.26103947617135675,0.06936894771496564
32,Clinical only,0.27261307750984326,0.08724153655065783
33,Clinical only,0.27560459866681064,0.09688680432942902
34,Clinical only,0.0691169227704523,0.04127491368146338
35,Clinical only,0.11536066625365629,0.11166124762922149
36,Clinical only,0.09005973136879596,0.11432350020546393
37,Clinical only,0.2854423505506259,0.08345490369210228
38,Clinical only,0.08863252706442648,0.06240830652989004
39,Clinical only,0.06826865329378654,0.03485996041108516
40,Clinical only,0.10299649696790623,0.03048144174332354
41,Clinical only,0.07529231915015276,0.03520479093433888
42,Clinical only,0.09180428995987569,0.1115244406851708
43,Clinical only,0.09846017097739583,0.028402826267452656
44,Clinical only,0.2738474402400245,0.11075461305550978
45,Clinical only,0.08233951359949265,0.07470512554760243
46,Clinical only,0.27739086792939466,0.1046113509327574
47,Clinical only,0.2556320578158793,0.07072975922872861
48,Clinical only,0.07496121057856786,0.04728345801106011
49,Clinical only,0.08000501006060788,0.10444941329528726
50,Clinical only,0.08791080648893818,0.06220127732712846
51,Clinical only,0.2738474402400245,0.11075461305550978
52,Clinical only,0.07071352139065262,0.04812691090179526
53,Clinical only,0.2983479357083541,0.08264758260011337
54,Clinical only,0.1258163942551524,0.08613444564510579
55,Clinical only,0.08791080648893818,0.06313354700259187
56,Clinical only,0.10299649696790623,0.03048144174332354
57,Clinical only,0.27826399220072906,0.09739270244813113
58,Clinical only,0.2985736400686832,0.09306011364366086
59,Clinical only,0.2853206748866159,0.08446635507316712
60,Clinical only,0.2951553880074601,0.10536257715690875
61,Clinical only,0.3017129825258328,0.09400351869805483
62,Clinical only,0.2707522530200325,0.06116330200068718
63,Clinical only,0.27826399220072906,0.09739270244813113
64,Clinical only,0.11146078434073554,0.083405069988404
65,Clinical only,0.07815486057236357,0.1044731800983597
66,Clinical only,0.07364288194181665,0.09534329343042486
67,Clinical only,0.12615652281195391,0.08404063795340687
68,Clinical only,0.08428744314302387,0.11313867027566887
69,Clinical only,0.2964027069074311,0.08352009337798713
70,Clinical only,0.1069761298821046,0.05737281935776108
71,Clinical only,0.2742945904551751,0.10747848305064012
72,Clinical only,0.2586329845138761,0.0799663125048761
73,Clinical only,0.27751431475294075,0.09624758752899731
74,Clinical only,0.26968172609641555,0.09348906920163999
75,Clinical only,0.06826865329378654,0.03463758167998079
76,Clinical only,0.2736063233441456,0.0852965230441207
77,Clinical only,0.07000110185783406,0.04812691090179526
78,Clinical only,0.08233951359949265,0.07470512554760243
79,Clinical only,0.10465819918722634,0.08691740375737747
80,Clinical only,0.27826399220072906,0.09739270244813113
81,Clinical only,0.07343068211420548,0.0955327161602787
82,Clinical only,0.08843843996774793,0.047514442331866115
83,Clinical only,0.2545235628488886,0.07072975922872861
84,Clinical only,0.3039591627610675,0.08916236307289999
85,Clinical only,0.28760559036852573,0.08149308666569628
86,Clinical only,0.2951553880074601,0.10536257715690875
87,Clinical only,0.12374012918273194,0.08427975232517308
88,Clinical only,0.30014135637130723,0.09272098570082055
89,Clinical only,0.2592813888402443,0.07215517340635515
90,Clinical only,0.08817808866520807,0.06784991058882
91,Clinical only,0.2738474402400245,0.11075461305550978
92,Clinical only,0.2747317297807805,0.0852965230441207
93,Clinical only,0.12374012918273194,0.08466853678257315
94,Clinical only,0.09073788857758619,0.10433255203854952
95,Clinical only,0.10299649696790623,0.03048144174332354
96,Clinical only,0.0855198513781326,0.09301900281550765
97,Clinical only,0.2713487866310504,0.08836811528556869
98,Clinical only,0.12374012918273194,0.08427975232517308
99,Clinical only,0.07071352139065262,0.04812691090179526
100,Clinical only,0.07665340013519827,0.03170372087290356
101,Clinical only,0.2742945904551751,0.10747848305064012
102,Clinical only,0.08000501006060788,0.1045599135791573
103,Clinical only,0.2742945904551751,0.10825679169712595
104,Clinical only,0.29065434004465085,0.10480038358190209
105,Clinical only,0.0797667272251535,0.039620457675890716
106,Clinical only,0.10689147731208365,0.0413760623601478
107,Clinical only,0.30225107768335097,0.08376572419409872
108,Clinical only,0.07906076116524535,0.039620457675890716
109,Clinical only,0.28037628882965854,0.05919665868516193
110,Clinical only,0.09005973136879596,0.11432350020546393
111,Clinical only,0.2750577409234654,0.09735148850076016
112,Clinical only,0.2853206748866159,0.0841649177755345
113,Clinical only,0.2713487866310504,0.08926243345666705
114,Clinical only,0.3095058992215284,0.0799068238136813
115,Clinical only,0.09005973136879596,0.11432350020546393
116,Clinical only,0.08178080253204235,0.09233582152387777
117,Clinical only,0.08533904992739377,0.10198319884800192
118,Clinical only,0.0797667272251535,0.03940504839562424
119,Clinical only,0.09626719379439659,0.026107660142823823
120,Clinical only,0.07917904286511113,0.048227144538218726
121,Clinical only,0.2713487866310504,0.08772553596646882
122,Clinical only,0.0797667272251535,0.03940504839562424
123,Clinical only,0.1022936077500678,0.03048144174332354
124,Clinical only,0.2545235628488886,0.07002312492516147
125,Clinical only,0.2965398521546809,0.08234439046138972
126,Clinical only,0.2724814628128073,0.08836811528556869
127,Clinical only,0.2770893405804452,0.09720660665247068
128,Clinical only,0.2707522530200325,0.062413296051394736
129,Clinical only,0.09005973136879596,0.11432350020546393
130,Clinical only,0.10299649696790623,0.03048144174332354
131,Clinical only,0.3076622119278018,0.0833121605255895
132,Clinical only,0.2782371457493907,0.057216972873832185
133,Clinical only,0.2707522530200325,0.062413296051394736
134,Clinical only,0.3076622119278018,0.0833121605255895
135,Clinical only,0.3076622119278018,0.0833121605255895
136,Clinical only,0.0880961479582316,0.08021545814132398
137,Clinical only,0.27909627553075084,0.09351903262713143
138,Clinical only,0.07496121057856786,0.04728345801106011
139,Clinical only,0.0797667272251535,0.03940504839562424
140,Clinical only,0.26968172609641555,0.09348906920163999
141,Clinical only,0.2667814888051979,0.0791771733172035
142,Clinical only,0.08715687563676516,0.09806699804499659
143,Clinical only,0.2965398521546809,0.0810855654813099
144,Clinical only,0.2736063233441456,0.0852965230441207
145,Clinical only,0.08000501006060788,0.1045599135791573
146,Clinical only,0.10299649696790623,0.03048144174332354
147,Clinical only,0.10396032374237409,0.03194183419458546
148,Clinical only,0.27738894417199805,0.09432038265938716
149,Clinical only,0.09005973136879596,0.11432350020546393
150,Clinical only,0.11879943665721074,0.08125538461770536
151,Clinical only,0.0783696991091029,0.09623218618368401
152,Clinical only,0.09005973136879596,0.11432350020546393
153,Clinical only,0.11187421182005242,0.09928982590724425
154,Clinical only,0.30225107768335097,0.08250667877909149
155,Clinical only,0.07111417995235637,0.09415062716039915
156,Clinical only,0.07815486057236357,0.10458502690561912
157,Clinical only,0.11879943665721074,0.08125538461770536
158,Clinical only,0.2965398521546809,0.0810855654813099
159,Clinical only,0.10711648152688794,0.030425266989567587
160,Clinical only,0.0855198513781326,0.09301900281550765
161,Clinical only,0.08843843996774793,0.047514442331866115
162,Clinical only,0.08863252706442648,0.06220127732712846
163,Clinical only,0.28149439041599,0.057950385268371596
164,Clinical only,0.08791080648893818,0.06240830652989004
165,Clinical only,0.27751431475294075,0.09624758752899731
166,Clinical only,0.08863252706442648,0.06220127732712846
167,Clinical only,0.3076622119278018,0.0833121605255895
168,Clinical only,0.2706071005067728,0.10876074034925931
169,Clinical only,0.08906956685148941,0.06085700021116835
170,Clinical only,0.3075983489886229,0.08668705712658982
171,Clinical only,0.2738474402400245,0.11075461305550978
172,Clinical only,0.11879943665721074,0.08125538461770536
173,Clinical only,0.2724814628128073,0.08836811528556869
174,Clinical only,0.2545235628488886,0.07072975922872861
175,Clinical only,0.09785916885640897,0.032756095572594665
176,Clinical only,0.07106269413218148,0.10317885062049434
177,Clinical only,0.30947036027447883,0.08350398170656752
178,Clinical only,0.2710996393655705,0.10244597822452992
179,Clinical only,0.294958526655846,0.07806547387952015
180,Clinical only,0.11536066625365629,0.11079942173327975
181,Clinical only,0.2724814628128073,0.08836811528556869
182,Clinical only,0.08353454241573265,0.07451446146698244
183,Clinical only,0.07496121057856786,0.04750026294728755
184,Clinical only,0.2713487866310504,0.08836811528556869
185,Clinical only,0.2738474402400245,0.11151949024473107
186,Clinical only,0.2966904396895627,0.10649848220291279
187,Clinical only,0.2625097996046817,0.06607435808618399
188,Clinical only,0.09714377049924088,0.032756095572594665
189,Clinical only,0.2707522530200325,0.062413296051394736
190,Clinical only,0.12374012918273194,0.08466853678257315
191,Clinical only,0.2965398521546809,0.08234439046138972
192,Clinical only,0.09005973136879596,0.11432350020546393
193,Clinical only,0.0781705203839142,0.07327594210378083
194,Clinical only,0.2811702989573762,0.06087932654447063
195,Clinical only,0.27146785870972906,0.07586851055892997
196,Clinical only,0.2740943838810444,0.07476143861073292
197,Clinical only,0.11420891043763169,0.06258611226475183
198,Clinical only,0.11536066625365629,0.11079942173327975
199,Clinical only,0.06897812330278583,0.03463758167998079
200,Clinical only,0.2965398521546809,0.08234439046138972
201,Clinical only,0.11536066625365629,0.11079942173327975
202,Clinical only,0.10299649696790623,0.03048144174332354
203,Clinical only,0.0826180293901137,0.10608445231738876
204,Clinical only,0.12480454501088638,0.08427756036822637
205,Clinical only,0.2684119717530827,0.07514188614894107
206,Clinical only,0.27486599860102034,0.07639110725020452
207,Clinical only,0.26180759377772217,0.08528611203348552
208,Clinical only,0.09005973136879596,0.1144405462303789
209,Clinical only,0.10299649696790623,0.03048144174332354
210,Clinical only,0.07900162835994269,0.050821689608274004
211,Clinical only,0.09263995974721206,0.039094757539370216
212,Clinical only,0.2951553880074601,0.10536257715690875
213,Clinical only,0.2951553880074601,0.10536257715690875
214,Clinical only,0.11536066625365629,0.11038088919214369
215,Clinical only,0.10882792156272476,0.05407052570694699
216,Clinical only,0.10224090255319553,0.08494856617666607
217,Clinical only,0.3093706990655853,0.08108382933653582
218,Clinical only,0.07987782816896523,0.10567361461393203
219,Clinical only,0.2738474402400245,0.11075461305550978
220,Clinical only,0.26522136783498423,0.07385900611534998
221,Clinical only,0.2738474402400245,0.11010087412494936
222,Clinical only,0.28470668685152095,0.07473337762829381
223,Clinical only,0.11879943665721074,0.08125538461770536
224,Clinical only,0.2724814628128073,0.08836811528556869
225,Clinical only,0.27422858427819935,0.09086959806053001
226,Clinical only,0.27826399220072906,0.09739270244813113
227,Clinical only,0.2742945904551751,0.1068089891539279
228,Clinical only,0.2964027069074311,0.08352009337798713
229,Clinical only,0.2742945904551751,0.10747848305064012
230,Clinical only,0.08863252706442648,0.06220127732712846
231,Clinical only,0.2965398521546809,0.08234439046138972
232,Clinical only,0.08863252706442648,0.06220127732712846
233,Clinical only,0.07071352139065262,0.04834256766358014
234,Clinical only,0.10299649696790623,0.03048144174332354
235,Clinical only,0.28257533774809884,0.05986790400458596
236,Clinical only,0.10299649696790623,0.03048144174332354
237,Clinical only,0.2724814628128073,0.08836811528556869
238,Clinical only,0.2707522530200325,0.062413296051394736
239,Clinical only,0.2742945904551751,0.1068089891539279
240,Clinical only,0.08863252706442648,0.06220127732712846
241,Clinical only,0.08090482327304192,0.09781972053749736
242,Clinical only,0.10299649696790623,0.03048144174332354
243,Clinical only,0.11879943665721074,0.08125538461770536
244,Clinical only,0.1051234412821164,0.02681482386044606
245,Clinical only,0.27531932745482957,0.09754161054576517
246,Clinical only,0.2791542456605081,0.09248535143601412
247,Clinical only,0.2742945904551751,0.10747848305064012
248,Clinical only,0.2778586903812189,0.10086967690573108
249,Clinical only,0.29588611632855144,0.08613833721546871
250,Clinical only,0.10625394082148444,0.08450716005757819
251,Clinical only,0.08715687563676516,0.09806699804499659
252,Clinical only,0.07987782816896523,0.10554766556288993
253,Clinical only,0.0855198513781326,0.09316205560007618
254,Clinical only,0.09072334788215218,0.09539897108881007
255,Clinical only,0.2737449394499707,0.07639110725020452
256,Clinical only,0.08090482327304192,0.09770742613482758
257,Clinical only,0.2755179210253275,0.10541119143335713
258,Clinical only,0.10812385581186466,0.0620515198991346
259,Clinical only,0.07815486057236357,0.1044731800983597
260,Clinical only,0.2707522530200325,0.062413296051394736
261,Clinical only,0.10989968140848239,0.09021155064719878
262,Clinical only,0.2822482392119151,0.06206876225732813
263,Clinical only,0.2684119717530827,0.07514188614894107
264,Clinical only,0.2964027069074311,0.08352009337798713
265,Clinical only,0.26114391686970767,0.06883309244610923
266,Clinical only,0.09376044021866206,0.02894724012730929
267,Clinical only,0.28149439041599,0.05919665868516193
268,Clinical only,0.07703628057038714,0.09272062324820317
269,Clinical only,0.0897820251113121,0.05875440009028329
270,Clinical only,0.08791080648893818,0.06220127732712846
271,Clinical only,0.07906076116524535,0.03940504839562424
272,Clinical only,0.11223831630169742,0.0625644254345536
273,Clinical only,0.07000110185783406,0.04834256766358014
274,Clinical only,0.11536066625365629,0.11079942173327975
275,Clinical only,0.08543500146621494,0.09145077339185168
276,Clinical only,0.29992842219828436,0.10386556771520822
277,Clinical only,0.27675004471489545,0.09575066651262848
278,Clinical only,0.11009326042435068,0.08978563052562955
279,Clinical only,0.26180759377772217,0.08528611203348552
280,Clinical only,0.2773853128786697,0.09575984821177548
281,Clinical only,0.07327125465715781,0.09086723355164773
282,Clinical only,0.26362265983170224,0.06676950220354436
283,Clinical only,0.25817087305553393,0.07215517340635515
284,Clinical only,0.12615652281195391,0.08442975956215416
285,Clinical only,0.27146785870972906,0.07519356021832126
286,Clinical only,0.3077878041692033,0.08213863359151705
287,Clinical only,0.27953664211963064,0.06971709059364262
288,Clinical only,0.2965398521546809,0.08234439046138972
289,Clinical only,0.1088718760235682,0.0897390601923694
290,Clinical only,0.08863252706442648,0.06220127732712846
291,Clinical only,0.28519903994430595,0.06600844667809097
292,Clinical only,0.11434107991756187,0.07171176952303822
293,Clinical only,0.09180428995987569,0.1115244406851708
294,Clinical only,0.08400688347944286,0.09274386663435567
295,Clinical only,0.2965398521546809,0.08234439046138972
296,Clinical only,0.2707522530200325,0.062413296051394736
297,Clinical only,0.2748052787637004,0.0638083474403121
298,Clinical only,0.2710996393655705,0.10244597822452992
299,Clinical only,0.30225107768335097,0.08376572419409872
300,Clinical only,0.26320669414701675,0.06429066507028026
301,Clinical only,0.10299649696790623,0.03048144174332354
302,Clinical only,0.0783696991091029,0.09635975476128661
303,Clinical only,0.10439113730012586,0.02623414141808191
304,Clinical only,0.2707522530200325,0.062413296051394736
305,Clinical only,0.08329671577168805,0.10008214438602131
306,Clinical only,0.29763841199440494,0.10054475895181161
307,Clinical only,0.08709906940741514,0.09268250262086852
308,Clinical only,0.2769864119130236,0.10796615995039475
309,Clinical only,0.1072508606492655,0.08780183577039731
310,Clinical only,0.0924503621721775,0.03327323585845085
311,Clinical only,0.07052162035225239,0.05898622868830579
312,Clinical only,0.2738474402400245,0.11010087412494936
313,Clinical only,0.11536066625365629,0.11038088919214369
314,Clinical only,0.08791080648893818,0.06240830652989004
315,Clinical only,0.1211805802365707,0.08063496309406606
316,Clinical only,0.2742945904551751,0.10747848305064012
317,Clinical only,0.2890529166217755,0.09880649852003628
318,Clinical only,0.0855198513781326,0.09301900281550765
319,Clinical only,0.07111417995235637,0.09415062716039915
320,Clinical only,0.09005973136879596,0.11432350020546393
321,Clinical only,0.07906076116524535,0.03940504839562424
322,Clinical only,0.27826399220072906,0.09670494587649142
323,Clinical only,0.2742945904551751,0.10747848305064012
324,Clinical only,0.2696495845749589,0.062413296051394736
325,Clinical only,0.07006944343576563,0.07519120358305938
326,Clinical only,0.09263995974721206,0.039094757539370216
327,Clinical only,0.2798911128542745,0.061506596792843385
328,Clinical only,0.2707522530200325,0.062413296051394736
329,Clinical only,0.2964027069074311,0.08227406857242642
330,Clinical only,0.11165963395784637,0.08287529327613863
331,Clinical only,0.0691169227704523,0.04127491368146338
332,Clinical only,0.07802647585377004,0.03589606755120909
333,Clinical only,0.08364847923892235,0.052207556345335276
334,Clinical only,0.10299649696790623,0.03048144174332354
335,Clinical only,0.26743434355251305,0.07659894377908136
336,Clinical only,0.2724814628128073,0.08836811528556869
337,Clinical only,0.07815486057236357,0.10458502690561912
338,Clinical only,0.09376044021866206,0.02894724012730929
339,Clinical only,0.08791080648893818,0.06220127732712846
340,Clinical only,0.11879943665721074,0.08125538461770536
341,Clinical only,0.2714275186402089,0.09151465845864143
342,Clinical only,0.08863252706442648,0.06313354700259187
343,Clinical only,0.07906076116524535,0.03940504839562424
344,Clinical only,0.08000501006060788,0.10444941329528726
345,Clinical only,0.09005973136879596,0.11432350020546393
346,Clinical only,0.11167879695281288,0.10863191677337082
347,Clinical only,0.2707522530200325,0.062413296051394736
348,Clinical only,0.2724814628128073,0.08836811528556869
349,Clinical only,0.2696495845749589,0.062413296051394736
350,Clinical only,0.10299649696790623,0.03048144174332354
351,Clinical only,0.0826180293901137,0.10608445231738876
352,Clinical only,0.08863252706442648,0.06220127732712846
353,Clinical only,0.08843843996774793,0.047514442331866115
354,Clinical only,0.11536066625365629,0.11079942173327975
355,Clinical only,0.11127860975305051,0.07501349212349896
356,Clinical only,0.2742945904551751,0.10747848305064012
357,Clinical only,0.08791080648893818,0.06220127732712846
358,Clinical only,0.09005973136879596,0.11432350020546393
359,Clinical only,0.2770893405804452,0.09720660665247068
360,Clinical only,0.11407550082607663,0.05936272416736551
361,Clinical only,0.12374012918273194,0.08466853678257315
362,Clinical only,0.11928324382828746,0.10588509268569726
363,Clinical only,0.09068062032107531,0.033109644135179674
364,Clinical only,0.2747317297807805,0.0852965230441207
365,Clinical only,0.29301649419525333,0.07103921230489121
366,Clinical only,0.09288579436920784,0.09720555896093902
367,Clinical only,0.09086958906623621,0.02662703175624666
368,Clinical only,0.07736275031946835,0.03170372087290356
369,Clinical only,0.12374012918273194,0.08427975232517308
370,Clinical only,0.2713487866310504,0.08772553596646882
1,Clin + Radiomics,0.19939493649235845,0.09907438371373115
2,Clin + Radiomics,0.18619238651041412,0.08655660631032798
3,Clin + Radiomics,0.14132463749593688,0.09972569708725307
4,Clin + Radiomics,0.13223784349196455,0.09218805367326684
5,Clin + Radiomics,0.13148897169952364,0.061107265112818665
6,Clin + Radiomics,0.18594917690659846,0.0633703582561058
7,Clin + Radiomics,0.1928634176552365,0.0986420043955816
8,Clin + Radiomics,0.1400062991436364,0.10657608146740065
9,Clin + Radiomics,0.1361749168971267,0.07713257987177362
10,Clin + Radiomics,0.19249950422394801,0.06355504356358407
11,Clin + Radiomics,0.13181057678706318,0.08174911803589419
12,Clin + Radiomics,0.19104950142401533,0.08508090424674547
13,Clin + Radiomics,0.13983496537815898,0.05367034780356011
14,Clin + Radiomics,0.1288903504443035,0.07632698865969752
15,Clin + Radiomics,0.20489340452589538,0.06543088062519406
16,Clin + Radiomics,0.1260058838036044,0.08930027807518827
17,Clin + Radiomics,0.20002514977745112,0.10118359575595727
18,Clin + Radiomics,0.17032085387459908,0.0819058807422227
19,Clin + Radiomics,0.14689785533092764,0.10182138460822994
20,Clin + Radiomics,0.19323381637221645,0.08269012862988769
21,Clin + Radiomics,0.12465699155872283,0.1040364231671076
22,Clin + Radiomics,0.12088545004408985,0.06418196982171039
23,Clin + Radiomics,0.22278935094806807,0.06879740559389885
24,Clin + Radiomics,0.12544725020245406,0.09705948013880485
25,Clin + Radiomics,0.2049240925313901,0.06993830058387183
26,Clin + Radiomics,0.2043692514685281,0.09744582807999254
27,Clin + Radiomics,0.12668337132052024,0.05143356886659461
28,Clin + Radiomics,0.18701693689592686,0.06099151650288252
29,Clin + Radiomics,0.13615757474114065,0.06508597486649166
30,Clin + Radiomics,0.18367382275949426,0.06769207657891783
31,Clin + Radiomics,0.20130884884476544,0.05953391588091108
32,Clin + Radiomics,0.21543790331195986,0.06608251249727735
33,Clin + Radiomics,0.18378895252069566,0.06333825100991751
34,Clin + Radiomics,0.13019658483903232,0.0865891821041493
35,Clin + Radiomics,0.11772931240351532,0.06127171165707554
36,Clin + Radiomics,0.12178359059272308,0.06298184538860355
37,Clin + Radiomics,0.20706175400505636,0.08833222579657049
38,Clin + Radiomics,0.1636704363852407,0.10023172362633671
39,Clin + Radiomics,0.13533436705346585,0.05936809586650764
40,Clin + Radiomics,0.15864684687215796,0.06770318813764543
41,Clin + Radiomics,0.14714757230425302,0.07820948728233344
42,Clin + Radiomics,0.13881987089929568,0.09530325128380346
43,Clin + Radiomics,0.1592160299556932,0.10785823690031292
44,Clin + Radiomics,0.19924378277243618,0.08727224294036069
45,Clin + Radiomics,0.12732769040714775,0.06557849926670004
46,Clin + Radiomics,0.20418263410804266,0.06664330249914918
47,Clin + Radiomics,0.19545730749218457,0.08650640564925925
48,Clin + Radiomics,0.12167594795045285,0.05889566745324674
49,Clin + Radiomics,0.14619712129503026,0.09171083876028206
50,Clin + Radiomics,0.13714540328582683,0.07749560819713316
51,Clin + Radiomics,0.195346853431485,0.09522201879228896
52,Clin + Radiomics,0.1462059333343262,0.09656950879087059
53,Clin + Radiomics,0.18678196663824875,0.05660110830323202
54,Clin + Radiomics,0.1423756650444785,0.08883979276864189
55,Clin + Radiomics,0.1302415175751737,0.05975868166677913
56,Clin + Radiomics,0.13250969929013756,0.057764476752487644
57,Clin + Radiomics,0.2125648852193473,0.09409263457980789
58,Clin + Radiomics,0.2054877314297347,0.06840690567481018
59,Clin + Radiomics,0.18918335848435106,0.10154171029881026
60,Clin + Radiomics,0.1910395204438771,0.07050779231468204
61,Clin + Radiomics,0.19703572425994545,0.09891795035787454
62,Clin + Radiomics,0.18770517357842467,0.09126032259670804
63,Clin + Radiomics,0.1918650088209127,0.05569199200261029
64,Clin + Radiomics,0.1386060787952776,0.09307306088292235
65,Clin + Radiomics,0.12012388983942006,0.08153465805085551
66,Clin + Radiomics,0.12545241917906963,0.08546615206260336
67,Clin + Radiomics,0.14172541341528605,0.10624690967924767
68,Clin + Radiomics,0.15102028733214914,0.11416288696636555
69,Clin + Radiomics,0.21327121618506534,0.10615603196347384
70,Clin + Radiomics,0.152489796630642,0.0796546128768357
71,Clin + Radiomics,0.19965777761956782,0.10232326208847073
72,Clin + Radiomics,0.20693239015864173,0.08542801753574102
73,Clin + Radiomics,0.19208361050627068,0.11151784917728935
74,Clin + Radiomics,0.18983919254892556,0.0876787629789288
75,Clin + Radiomics,0.12752172637055967,0.08903825827457146
76,Clin + Radiomics,0.1964735436736323,0.06138693950118715
77,Clin + Radiomics,0.1301274975857113,0.07507084576821488
78,Clin + Radiomics,0.13269519199156618,0.09494948615485906
79,Clin + Radiomics,0.1420328689274326,0.1087971207895146
80,Clin + Radiomics,0.21061034169516585,0.10095146371381854
81,Clin + Radiomics,0.13645362728276883,0.10586277919735741
82,Clin + Radiomics,0.15165385591034264,0.10654105656148541
83,Clin + Radiomics,0.20985333138972742,0.09750815447899994
84,Clin + Radiomics,0.18802967914961843,0.0813397776384557
85,Clin + Radiomics,0.1968696234915413,0.06565952646997267
86,Clin + Radiomics,0.1903841399750958,0.07650125574230977
87,Clin + Radiomics,0.1437621739648968,0.07585216930634556
88,Clin + Radiomics,0.21132040666079518,0.056460084152477295
89,Clin + Radiomics,0.20169758019594516,0.07108100951843786
90,Clin + Radiomics,0.1336380860720078,0.08859899292881754
91,Clin + Radiomics,0.2154094632345345,0.0819355619462239
92,Clin + Radiomics,0.17559576369155222,0.09374047365140985
93,Clin + Radiomics,0.13745663214634518,0.0756239762009075
94,Clin + Radiomics,0.14338456658660367,0.10670264020401098
95,Clin + Radiomics,0.15387063972005668,0.09563215098713078
96,Clin + Radiomics,0.15126330090651613,0.10752573264370233
97,Clin + Radiomics,0.1841798763754077,0.08793732224723651
98,Clin + Radiomics,0.14263561821819276,0.11253584238028243
99,Clin + Radiomics,0.124207662224284,0.06747822342872727
100,Clin + Radiomics,0.16743052396570546,0.10439661582676002
101,Clin + Radiomics,0.1948793416417134,0.08102700849914315
102,Clin + Radiomics,0.12440351231862234,0.05732981431662585
103,Clin + Radiomics,0.21213121670503196,0.06725291911785115
104,Clin + Radiomics,0.210144014666037,0.08766866211972978
105,Clin + Radiomics,0.12764178606886556,0.05879160069221778
106,Clin + Radiomics,0.13452197963603407,0.09303904849207777
107,Clin + Radiomics,0.20730301270644064,0.09058865824191853
108,Clin + Radiomics,0.15210285859876183,0.11384085713425612
109,Clin + Radiomics,0.2113779314682367,0.06481711548438909
110,Clin + Radiomics,0.1319810935875904,0.08048603965607526
111,Clin + Radiomics,0.2107319364477266,0.0705549835783243
112,Clin + Radiomics,0.2133898084280757,0.08140321384845635
113,Clin + Radiomics,0.19344943057827457,0.0786370412994094
114,Clin + Radiomics,0.21167400734267677,0.08532829364519251
115,Clin + Radiomics,0.1267608155476567,0.07087744187433323
116,Clin + Radiomics,0.14193905835656237,0.10615614395662948
117,Clin + Radiomics,0.11886360675081731,0.0932577732819635
118,Clin + Radiomics,0.1363284291227542,0.10455990320427368
119,Clin + Radiomics,0.14698471820541054,0.08365449274028823
120,Clin + Radiomics,0.12108664632224542,0.08784840797692356
121,Clin + Radiomics,0.18543651475740816,0.09013089667218013
122,Clin + Radiomics,0.13524058471527234,0.0774289378881586
123,Clin + Radiomics,0.13107143134092536,0.055057713189289766
124,Clin + Radiomics,0.18934908517130192,0.06837187209110407
125,Clin + Radiomics,0.20147412833955497,0.06278671284993452
126,Clin + Radiomics,0.2140579877996648,0.06159087814476363
127,Clin + Radiomics,0.19469501134962183,0.058762633335990105
128,Clin + Radiomics,0.2082370721361468,0.08304537170624669
129,Clin + Radiomics,0.12778789370397456,0.08945531090826431
130,Clin + Radiomics,0.1280094005883321,0.0755268418310961
131,Clin + Radiomics,0.19998722016446677,0.09669007683665506
132,Clin + Radiomics,0.18922160112732528,0.05669137254633398
133,Clin + Radiomics,0.1893096070125562,0.06777193937511188
134,Clin + Radiomics,0.18762366838598446,0.06657635540598557
135,Clin + Radiomics,0.18880176458132805,0.06100994947717827
136,Clin + Radiomics,0.11089934808279214,0.043664383579136906
137,Clin + Radiomics,0.2052722119613117,0.06918615534983173
138,Clin + Radiomics,0.1531103766034532,0.07814016808664442
139,Clin + Radiomics,0.13195445575127998,0.07297282651908069
140,Clin + Radiomics,0.19913923815000573,0.10541821287480724
141,Clin + Radiomics,0.21206941384778882,0.0891670692031784
142,Clin + Radiomics,0.14012000163362875,0.07339503989537755
143,Clin + Radiomics,0.2117273470191768,0.09369330303916688
144,Clin + Radiomics,0.18401061892173853,0.07091852059050242
145,Clin + Radiomics,0.1515150597238297,0.06507168048847485
146,Clin + Radiomics,0.16813602510762568,0.09322432612710344
147,Clin + Radiomics,0.12350093192552168,0.0634739188142636
148,Clin + Radiomics,0.20570906067982556,0.08836280430191673
149,Clin + Radiomics,0.12395079947157762,0.07037454170984947
150,Clin + Radiomics,0.12273770172147096,0.10884678166871134
151,Clin + Radiomics,0.12760622940816904,0.05220770505197879
152,Clin + Radiomics,0.1384115778651908,0.05937335512838455
153,Clin + Radiomics,0.1183885030094442,0.055418881382571776
154,Clin + Radiomics,0.1820383890271595,0.07481446080359021
155,Clin + Radiomics,0.1371399517306043,0.09220250149302099
156,Clin + Radiomics,0.13685694993735326,0.07538848752965638
157,Clin + Radiomics,0.15232336988454115,0.10471435545134357
158,Clin + Radiomics,0.20215706014263746,0.10889595039458175
159,Clin + Radiomics,0.12080016968039359,0.06468385838767315
160,Clin + Radiomics,0.14959655517984907,0.10872125103144607
161,Clin + Radiomics,0.1413335562951279,0.05899969272911715
162,Clin + Radiomics,0.12174771574339371,0.10493857023736923
163,Clin + Radiomics,0.1958469800680025,0.0686682628482398
164,Clin + Radiomics,0.11598927155382667,0.061087336208032854
165,Clin + Radiomics,0.19058099672875448,0.06116390272587825
166,Clin + Radiomics,0.15675014090181194,0.10005375452799309
167,Clin + Radiomics,0.20554231027515749,0.07922879759618011
168,Clin + Radiomics,0.21772486931684518,0.10699398827860229
169,Clin + Radiomics,0.14301693316274852,0.0700114578918335
170,Clin + Radiomics,0.21287304158869327,0.076617495705086
171,Clin + Radiomics,0.18674143342404825,0.0680478705300707
172,Clin + Radiomics,0.15365909553663198,0.08946879803934608
173,Clin + Radiomics,0.18878735258288315,0.08353871600136203
174,Clin + Radiomics,0.19710431496897843,0.05253744825256812
175,Clin + Radiomics,0.13251900963045118,0.05500508104471418
176,Clin + Radiomics,0.13372516589429986,0.07467035457504115
177,Clin + Radiomics,0.21610972280170654,0.07430695431973605
178,Clin + Radiomics,0.19035319591280694,0.09107306859173296
179,Clin + Radiomics,0.18786747368017453,0.053571902560662465
180,Clin + Radiomics,0.1507422114010895,0.08724908962509753
181,Clin + Radiomics,0.1840136048492824,0.06263980515902214
182,Clin + Radiomics,0.14377417578170307,0.07548105421484642
183,Clin + Radiomics,0.1385043115476904,0.0951233762999238
184,Clin + Radiomics,0.22067851568563374,0.08956663183684718
185,Clin + Radiomics,0.18568071635974734,0.05800829157522446
186,Clin + Radiomics,0.202980006375089,0.0584938633517698
187,Clin + Radiomics,0.21922813357485801,0.08763774296486466
188,Clin + Radiomics,0.14355575539216137,0.08497581263245814
189,Clin + Radiomics,0.2062818480349035,0.06929239547474593
190,Clin + Radiomics,0.1425740828314869,0.09662914277140988
191,Clin + Radiomics,0.1979473569893893,0.07212161905151349
192,Clin + Radiomics,0.12910703377327531,0.08662406770974294
193,Clin + Radiomics,0.15350733364418728,0.07482719405787781
194,Clin + Radiomics,0.21276156849305966,0.07685658496942505
195,Clin + Radiomics,0.1801654958861129,0.08618214016877294
196,Clin + Radiomics,0.20658560751214022,0.10593153785342355
197,Clin + Radiomics,0.1274020935381635,0.07693486234444498
198,Clin + Radiomics,0.13410928953645512,0.08330822629940669
199,Clin + Radiomics,0.14609923016683624,0.06248973442890973
200,Clin + Radiomics,0.2204746856891873,0.09409384278959727
201,Clin + Radiomics,0.11949069722716377,0.07043619944615813
202,Clin + Radiomics,0.140529986839714,0.07691445037284575
203,Clin + Radiomics,0.13228947093376375,0.07605779330485028
204,Clin + Radiomics,0.15684310313344396,0.07685587575598149
205,Clin + Radiomics,0.20122362868470614,0.06544681690662486
206,Clin + Radiomics,0.192425718167859,0.07619638405783467
207,Clin + Radiomics,0.1967944211741917,0.06620539267202233
208,Clin + Radiomics,0.13532749470331476,0.08712477821223245
209,Clin + Radiomics,0.1460846817520304,0.07486453442669559
210,Clin + Radiomics,0.1474729793411894,0.08172491700352985
211,Clin + Radiomics,0.13334661887967666,0.0740554183377761
212,Clin + Radiomics,0.20950181831966766,0.05685235954377684
213,Clin + Radiomics,0.19642314091397386,0.05668966123178236
214,Clin + Radiomics,0.11513125298885306,0.08662680251994034
215,Clin + Radiomics,0.143731030760599,0.06762028923979647
216,Clin + Radiomics,0.14655491484384714,0.08269229096530176
217,Clin + Radiomics,0.22943924020768147,0.07715207527454679
218,Clin + Radiomics,0.1249864172323948,0.10051138172891717
219,Clin + Radiomics,0.18713768672528136,0.06560828395312487
220,Clin + Radiomics,0.1855416188062882,0.08651218865731218
221,Clin + Radiomics,0.1834086721537745,0.06497470020285771
222,Clin + Radiomics,0.21345057564806416,0.09420472476357585
223,Clin + Radiomics,0.12576078548875347,0.053008037327421986
224,Clin + Radiomics,0.20495626938765651,0.07555404066068327
225,Clin + Radiomics,0.1973791647504323,0.06436657944856296
226,Clin + Radiomics,0.20690034993437806,0.06995168657461813
227,Clin + Radiomics,0.18887825856725604,0.0957881512828961
228,Clin + Radiomics,0.19214098299563098,0.06994648414269836
229,Clin + Radiomics,0.20260540571106542,0.07581378434734613
230,Clin + Radiomics,0.14812383711182006,0.1011896832536404
231,Clin + Radiomics,0.21073707322289156,0.07274662398484573
232,Clin + Radiomics,0.13883532566114704,0.05756504441914861
233,Clin + Radiomics,0.14106321997997034,0.1128691609293632
234,Clin + Radiomics,0.1489842129377355,0.08970212314082834
235,Clin + Radiomics,0.19502224713089264,0.06326253848629963
236,Clin + Radiomics,0.14739281995479558,0.08489711285103656
237,Clin + Radiomics,0.19848166965612107,0.08600142579747992
238,Clin + Radiomics,0.20181795892066334,0.10323061247981599
239,Clin + Radiomics,0.18668936547899267,0.0845507099180155
240,Clin + Radiomics,0.13513723451795628,0.0668281856405179
241,Clin + Radiomics,0.14032130578120566,0.09413467824029961
242,Clin + Radiomics,0.13827357800004741,0.0620617058585953
243,Clin + Radiomics,0.13375786569035183,0.08871044670674061
244,Clin + Radiomics,0.1566195676935662,0.07055812245068108
245,Clin + Radiomics,0.2082844796845045,0.09584162437241982
246,Clin + Radiomics,0.19905870787942698,0.06910627002861579
247,Clin + Radiomics,0.2177177438407671,0.07311230214106092
248,Clin + Radiomics,0.21317611662827413,0.10150113981927451
249,Clin + Radiomics,0.1892053507157795,0.09001190230300249
250,Clin + Radiomics,0.15663297719844183,0.0691718171617463
251,Clin + Radiomics,0.13763025855134367,0.10428489332498662
252,Clin + Radiomics,0.1541805559456248,0.08042284216208778
253,Clin + Radiomics,0.14759678048356317,0.09596734678243361
254,Clin + Radiomics,0.13826214756885805,0.08742738734813485
255,Clin + Radiomics,0.2211123823498061,0.07963359200577762
256,Clin + Radiomics,0.1272918596309097,0.08083696178343766
257,Clin + Radiomics,0.1931403339905628,0.07681228267258557
258,Clin + Radiomics,0.12631068557894032,0.07316859766459209
259,Clin + Radiomics,0.15828624240997033,0.10633526011542106
260,Clin + Radiomics,0.21262972252087925,0.09792645035992123
261,Clin + Radiomics,0.1608592101468682,0.11019322465733031
262,Clin + Radiomics,0.18985470280838732,0.10727231160257623
263,Clin + Radiomics,0.20102718205497094,0.10933121481706672
264,Clin + Radiomics,0.21075496372330413,0.10244403635669873
265,Clin + Radiomics,0.1973222792269375,0.1088348734266818
266,Clin + Radiomics,0.13910624559620996,0.07237667213166614
267,Clin + Radiomics,0.21758650826494708,0.062068429547178415
268,Clin + Radiomics,0.12249070937711581,0.07767296313442555
269,Clin + Radiomics,0.14937318495333185,0.0959592705761126
270,Clin + Radiomics,0.12199293062004322,0.06339525606478913
271,Clin + Radiomics,0.1598460259428946,0.09669998486885623
272,Clin + Radiomics,0.13981319876159964,0.07204154173740576
273,Clin + Radiomics,0.13834404945886625,0.11027399000316848
274,Clin + Radiomics,0.15418266962904245,0.07131619314161691
275,Clin + Radiomics,0.13362420066514877,0.09594553960616264
276,Clin + Radiomics,0.1982631157184847,0.08235086503170058
277,Clin + Radiomics,0.21314330344958873,0.10063264145868679
278,Clin + Radiomics,0.13732501789998028,0.09472761019840319
279,Clin + Radiomics,0.20222510161985519,0.06900516763224976
280,Clin + Radiomics,0.19892604742529119,0.07494413133372589
281,Clin + Radiomics,0.13580764665330103,0.07812541935682703
282,Clin + Radiomics,0.20991110630175036,0.05946439516269164
283,Clin + Radiomics,0.1994498067160421,0.099011242564947
284,Clin + Radiomics,0.15994096536162458,0.0707879072032109
285,Clin + Radiomics,0.22197753145325058,0.09359091211747568
286,Clin + Radiomics,0.21167120524426467,0.07098218869988518
287,Clin + Radiomics,0.1843958158220304,0.04954631288127211
288,Clin + Radiomics,0.21390354740046538,0.07569828186357146
289,Clin + Radiomics,0.135995947837106,0.09508505441399695
290,Clin + Radiomics,0.1549606609323454,0.08946827696058562
291,Clin + Radiomics,0.229491084667958,0.09328953474383755
292,Clin + Radiomics,0.1540503904416303,0.0712526230388204
293,Clin + Radiomics,0.13622321974249182,0.05678727218046729
294,Clin + Radiomics,0.1213348832531428,0.08173559515798122
295,Clin + Radiomics,0.20456166516909594,0.081183715752637
296,Clin + Radiomics,0.21912760114874422,0.07758503874018453
297,Clin + Radiomics,0.20642319036251297,0.10373652356485721
298,Clin + Radiomics,0.19982473588159202,0.06320422303247017
299,Clin + Radiomics,0.20457083205636337,0.05562649938913494
300,Clin + Radiomics,0.20689772767179868,0.06375182602066846
301,Clin + Radiomics,0.1454639243460033,0.08791380882048544
302,Clin + Radiomics,0.1438483828844842,0.07602924318397415
303,Clin + Radiomics,0.14544040719478396,0.10146588125949814
304,Clin + Radiomics,0.20384809494416065,0.0960166294323501
305,Clin + Radiomics,0.12774310300072994,0.07699818879072812
306,Clin + Radiomics,0.21557796906867013,0.06127398057513992
307,Clin + Radiomics,0.11447103688513487,0.07055480945045547
308,Clin + Radiomics,0.17680183308384168,0.061179113202764306
309,Clin + Radiomics,0.157433077388525,0.099068286659279
310,Clin + Radiomics,0.13578005123159667,0.08633479822887828
311,Clin + Radiomics,0.12777501949667713,0.07987883212967237
312,Clin + Radiomics,0.20064651139762857,0.10205142214672934
313,Clin + Radiomics,0.14550900496118982,0.11333831670532284
314,Clin + Radiomics,0.14553578180038673,0.08364640576408106
315,Clin + Radiomics,0.13329106280840092,0.11571617418471658
316,Clin + Radiomics,0.196923329364578,0.07334490510579388
317,Clin + Radiomics,0.1907190881936822,0.07241655054094583
318,Clin + Radiomics,0.13371563098298814,0.0721620099368478
319,Clin + Radiomics,0.12060726795436369,0.0625256226306788
320,Clin + Radiomics,0.13561676354642635,0.06465390034069549
321,Clin + Radiomics,0.12874518070066807,0.0865941487088482
322,Clin + Radiomics,0.21449975507306965,0.0720568125906843
323,Clin + Radiomics,0.19584181835619263,0.07532528737396135
324,Clin + Radiomics,0.20896669576452476,0.07327728495948797
325,Clin + Radiomics,0.1277443218363676,0.06617523933783377
326,Clin + Radiomics,0.13348391888949954,0.06366099365132939
327,Clin + Radiomics,0.19202584580477655,0.06647020900796345
328,Clin + Radiomics,0.17605322877353702,0.09813340557104983
329,Clin + Radiomics,0.2042560951919582,0.06959587794529593
330,Clin + Radiomics,0.12603928189294855,0.06353146690430206
331,Clin + Radiomics,0.14064226198956878,0.0718660172244595
332,Clin + Radiomics,0.12262068120594864,0.06678575064833826
333,Clin + Radiomics,0.1417439899861607,0.06600105733438313
334,Clin + Radiomics,0.1608257546091157,0.0676288386905365
335,Clin + Radiomics,0.21398030840115997,0.10021172699849974
336,Clin + Radiomics,0.20051530122983774,0.05468703433232489
337,Clin + Radiomics,0.11094024311368905,0.05757857942894579
338,Clin + Radiomics,0.15737968663785604,0.08621259546424903
339,Clin + Radiomics,0.1317439933687784,0.06458275441824524
340,Clin + Radiomics,0.13766928580346313,0.09285299430336617
341,Clin + Radiomics,0.20354267635670012,0.0710792199028476
342,Clin + Radiomics,0.1143234666684224,0.0794733812283784
343,Clin + Radiomics,0.12260446318276051,0.05859400639512188
344,Clin + Radiomics,0.1288413476670259,0.09957988286209377
345,Clin + Radiomics,0.1307697664435823,0.06599429657699353
346,Clin + Radiomics,0.14706621820401508,0.09676974825244028
347,Clin + Radiomics,0.20426340309594745,0.07037484784121635
348,Clin + Radiomics,0.18650853722860586,0.09870912745233176
349,Clin + Radiomics,0.18744922009334358,0.06312842393375845
350,Clin + Radiomics,0.13961489346428907,0.07899698746854038
351,Clin + Radiomics,0.1516318256195788,0.10133633057264378
352,Clin + Radiomics,0.13664668248885575,0.07914803004103803
353,Clin + Radiomics,0.11643818320480456,0.06939465332982722
354,Clin + Radiomics,0.15390039907439607,0.05961814966220114
355,Clin + Radiomics,0.15532694740451788,0.06949257464477501
356,Clin + Radiomics,0.19516957244140143,0.05721719475985278
357,Clin + Radiomics,0.14038230970575893,0.0699352544008208
358,Clin + Radiomics,0.1298766182148157,0.07195524843087196
359,Clin + Radiomics,0.19774658302991044,0.10401536531138054
360,Clin + Radiomics,0.11926116583727393,0.10720541037431476
361,Clin + Radiomics,0.1383004152128848,0.11120654054377999
362,Clin + Radiomics,0.13010288026855352,0.058525594654178156
363,Clin + Radiomics,0.13415300836862715,0.057057939175192744
364,Clin + Radiomics,0.2193124195912056,0.08662028170560454
365,Clin + Radiomics,0.19644045074126598,0.10376769024262737
366,Clin + Radiomics,0.14069781972839013,0.07368196763946697
367,Clin + Radiomics,0.11912196343922896,0.060133087730442465
368,Clin + Radiomics,0.11711975308109254,0.06541400379976404
369,Clin + Radiomics,0.16429150289322833,0.09289564107961137
370,Clin + Radiomics,0.19602402785552916,0.059403433637351885
1,Clin + BiomedCLIP,0.2079652537115687,0.07369777036565381
2,Clin + BiomedCLIP,0.21203135107959833,0.08763851535908222
3,Clin + BiomedCLIP,0.14129159309595785,0.0963266115514673
4,Clin + BiomedCLIP,0.14065160874956734,0.09341089041468591
5,Clin + BiomedCLIP,0.14615078208307172,0.09380263310335904
6,Clin + BiomedCLIP,0.20573753307892123,0.053826131201586115
7,Clin + BiomedCLIP,0.21703269248446838,0.06968531791833747
8,Clin + BiomedCLIP,0.1410540270115767,0.10468356501146661
9,Clin + BiomedCLIP,0.1546254234020973,0.08499073456852982
10,Clin + BiomedCLIP,0.21454127075887708,0.09023962552090674
11,Clin + BiomedCLIP,0.14255187449478768,0.0958516311805464
12,Clin + BiomedCLIP,0.2087156358104526,0.09152470552994107
13,Clin + BiomedCLIP,0.13493998492942771,0.08596925340319744
14,Clin + BiomedCLIP,0.14858597861710324,0.07744392466928882
15,Clin + BiomedCLIP,0.2031404902773375,0.05445075927022148
16,Clin + BiomedCLIP,0.13792535004709378,0.07143271982244986
17,Clin + BiomedCLIP,0.21513834460109135,0.10502672031699602
18,Clin + BiomedCLIP,0.13653552022183668,0.07344754414778423
19,Clin + BiomedCLIP,0.13330067126763118,0.06898857121025871
20,Clin + BiomedCLIP,0.21181865572707398,0.09246758937434363
21,Clin + BiomedCLIP,0.14644859643919816,0.0745147613141253
22,Clin + BiomedCLIP,0.15279471974969694,0.07193272662046042
23,Clin + BiomedCLIP,0.20185267505650076,0.06707589262287283
24,Clin + BiomedCLIP,0.1374062016691885,0.07278091426393936
25,Clin + BiomedCLIP,0.21172792372632623,0.06869218304376679
26,Clin + BiomedCLIP,0.20640679909856555,0.09079638421145608
27,Clin + BiomedCLIP,0.148878511930989,0.08800738662759687
28,Clin + BiomedCLIP,0.21582256371900302,0.07350853436544165
29,Clin + BiomedCLIP,0.14809596850116666,0.08504364888347825
30,Clin + BiomedCLIP,0.20510470268736725,0.060193913849080294
31,Clin + BiomedCLIP,0.2085798964179421,0.08606914789094261
32,Clin + BiomedCLIP,0.21826203039129838,0.09230321486860815
33,Clin + BiomedCLIP,0.19946788556346157,0.05320526349800378
34,Clin + BiomedCLIP,0.1342596767363835,0.0687184986758402
35,Clin + BiomedCLIP,0.13873319900388767,0.09091232455431494
36,Clin + BiomedCLIP,0.15756311776013954,0.061782707825668436
37,Clin + BiomedCLIP,0.20041397057611154,0.07972342710330856
38,Clin + BiomedCLIP,0.13119321773799428,0.05049147587731513
39,Clin + BiomedCLIP,0.13985812277032034,0.05881525719993988
40,Clin + BiomedCLIP,0.13027413818141928,0.07450866670003005
41,Clin + BiomedCLIP,0.14769936175865156,0.06262171792963461
42,Clin + BiomedCLIP,0.13683813921132212,0.08229380569897604
43,Clin + BiomedCLIP,0.14056155709733428,0.07117668296585974
44,Clin + BiomedCLIP,0.20954158558402444,0.08101600561200997
45,Clin + BiomedCLIP,0.13251035966207583,0.06350187524566608
46,Clin + BiomedCLIP,0.19608346441132052,0.10147926193528078
47,Clin + BiomedCLIP,0.22663285513448406,0.10187915678206527
48,Clin + BiomedCLIP,0.13855982505330153,0.07738554493512673
49,Clin + BiomedCLIP,0.1470157467411412,0.08190277629780668
50,Clin + BiomedCLIP,0.1447899423391927,0.09442429738967432
51,Clin + BiomedCLIP,0.2108077711879954,0.06654687224244471
52,Clin + BiomedCLIP,0.15273175575514591,0.09867536856224261
53,Clin + BiomedCLIP,0.21761806606312134,0.09475750893222612
54,Clin + BiomedCLIP,0.1455580126447011,0.07874576416591024
55,Clin + BiomedCLIP,0.1523361912324864,0.06115374427185913
56,Clin + BiomedCLIP,0.15402660695343895,0.049321123518442485
57,Clin + BiomedCLIP,0.20237696164017568,0.08100240034725352
58,Clin + BiomedCLIP,0.18764530874793914,0.08916776437974003
59,Clin + BiomedCLIP,0.2034975145427751,0.06733170999646824
60,Clin + BiomedCLIP,0.21833512145005496,0.08930078228313411
61,Clin + BiomedCLIP,0.2016085187679919,0.0676276800375994
62,Clin + BiomedCLIP,0.21722340138653493,0.08730224038504923
63,Clin + BiomedCLIP,0.19321933230629051,0.07188990556536555
64,Clin + BiomedCLIP,0.15050037641779176,0.0874351905173772
65,Clin + BiomedCLIP,0.1389003354637167,0.06348151022731478
66,Clin + BiomedCLIP,0.1539519739746509,0.0757830284428945
67,Clin + BiomedCLIP,0.15262941711077765,0.07494745657041507
68,Clin + BiomedCLIP,0.15282713208026835,0.0937275554699676
69,Clin + BiomedCLIP,0.19562693504033282,0.11895992900683942
70,Clin + BiomedCLIP,0.13951705649325216,0.0772638809727299
71,Clin + BiomedCLIP,0.23421044575671734,0.07477071161079676
72,Clin + BiomedCLIP,0.2020238416592363,0.07766986696191497
73,Clin + BiomedCLIP,0.2115746631000468,0.0925703157516921
74,Clin + BiomedCLIP,0.2029096204323609,0.08613870207348169
75,Clin + BiomedCLIP,0.13061966279975168,0.0764263670813004
76,Clin + BiomedCLIP,0.20956666545715247,0.05434749838505084
77,Clin + BiomedCLIP,0.1544982586272677,0.057516178655765755
78,Clin + BiomedCLIP,0.14223319084887132,0.08525356347553542
79,Clin + BiomedCLIP,0.1300322596292497,0.07292062761105665
80,Clin + BiomedCLIP,0.2162997684157859,0.09881133656817105
81,Clin + BiomedCLIP,0.1277323577027285,0.09606190620388692
82,Clin + BiomedCLIP,0.1358923935876066,0.10623621958944703
83,Clin + BiomedCLIP,0.2038263186569403,0.07497598519736313
84,Clin + BiomedCLIP,0.20542666644414018,0.04650711245058508
85,Clin + BiomedCLIP,0.20878349235790225,0.07882803353993238
86,Clin + BiomedCLIP,0.2056583862513497,0.07733574064069117
87,Clin + BiomedCLIP,0.14451980062276354,0.05305764446366895
88,Clin + BiomedCLIP,0.20829713736622138,0.06485167368940907
89,Clin + BiomedCLIP,0.21395774871196033,0.11001828391194549
90,Clin + BiomedCLIP,0.13983103668659372,0.08001831186280482
91,Clin + BiomedCLIP,0.19599928358713173,0.08236766761763079
92,Clin + BiomedCLIP,0.1988195796160358,0.06851774633880522
93,Clin + BiomedCLIP,0.16321042298360117,0.08794279226636065
94,Clin + BiomedCLIP,0.1400889701608495,0.09045744906530293
95,Clin + BiomedCLIP,0.1342572003649482,0.09367475846134901
96,Clin + BiomedCLIP,0.14175124471639056,0.08680962382979254
97,Clin + BiomedCLIP,0.1902083442146044,0.07208043197465046
98,Clin + BiomedCLIP,0.12918078181984266,0.07780054476923137
99,Clin + BiomedCLIP,0.1289140182080886,0.08929603867095809
100,Clin + BiomedCLIP,0.15258542810690734,0.10758917348221102
101,Clin + BiomedCLIP,0.21657305286204426,0.06988990894999883
102,Clin + BiomedCLIP,0.1392819294654809,0.09127309680292951
103,Clin + BiomedCLIP,0.21509447160584452,0.09856505257864652
104,Clin + BiomedCLIP,0.20847224642448886,0.09253776074866951
105,Clin + BiomedCLIP,0.13098139304722886,0.07755400692637668
106,Clin + BiomedCLIP,0.1518885145548961,0.05696712961765139
107,Clin + BiomedCLIP,0.20117724072883714,0.05731571688818947
108,Clin + BiomedCLIP,0.14357585197424855,0.08661528614333108
109,Clin + BiomedCLIP,0.21356604641355273,0.09521163243754063
110,Clin + BiomedCLIP,0.16507906876063774,0.06707692324837262
111,Clin + BiomedCLIP,0.19933979019774212,0.0618019462547569
112,Clin + BiomedCLIP,0.2023226726875944,0.0647846281387461
113,Clin + BiomedCLIP,0.19719931256379644,0.06396204274724306
114,Clin + BiomedCLIP,0.20680263413983027,0.0736500991657117
115,Clin + BiomedCLIP,0.15655976753544706,0.06703652892421254
116,Clin + BiomedCLIP,0.1425534198492732,0.08724292827278855
117,Clin + BiomedCLIP,0.124065209419835,0.0675863617012889
118,Clin + BiomedCLIP,0.12889598143389114,0.05599823994453342
119,Clin + BiomedCLIP,0.15116746521544874,0.08148240163328935
120,Clin + BiomedCLIP,0.15894298058781692,0.06070742841132282
121,Clin + BiomedCLIP,0.19368116710291822,0.07066056794509
122,Clin + BiomedCLIP,0.1531063952521333,0.058453506763091384
123,Clin + BiomedCLIP,0.14326492059276213,0.050716431175123367
124,Clin + BiomedCLIP,0.22306354723728963,0.09841511280236138
125,Clin + BiomedCLIP,0.21927854834646654,0.08799337041521883
126,Clin + BiomedCLIP,0.20239990754166448,0.06926145799909302
127,Clin + BiomedCLIP,0.22304369665288576,0.090065001573985
128,Clin + BiomedCLIP,0.20928746442782828,0.08964327518257727
129,Clin + BiomedCLIP,0.13151342560744175,0.06995558481114322
130,Clin + BiomedCLIP,0.17220130234779704,0.06540783308342715
131,Clin + BiomedCLIP,0.2038596205415136,0.07024288259466359
132,Clin + BiomedCLIP,0.20325545824107202,0.045795070807442585
133,Clin + BiomedCLIP,0.21509936662211165,0.09613679689844581
134,Clin + BiomedCLIP,0.21990485972754997,0.07594656465458408
135,Clin + BiomedCLIP,0.2194741790944056,0.07523438825829473
136,Clin + BiomedCLIP,0.13770929541855914,0.10059083293272753
137,Clin + BiomedCLIP,0.19744649591045857,0.08458056672442776
138,Clin + BiomedCLIP,0.14390200288334007,0.0628295942040194
139,Clin + BiomedCLIP,0.13932498200614735,0.05482341288765223
140,Clin + BiomedCLIP,0.19838717993473406,0.08405838486021039
141,Clin + BiomedCLIP,0.20355575691238945,0.08043128216967424
142,Clin + BiomedCLIP,0.14205327525026945,0.07516430373146182
143,Clin + BiomedCLIP,0.20937835266498087,0.07065416470291759
144,Clin + BiomedCLIP,0.22348048671518275,0.10464170397965282
145,Clin + BiomedCLIP,0.14791613012250207,0.07713293135512825
146,Clin + BiomedCLIP,0.13448966551110395,0.09603834989488391
147,Clin + BiomedCLIP,0.1559462887277243,0.061820390159965107
148,Clin + BiomedCLIP,0.2126543089111211,0.06845256758701612
149,Clin + BiomedCLIP,0.14398103852300936,0.09423791283411084
150,Clin + BiomedCLIP,0.15365545152036625,0.04190633086591871
151,Clin + BiomedCLIP,0.1438260352761515,0.05871453276552595
152,Clin + BiomedCLIP,0.15318757648069617,0.07243415413102994
153,Clin + BiomedCLIP,0.14346446187971626,0.030863636269205096
154,Clin + BiomedCLIP,0.23782517198839292,0.06038604066093519
155,Clin + BiomedCLIP,0.14129640118879758,0.05615942346150861
156,Clin + BiomedCLIP,0.14582425329885712,0.06733061462558354
157,Clin + BiomedCLIP,0.15486611029022487,0.05371520050340924
158,Clin + BiomedCLIP,0.20013349278199902,0.07995822299934642
159,Clin + BiomedCLIP,0.1558351574980757,0.084649061376962
160,Clin + BiomedCLIP,0.15123998807605873,0.07844708411601818
161,Clin + BiomedCLIP,0.16199855620753464,0.04858059177409049
162,Clin + BiomedCLIP,0.1407385112102688,0.09870499643779845
163,Clin + BiomedCLIP,0.20318082295939321,0.08928206292666725
164,Clin + BiomedCLIP,0.12942464020536532,0.08038367491858404
165,Clin + BiomedCLIP,0.1992794158909441,0.07375414047035518
166,Clin + BiomedCLIP,0.14879952188056522,0.07789154910201306
167,Clin + BiomedCLIP,0.20625257021275628,0.08161095282705268
168,Clin + BiomedCLIP,0.202674196708102,0.054587981380884346
169,Clin + BiomedCLIP,0.1357624645813349,0.08871092652969649
170,Clin + BiomedCLIP,0.23031368463415908,0.09396428736904956
171,Clin + BiomedCLIP,0.2057872839553123,0.10255156746287951
172,Clin + BiomedCLIP,0.14855775164470914,0.09247759452067059
173,Clin + BiomedCLIP,0.21069686155254358,0.06728475784894976
174,Clin + BiomedCLIP,0.22225005250451071,0.105371623571338
175,Clin + BiomedCLIP,0.14443138956733984,0.08765943543450651
176,Clin + BiomedCLIP,0.14101337301472097,0.06363644424049945
177,Clin + BiomedCLIP,0.2271847349512397,0.08194652876237768
178,Clin + BiomedCLIP,0.2137526109471624,0.09478856425392884
179,Clin + BiomedCLIP,0.21450836903722495,0.10453858370855194
180,Clin + BiomedCLIP,0.14155199413783068,0.08679697701726391
181,Clin + BiomedCLIP,0.20268151050813515,0.0566131154661223
182,Clin + BiomedCLIP,0.12346535563534171,0.07307249194455555
183,Clin + BiomedCLIP,0.12867470152062607,0.06533730030842429
184,Clin + BiomedCLIP,0.22839664165926066,0.10304775288980043
185,Clin + BiomedCLIP,0.21042624738603813,0.08038115414352777
186,Clin + BiomedCLIP,0.20037864818630374,0.07622116798063341
187,Clin + BiomedCLIP,0.21801898654414723,0.08452901378900017
188,Clin + BiomedCLIP,0.14580114575512976,0.09090879290567654
189,Clin + BiomedCLIP,0.2090658512909088,0.09647379921961453
190,Clin + BiomedCLIP,0.13531737784645598,0.059294343878084924
191,Clin + BiomedCLIP,0.2211819111781183,0.07772256435389907
192,Clin + BiomedCLIP,0.14033119629817056,0.07859785488496165
193,Clin + BiomedCLIP,0.15529887848225518,0.09490696660298568
194,Clin + BiomedCLIP,0.2239106878794486,0.08077075366020765
195,Clin + BiomedCLIP,0.20918263686653918,0.10155169743449652
196,Clin + BiomedCLIP,0.19823582226832953,0.09827581085168433
197,Clin + BiomedCLIP,0.14439587956590944,0.07472509114224249
198,Clin + BiomedCLIP,0.142059879382544,0.08056822803494182
199,Clin + BiomedCLIP,0.13206892799124548,0.04390851125954184
200,Clin + BiomedCLIP,0.2057432377943761,0.09038888354774569
201,Clin + BiomedCLIP,0.12281829985202054,0.07945224872975802
202,Clin + BiomedCLIP,0.14056676494217643,0.0651955473512758
203,Clin + BiomedCLIP,0.1410235833038432,0.0704434285211452
204,Clin + BiomedCLIP,0.13438454056725094,0.08338496615233561
205,Clin + BiomedCLIP,0.20343425652925687,0.07829206502497094
206,Clin + BiomedCLIP,0.2006042575986726,0.09290863774354191
207,Clin + BiomedCLIP,0.2021828909311741,0.06470360231581002
208,Clin + BiomedCLIP,0.15985259562005566,0.07724764886666899
209,Clin + BiomedCLIP,0.14906770147788156,0.09702923338760915
210,Clin + BiomedCLIP,0.14213647774010016,0.04461298206661067
211,Clin + BiomedCLIP,0.1318760572844872,0.07228601758200343
212,Clin + BiomedCLIP,0.21542537434468487,0.0878179537811375
213,Clin + BiomedCLIP,0.20332149282575995,0.057439965743140795
214,Clin + BiomedCLIP,0.1374723407790799,0.06974494937359854
215,Clin + BiomedCLIP,0.14995969267147272,0.07960814119328712
216,Clin + BiomedCLIP,0.14705534604636283,0.07032163687686148
217,Clin + BiomedCLIP,0.19640203110274454,0.07834098222612176
218,Clin + BiomedCLIP,0.14316657181342093,0.07458081222718164
219,Clin + BiomedCLIP,0.209386587972058,0.06774211196280434
220,Clin + BiomedCLIP,0.2147748137336727,0.08782261709585365
221,Clin + BiomedCLIP,0.21869157859822635,0.10276119692617766
222,Clin + BiomedCLIP,0.21203370720022924,0.05441641354835165
223,Clin + BiomedCLIP,0.14032325219723268,0.0526575158732833
224,Clin + BiomedCLIP,0.20644506866444612,0.07116943073878684
225,Clin + BiomedCLIP,0.20711452882182343,0.0728727893266717
226,Clin + BiomedCLIP,0.18820484636571222,0.07448559887477771
227,Clin + BiomedCLIP,0.22179964035131614,0.0968472238589465
228,Clin + BiomedCLIP,0.21699426421324305,0.08340001578929469
229,Clin + BiomedCLIP,0.2037951664571198,0.09291322072754933
230,Clin + BiomedCLIP,0.12372262245408135,0.05935950748708895
231,Clin + BiomedCLIP,0.2157970066534154,0.11403937145038937
232,Clin + BiomedCLIP,0.13287868563563673,0.09774476069082177
233,Clin + BiomedCLIP,0.14033637227627535,0.0755172893648379
234,Clin + BiomedCLIP,0.13952946748431694,0.07114891902388398
235,Clin + BiomedCLIP,0.20621105770693862,0.08154922036770368
236,Clin + BiomedCLIP,0.1382323542762319,0.06972786171751319
237,Clin + BiomedCLIP,0.1831424839760694,0.08729683793036366
238,Clin + BiomedCLIP,0.20243782340635733,0.10505741501670061
239,Clin + BiomedCLIP,0.1868538119199974,0.07038494573157086
240,Clin + BiomedCLIP,0.14381748391415433,0.07147577353940955
241,Clin + BiomedCLIP,0.13526254883291872,0.09137676920017533
242,Clin + BiomedCLIP,0.14520684019535396,0.06109176541970706
243,Clin + BiomedCLIP,0.14583050826399582,0.07911599034652157
244,Clin + BiomedCLIP,0.12988712126705862,0.05806669718953059
245,Clin + BiomedCLIP,0.18943482723921384,0.09089463497400312
246,Clin + BiomedCLIP,0.2126719872637808,0.1081387432165101
247,Clin + BiomedCLIP,0.19877264070026557,0.05804725923336784
248,Clin + BiomedCLIP,0.2086288835450855,0.10044915346060349
249,Clin + BiomedCLIP,0.20136914436918446,0.09320636819304426
250,Clin + BiomedCLIP,0.1498259345473154,0.09708654265834973
251,Clin + BiomedCLIP,0.137661080330544,0.10728229313430165
252,Clin + BiomedCLIP,0.14177827363743847,0.06386890704556919
253,Clin + BiomedCLIP,0.12857496621905778,0.07611171123754339
254,Clin + BiomedCLIP,0.15331015955796787,0.040112028930629776
255,Clin + BiomedCLIP,0.22396380822974335,0.09975987874773308
256,Clin + BiomedCLIP,0.13398436151601756,0.056078610082165074
257,Clin + BiomedCLIP,0.21248782087304083,0.09207232379659346
258,Clin + BiomedCLIP,0.1516861332809277,0.04745478093011635
259,Clin + BiomedCLIP,0.15133306704780924,0.09489155245188924
260,Clin + BiomedCLIP,0.22167036291818815,0.06262108068456207
261,Clin + BiomedCLIP,0.14295868485445784,0.07530424514635951
262,Clin + BiomedCLIP,0.20460200233052087,0.08379553402658683
263,Clin + BiomedCLIP,0.19934669538476646,0.0833850837247724
264,Clin + BiomedCLIP,0.20665789639053053,0.10732691597567662
265,Clin + BiomedCLIP,0.21883670561921936,0.08286096805667191
266,Clin + BiomedCLIP,0.15334230254246511,0.06714924560066295
267,Clin + BiomedCLIP,0.2203606583798226,0.07152211880017172
268,Clin + BiomedCLIP,0.15199138239772259,0.07351220898421523
269,Clin + BiomedCLIP,0.14441690072152624,0.04888370551213443
270,Clin + BiomedCLIP,0.14398036764910474,0.07487307143370577
271,Clin + BiomedCLIP,0.1348292836149531,0.09509205992006527
272,Clin + BiomedCLIP,0.14766366960867092,0.05065110742963914
273,Clin + BiomedCLIP,0.1300086390535007,0.09533466796493527
274,Clin + BiomedCLIP,0.13826585078184087,0.03750639757374766
275,Clin + BiomedCLIP,0.1531719236413413,0.059832078962920254
276,Clin + BiomedCLIP,0.19937387135885393,0.08659176300357366
277,Clin + BiomedCLIP,0.20437397133837013,0.08782190805806443
278,Clin + BiomedCLIP,0.1356565970865044,0.06681491362075179
279,Clin + BiomedCLIP,0.20224698364303975,0.055809197137818116
280,Clin + BiomedCLIP,0.20991874714539832,0.0728200162082377
281,Clin + BiomedCLIP,0.12775998402695396,0.07982327838954166
282,Clin + BiomedCLIP,0.2195911269054932,0.06290906396002274
283,Clin + BiomedCLIP,0.22491984839172321,0.11650405130014625
284,Clin + BiomedCLIP,0.14370639662819062,0.08437444476696827
285,Clin + BiomedCLIP,0.21157856318721066,0.10012733038096518
286,Clin + BiomedCLIP,0.22608412235342903,0.051646442148017786
287,Clin + BiomedCLIP,0.2136051281439602,0.06959249456185333
288,Clin + BiomedCLIP,0.21248178658708003,0.07907828255947973
289,Clin + BiomedCLIP,0.14353646180647847,0.0902202510596849
290,Clin + BiomedCLIP,0.1453879104065703,0.037738866049754356
291,Clin + BiomedCLIP,0.2067414023071357,0.09081328624742095
292,Clin + BiomedCLIP,0.14857934162548245,0.0686154938468563
293,Clin + BiomedCLIP,0.14009437817122886,0.05162605858398545
294,Clin + BiomedCLIP,0.14077000538675324,0.0756538543102922
295,Clin + BiomedCLIP,0.1939841570929209,0.05864738131413249
296,Clin + BiomedCLIP,0.1903020439633079,0.08385730451288576
297,Clin + BiomedCLIP,0.20939982211969943,0.09058012299003279
298,Clin + BiomedCLIP,0.2108945040978733,0.06891635330465902
299,Clin + BiomedCLIP,0.21435866500950415,0.08475307422856082
300,Clin + BiomedCLIP,0.20409072420059693,0.05175017493860206
301,Clin + BiomedCLIP,0.13677428520911805,0.06822041730932978
302,Clin + BiomedCLIP,0.13485243812865885,0.10318051248037527
303,Clin + BiomedCLIP,0.14571002405047348,0.08848229657041574
304,Clin + BiomedCLIP,0.20585881618879823,0.07873320984084035
305,Clin + BiomedCLIP,0.12284533529819774,0.06184655992155665
306,Clin + BiomedCLIP,0.19794570102111633,0.06695140849329898
307,Clin + BiomedCLIP,0.1490441039239702,0.09306308520561869
308,Clin + BiomedCLIP,0.21053364501986319,0.06088614664207453
309,Clin + BiomedCLIP,0.14066266198633512,0.061782533501770605
310,Clin + BiomedCLIP,0.15089199280644758,0.05766741133811531
311,Clin + BiomedCLIP,0.14342548664899932,0.0699938339879564
312,Clin + BiomedCLIP,0.1879063250367067,0.0698110207578698
313,Clin + BiomedCLIP,0.13927690809548673,0.08132871286261352
314,Clin + BiomedCLIP,0.11615247681492823,0.06216750211976445
315,Clin + BiomedCLIP,0.14817489669296163,0.07477369643914594
316,Clin + BiomedCLIP,0.22415371585130942,0.09138029773720227
317,Clin + BiomedCLIP,0.20395178647259174,0.09971211775565965
318,Clin + BiomedCLIP,0.13771923902774347,0.07159489673936711
319,Clin + BiomedCLIP,0.15435620090468524,0.06394654568545363
320,Clin + BiomedCLIP,0.1324449880978648,0.08505487706427554
321,Clin + BiomedCLIP,0.15056532515217716,0.10291091506335248
322,Clin + BiomedCLIP,0.2231294159854599,0.06810860390738369
323,Clin + BiomedCLIP,0.23613046533347146,0.08163923684670776
324,Clin + BiomedCLIP,0.22360369493223045,0.06414066543719633
325,Clin + BiomedCLIP,0.1399688197782284,0.07379568322315465
326,Clin + BiomedCLIP,0.14259389375300216,0.06783558645850715
327,Clin + BiomedCLIP,0.21375871047962472,0.08286810559078478
328,Clin + BiomedCLIP,0.20524129943497946,0.0913025479059871
329,Clin + BiomedCLIP,0.21628044744866365,0.10271778280063226
330,Clin + BiomedCLIP,0.1431826921129003,0.09456161189852356
331,Clin + BiomedCLIP,0.14053530089398727,0.09852206521984953
332,Clin + BiomedCLIP,0.1531399321452681,0.0894316667881065
333,Clin + BiomedCLIP,0.12909710330416346,0.08544406307142494
334,Clin + BiomedCLIP,0.14476318886717948,0.08173682162253665
335,Clin + BiomedCLIP,0.2075431332965258,0.08755736387802213
336,Clin + BiomedCLIP,0.20091371472721217,0.039689742136461786
337,Clin + BiomedCLIP,0.1393970535934829,0.07454742018605229
338,Clin + BiomedCLIP,0.13254140938273007,0.04658730727141722
339,Clin + BiomedCLIP,0.14353679923736426,0.08721494138258631
340,Clin + BiomedCLIP,0.14359082290088182,0.07773023077521084
341,Clin + BiomedCLIP,0.21276629431778066,0.051005193145105016
342,Clin + BiomedCLIP,0.14452234691250213,0.07655984365042245
343,Clin + BiomedCLIP,0.14656192821538563,0.08871534498520905
344,Clin + BiomedCLIP,0.13591923132126768,0.09433833867535929
345,Clin + BiomedCLIP,0.13578592929285863,0.08190496102054799
346,Clin + BiomedCLIP,0.1405883976310715,0.09410513851137256
347,Clin + BiomedCLIP,0.19429449225461204,0.07079354724735518
348,Clin + BiomedCLIP,0.20049343195795816,0.08860502731655945
349,Clin + BiomedCLIP,0.21395170683019457,0.10167199620320076
350,Clin + BiomedCLIP,0.14996043490251765,0.07245611256626072
351,Clin + BiomedCLIP,0.13086269020700309,0.041927958055995335
352,Clin + BiomedCLIP,0.13719766019574448,0.035767381962157715
353,Clin + BiomedCLIP,0.14601670599131347,0.07619371591073722
354,Clin + BiomedCLIP,0.14221907977565598,0.08291674988403452
355,Clin + BiomedCLIP,0.14239081591838149,0.06320789827355722
356,Clin + BiomedCLIP,0.20098000362415874,0.032939225471172694
357,Clin + BiomedCLIP,0.13696718079035666,0.05267927834310373
358,Clin + BiomedCLIP,0.12626666318039373,0.04991084669673118
359,Clin + BiomedCLIP,0.197971420889358,0.09881742945710416
360,Clin + BiomedCLIP,0.1573032282601986,0.11322616106102512
361,Clin + BiomedCLIP,0.1619570170213164,0.07207884496595442
362,Clin + BiomedCLIP,0.13990518960041562,0.06683331478762662
363,Clin + BiomedCLIP,0.13736489435147717,0.0717045315693233
364,Clin + BiomedCLIP,0.18727880924441934,0.08515122020912423
365,Clin + BiomedCLIP,0.19944644670041223,0.0973220413664743
366,Clin + BiomedCLIP,0.16593070065658946,0.0501443507067077
367,Clin + BiomedCLIP,0.14324790208819918,0.06248246614315229
368,Clin + BiomedCLIP,0.13998171431188816,0.09099267012234522
369,Clin + BiomedCLIP,0.15129787955374288,0.06764552310635832
370,Clin + BiomedCLIP,0.19890502923356315,0.09354548115768979
1,Clin + RAD-DINO,0.2367491763218164,0.0878462304319286
2,Clin + RAD-DINO,0.2309452538063097,0.04709659824595781
3,Clin + RAD-DINO,0.1413687826744801,0.058136188477441016
4,Clin + RAD-DINO,0.12748049664816055,0.055764648342100126
5,Clin + RAD-DINO,0.16265842957586488,0.07674312602333433
6,Clin + RAD-DINO,0.230179168848582,0.06707538510002165
7,Clin + RAD-DINO,0.22331386280510754,0.052421636293951676
8,Clin + RAD-DINO,0.15665796318682734,0.08562116152816276
9,Clin + RAD-DINO,0.15674090440844304,0.06860298812717604
10,Clin + RAD-DINO,0.20535797924737087,0.05973764608907356
11,Clin + RAD-DINO,0.13544897902267922,0.052390432077544485
12,Clin + RAD-DINO,0.21171149009514392,0.06574144089382618
13,Clin + RAD-DINO,0.1448646450088954,0.057299144559966805
14,Clin + RAD-DINO,0.14448973102130813,0.07544259219064901
15,Clin + RAD-DINO,0.2127758649624225,0.07996224832360166
16,Clin + RAD-DINO,0.15716667951382202,0.047293044562233585
17,Clin + RAD-DINO,0.20817061775071252,0.062436291934610054
18,Clin + RAD-DINO,0.15407823032347373,0.06990342559293664
19,Clin + RAD-DINO,0.15116521936128333,0.056555964695547786
20,Clin + RAD-DINO,0.21812916640247854,0.0887288574833202
21,Clin + RAD-DINO,0.12846151851546156,0.07924513274544699
22,Clin + RAD-DINO,0.1325208210381684,0.06212048270184521
23,Clin + RAD-DINO,0.20878308172697232,0.05923374150103189
24,Clin + RAD-DINO,0.1501348790798306,0.08546548399729371
25,Clin + RAD-DINO,0.204983969042224,0.0753925222139032
26,Clin + RAD-DINO,0.22159326468364396,0.08340216425075588
27,Clin + RAD-DINO,0.1456329741143105,0.05807099410650063
28,Clin + RAD-DINO,0.2252817257906584,0.06860683904670352
29,Clin + RAD-DINO,0.14235416444955692,0.0926920425181237
30,Clin + RAD-DINO,0.21524789177480996,0.07006583290696018
31,Clin + RAD-DINO,0.21064080024084259,0.06783659704918553
32,Clin + RAD-DINO,0.21776158114737193,0.0802975889600249
33,Clin + RAD-DINO,0.20028499858418503,0.07860394229853852
34,Clin + RAD-DINO,0.17027710840406113,0.08830394909389805
35,Clin + RAD-DINO,0.14194359362301584,0.07049820331780927
36,Clin + RAD-DINO,0.1555425922263341,0.05226643815438317
37,Clin + RAD-DINO,0.21609300155321215,0.06827488837601164
38,Clin + RAD-DINO,0.12246313660487221,0.0672849735047407
39,Clin + RAD-DINO,0.16869616007899746,0.08240392278924111
40,Clin + RAD-DINO,0.14387123986135303,0.04788123869246579
41,Clin + RAD-DINO,0.1497919836081976,0.07173995245106203
42,Clin + RAD-DINO,0.12344893531205353,0.06454239197663648
43,Clin + RAD-DINO,0.1398189757568241,0.09795764714606912
44,Clin + RAD-DINO,0.22344659027942967,0.08056183075717889
45,Clin + RAD-DINO,0.14722175052347866,0.050152237945880536
46,Clin + RAD-DINO,0.20969352865005558,0.06617975424565015
47,Clin + RAD-DINO,0.2121362022062392,0.09765667766984894
48,Clin + RAD-DINO,0.14029344440865119,0.07203010602559876
49,Clin + RAD-DINO,0.1451080019334376,0.05013699606770113
50,Clin + RAD-DINO,0.14495565502729577,0.07325241320588222
51,Clin + RAD-DINO,0.20739975910747038,0.08034799475344227
52,Clin + RAD-DINO,0.15247111680728964,0.07025389502412824
53,Clin + RAD-DINO,0.2228143102541011,0.07414356480643487
54,Clin + RAD-DINO,0.15112913370573075,0.07744481542665933
55,Clin + RAD-DINO,0.14181120174049622,0.06853764742100124
56,Clin + RAD-DINO,0.15561771738230662,0.0746853423982789
57,Clin + RAD-DINO,0.20886727025169471,0.06675121302558473
58,Clin + RAD-DINO,0.21426230216793696,0.059389744397785056
59,Clin + RAD-DINO,0.21199606752733857,0.07074659204272886
60,Clin + RAD-DINO,0.21749203989854102,0.06175134239838897
61,Clin + RAD-DINO,0.22105016182045115,0.07711680602246963
62,Clin + RAD-DINO,0.20481311485848708,0.05988084331438231
63,Clin + RAD-DINO,0.21605020402982106,0.07036704318203336
64,Clin + RAD-DINO,0.16366491284463233,0.042940074391661844
65,Clin + RAD-DINO,0.1432570421850089,0.06354439337183687
66,Clin + RAD-DINO,0.13169279651680008,0.06474714200144305
67,Clin + RAD-DINO,0.1525284231663811,0.08182139670205792
68,Clin + RAD-DINO,0.14221867602914215,0.09545321478371968
69,Clin + RAD-DINO,0.2043324330960303,0.08366384407820762
70,Clin + RAD-DINO,0.12975037097848188,0.07198964851857483
71,Clin + RAD-DINO,0.20125796390803585,0.06883829336877653
72,Clin + RAD-DINO,0.21923228336312692,0.05997474350000807
73,Clin + RAD-DINO,0.1929388657048688,0.05458171178715799
74,Clin + RAD-DINO,0.20426891423198934,0.07876444728459764
75,Clin + RAD-DINO,0.14538774290272738,0.0744125040906272
76,Clin + RAD-DINO,0.20979843596327546,0.052926517761583865
77,Clin + RAD-DINO,0.1285415226973519,0.08102866656596144
78,Clin + RAD-DINO,0.15853434381466697,0.07469581214101391
79,Clin + RAD-DINO,0.1705295305785702,0.07938219986967812
80,Clin + RAD-DINO,0.22574976457529125,0.06636516071578893
81,Clin + RAD-DINO,0.14484439298628657,0.06739094842644952
82,Clin + RAD-DINO,0.151658984667691,0.07409048768292932
83,Clin + RAD-DINO,0.2101426950351204,0.07574181545137217
84,Clin + RAD-DINO,0.23584286279467623,0.053510507474678115
85,Clin + RAD-DINO,0.21683023605822357,0.07366580805565935
86,Clin + RAD-DINO,0.2099584417492397,0.07329541908624207
87,Clin + RAD-DINO,0.16081352017527892,0.05936530939488609
88,Clin + RAD-DINO,0.20604943868212885,0.07896333200879274
89,Clin + RAD-DINO,0.19952845515784126,0.08617889467868176
90,Clin + RAD-DINO,0.14610567240095051,0.06877569156143344
91,Clin + RAD-DINO,0.20957156447112743,0.070412075141988
92,Clin + RAD-DINO,0.22217511830727044,0.06241464339654514
93,Clin + RAD-DINO,0.15748117365247785,0.07769578236908718
94,Clin + RAD-DINO,0.15341857715504015,0.07363589983880764
95,Clin + RAD-DINO,0.14322713934268907,0.0826943360248386
96,Clin + RAD-DINO,0.1482902268417994,0.08929559913087817
97,Clin + RAD-DINO,0.22788788842977925,0.08199705709336241
98,Clin + RAD-DINO,0.1428249361693217,0.05790692136537332
99,Clin + RAD-DINO,0.13860221434536898,0.06176198454819197
100,Clin + RAD-DINO,0.14977830223704366,0.08258762324584804
101,Clin + RAD-DINO,0.2136833654485921,0.07365817798923441
102,Clin + RAD-DINO,0.14904711961752112,0.09063329716565605
103,Clin + RAD-DINO,0.20566692430070213,0.07338215203529008
104,Clin + RAD-DINO,0.20977932147661194,0.05128261936110587
105,Clin + RAD-DINO,0.16304976900905968,0.07731550104639918
106,Clin + RAD-DINO,0.17638465316644222,0.09080724753332448
107,Clin + RAD-DINO,0.22909160417126773,0.08507609683342633
108,Clin + RAD-DINO,0.14168703926175508,0.05708608727088213
109,Clin + RAD-DINO,0.23861514182386723,0.0656933367000357
110,Clin + RAD-DINO,0.14146231186508515,0.07198950651190923
111,Clin + RAD-DINO,0.20819154970236084,0.08136865970191506
112,Clin + RAD-DINO,0.21689030945268825,0.08123760496490602
113,Clin + RAD-DINO,0.21071703229639283,0.07677171950821739
114,Clin + RAD-DINO,0.20658668633158872,0.0626606366394346
115,Clin + RAD-DINO,0.14992165834138657,0.06460305594340068
116,Clin + RAD-DINO,0.14808226102252425,0.06524668372018574
117,Clin + RAD-DINO,0.1350456853256062,0.08309273864264094
118,Clin + RAD-DINO,0.1623140534018988,0.06830353537360592
119,Clin + RAD-DINO,0.16078719661807991,0.09680541120737866
120,Clin + RAD-DINO,0.16477903383268638,0.06293665401985647
121,Clin + RAD-DINO,0.22656927083964673,0.06929915620500143
122,Clin + RAD-DINO,0.13960202513506467,0.06759191363371934
123,Clin + RAD-DINO,0.16436493109979156,0.062258258620557734
124,Clin + RAD-DINO,0.20726514837564547,0.06393920630858392
125,Clin + RAD-DINO,0.2116883764601307,0.08248524207735267
126,Clin + RAD-DINO,0.19780058669817108,0.0707955796560233
127,Clin + RAD-DINO,0.2101173032884282,0.06423023852443333
128,Clin + RAD-DINO,0.2296771499371023,0.08821081689729426
129,Clin + RAD-DINO,0.1330335524215246,0.06851864894896403
130,Clin + RAD-DINO,0.1747070817335378,0.06351910671611014
131,Clin + RAD-DINO,0.23171538134710806,0.08244354002263134
132,Clin + RAD-DINO,0.20731874369187273,0.07547170527262534
133,Clin + RAD-DINO,0.21329323492761848,0.08502589109569172
134,Clin + RAD-DINO,0.22570854615875835,0.07686316644552008
135,Clin + RAD-DINO,0.21514041224740243,0.08224981868943587
136,Clin + RAD-DINO,0.15062993396211272,0.059708954994157536
137,Clin + RAD-DINO,0.2066339971266341,0.06847379251977305
138,Clin + RAD-DINO,0.12724140585925456,0.07839760638746697
139,Clin + RAD-DINO,0.156559455853202,0.06447494333487008
140,Clin + RAD-DINO,0.2152450614516585,0.07160877364951958
141,Clin + RAD-DINO,0.21792005831593725,0.05362435176257736
142,Clin + RAD-DINO,0.1378444045886636,0.066028110902497
143,Clin + RAD-DINO,0.19671598090187037,0.0693649346503922
144,Clin + RAD-DINO,0.2044518211784704,0.06407624041678098
145,Clin + RAD-DINO,0.17489782835067808,0.06736612391162214
146,Clin + RAD-DINO,0.14836016634925533,0.06896687485847389
147,Clin + RAD-DINO,0.14883460711112897,0.08300242493898871
148,Clin + RAD-DINO,0.20103426965751794,0.07247724891896637
149,Clin + RAD-DINO,0.15953452990596298,0.059500691891457874
150,Clin + RAD-DINO,0.1681164982972118,0.06201119170673636
151,Clin + RAD-DINO,0.14619275127088416,0.08765544063710165
152,Clin + RAD-DINO,0.1458764961092298,0.06594013875752176
153,Clin + RAD-DINO,0.13169961586653425,0.07770071615513129
154,Clin + RAD-DINO,0.21837071161342053,0.07086627448348913
155,Clin + RAD-DINO,0.1660731893116024,0.0928544079766508
156,Clin + RAD-DINO,0.1592632149190515,0.060132504712242074
157,Clin + RAD-DINO,0.16567973030228003,0.06793877316597477
158,Clin + RAD-DINO,0.221384946848273,0.08529262244413145
159,Clin + RAD-DINO,0.1468397029966381,0.06485728984230485
160,Clin + RAD-DINO,0.14850729175251465,0.07076818846088426
161,Clin + RAD-DINO,0.1324403049145934,0.058459248094977434
162,Clin + RAD-DINO,0.14361984801978903,0.07119678232261004
163,Clin + RAD-DINO,0.21422268918405613,0.08305963498460972
164,Clin + RAD-DINO,0.15365909869017536,0.07743447131890825
165,Clin + RAD-DINO,0.18700417600198332,0.088332065212911
166,Clin + RAD-DINO,0.1321984017056091,0.05737427303906873
167,Clin + RAD-DINO,0.20594724122846655,0.0693814021243704
168,Clin + RAD-DINO,0.21079757298089197,0.05400906723862395
169,Clin + RAD-DINO,0.1421552880722416,0.08834982639072567
170,Clin + RAD-DINO,0.21852999889538982,0.10054210653788086
171,Clin + RAD-DINO,0.20476466837465943,0.06225779481164108
172,Clin + RAD-DINO,0.13910679608204615,0.05779207625099526
173,Clin + RAD-DINO,0.20873806355393698,0.056544382263271784
174,Clin + RAD-DINO,0.21338145634250782,0.08933401001751849
175,Clin + RAD-DINO,0.14015215402775888,0.08769815394238362
176,Clin + RAD-DINO,0.161855099475392,0.04961791926763797
177,Clin + RAD-DINO,0.2117439932411471,0.07293898764077754
178,Clin + RAD-DINO,0.209294968346499,0.05607196082374918
179,Clin + RAD-DINO,0.20834583800975626,0.06013187751126323
180,Clin + RAD-DINO,0.14725486249330796,0.07069597392513131
181,Clin + RAD-DINO,0.19792571410679516,0.05596772219589685
182,Clin + RAD-DINO,0.16121979760632713,0.07555892655147073
183,Clin + RAD-DINO,0.16493074078509332,0.07003052663135176
184,Clin + RAD-DINO,0.20041067609179433,0.08251301878590957
185,Clin + RAD-DINO,0.19146949760473736,0.06355565478533672
186,Clin + RAD-DINO,0.20970401468690927,0.05883974944476101
187,Clin + RAD-DINO,0.22077734982902458,0.08310016645129167
188,Clin + RAD-DINO,0.176352015866455,0.05907794690553515
189,Clin + RAD-DINO,0.20461255178403304,0.06446694498412388
190,Clin + RAD-DINO,0.14179839974577826,0.06978864190046635
191,Clin + RAD-DINO,0.20846585282334676,0.07163185491165525
192,Clin + RAD-DINO,0.14252165780447343,0.052248755210312206
193,Clin + RAD-DINO,0.1528304579857222,0.08035101382448763
194,Clin + RAD-DINO,0.24045282894340556,0.0651346291559311
195,Clin + RAD-DINO,0.21523327296752554,0.07550611141558146
196,Clin + RAD-DINO,0.2001686561723929,0.0837729286769624
197,Clin + RAD-DINO,0.16083829894562623,0.05304650249869132
198,Clin + RAD-DINO,0.15391922577423128,0.08002866675238236
199,Clin + RAD-DINO,0.15798194337681043,0.09891476198141208
200,Clin + RAD-DINO,0.23366489517259903,0.06944543903482611
201,Clin + RAD-DINO,0.1411577763230468,0.07498087859549232
202,Clin + RAD-DINO,0.15819944903735195,0.053988778363423785
203,Clin + RAD-DINO,0.15201955173943682,0.07666017714771348
204,Clin + RAD-DINO,0.14128515922983542,0.06667189150779188
205,Clin + RAD-DINO,0.21570228353382048,0.06922894642988825
206,Clin + RAD-DINO,0.2381758519804876,0.07895297121933843
207,Clin + RAD-DINO,0.22440993958531327,0.08364796288566594
208,Clin + RAD-DINO,0.14000105491649648,0.06606901181541089
209,Clin + RAD-DINO,0.1694870116908939,0.059831185273986995
210,Clin + RAD-DINO,0.1383491863317448,0.07650363313377231
211,Clin + RAD-DINO,0.16012419042663545,0.06662734719457013
212,Clin + RAD-DINO,0.2075560456671375,0.07051043321927918
213,Clin + RAD-DINO,0.21722225004403597,0.06617990934105782
214,Clin + RAD-DINO,0.14679477077333933,0.06845586533964845
215,Clin + RAD-DINO,0.17048182995016112,0.05438651751155261
216,Clin + RAD-DINO,0.157757522709341,0.06040031678389589
217,Clin + RAD-DINO,0.22550709478296785,0.05270687632456959
218,Clin + RAD-DINO,0.15666382235706464,0.07261519300509107
219,Clin + RAD-DINO,0.22198675239163665,0.07075419419063188
220,Clin + RAD-DINO,0.22342538470749904,0.06073002588307739
221,Clin + RAD-DINO,0.22614194296710594,0.08451028490792402
222,Clin + RAD-DINO,0.22207159578146976,0.04810789262604716
223,Clin + RAD-DINO,0.1558557765869469,0.07859923149222867
224,Clin + RAD-DINO,0.214962945879891,0.0927486997945232
225,Clin + RAD-DINO,0.2219914800356522,0.0799604375405493
226,Clin + RAD-DINO,0.2122426309700379,0.05868522877272194
227,Clin + RAD-DINO,0.20910051673970723,0.07881948800697465
228,Clin + RAD-DINO,0.20623523040986602,0.08011627053965134
229,Clin + RAD-DINO,0.20591753355746162,0.07145796547751877
230,Clin + RAD-DINO,0.15375651149577138,0.08061204745036109
231,Clin + RAD-DINO,0.21774563167715902,0.0893627007210676
232,Clin + RAD-DINO,0.15845985659923625,0.05920434806213961
233,Clin + RAD-DINO,0.1458180925128043,0.08312661377410648
234,Clin + RAD-DINO,0.14001098383534716,0.0706121789388971
235,Clin + RAD-DINO,0.20299540596363871,0.0774247014905061
236,Clin + RAD-DINO,0.13674787140679132,0.05822083692167763
237,Clin + RAD-DINO,0.20697383259663904,0.0739349967626154
238,Clin + RAD-DINO,0.23979439268862435,0.0768237695323096
239,Clin + RAD-DINO,0.20261221323023104,0.04629120130035036
240,Clin + RAD-DINO,0.14546491037256465,0.06288345912809312
241,Clin + RAD-DINO,0.1601801366931069,0.05498333650726394
242,Clin + RAD-DINO,0.1582041231029942,0.06429681639124026
243,Clin + RAD-DINO,0.15454948070363855,0.09302343783726907
244,Clin + RAD-DINO,0.1474162533693546,0.059467979098268745
245,Clin + RAD-DINO,0.2126353657777762,0.0770771517640273
246,Clin + RAD-DINO,0.2140208942558941,0.08245664353129037
247,Clin + RAD-DINO,0.21977911420861032,0.06996655208924275
248,Clin + RAD-DINO,0.23021380963499272,0.07094403195828333
249,Clin + RAD-DINO,0.22614582527393354,0.06484809839172297
250,Clin + RAD-DINO,0.1687258317210745,0.06019011880131171
251,Clin + RAD-DINO,0.14853249820630737,0.07743926980832266
252,Clin + RAD-DINO,0.16038772935588555,0.05569056968958636
253,Clin + RAD-DINO,0.145462629609492,0.07858599486364351
254,Clin + RAD-DINO,0.1609823525343414,0.05976624254081034
255,Clin + RAD-DINO,0.21210080546052498,0.047113349892324394
256,Clin + RAD-DINO,0.15813023935466433,0.08059174173161582
257,Clin + RAD-DINO,0.21389383238620194,0.09778930449568807
258,Clin + RAD-DINO,0.17573004209496,0.08188469097051132
259,Clin + RAD-DINO,0.14697281596803732,0.10029537578758142
260,Clin + RAD-DINO,0.20975994744842807,0.07215644398059928
261,Clin + RAD-DINO,0.14088159415863807,0.06386392125610107
262,Clin + RAD-DINO,0.18976368376732844,0.08935950860968737
263,Clin + RAD-DINO,0.20579978387900114,0.08178268812000697
264,Clin + RAD-DINO,0.22261002744124062,0.07758181227089307
265,Clin + RAD-DINO,0.20685504020024906,0.09106981886409798
266,Clin + RAD-DINO,0.14431117734791082,0.06817089354437747
267,Clin + RAD-DINO,0.2026323373553668,0.07198488333170946
268,Clin + RAD-DINO,0.14147327567527831,0.083528914965863
269,Clin + RAD-DINO,0.1436663210789144,0.04177131952516922
270,Clin + RAD-DINO,0.13602002294309967,0.04236508765147883
271,Clin + RAD-DINO,0.13841125261437204,0.0826627068638711
272,Clin + RAD-DINO,0.1647207713538597,0.06221701033048293
273,Clin + RAD-DINO,0.1668673097902513,0.08274798322773777
274,Clin + RAD-DINO,0.13174790978494172,0.06669464912851555
275,Clin + RAD-DINO,0.13293451068091985,0.06784204417608614
276,Clin + RAD-DINO,0.22230332287426183,0.08704033153112366
277,Clin + RAD-DINO,0.2177360517994142,0.05593447317762783
278,Clin + RAD-DINO,0.12892595953540317,0.07812214236762798
279,Clin + RAD-DINO,0.20839016783113187,0.06697254635459589
280,Clin + RAD-DINO,0.21201424150500284,0.08770130502850712
281,Clin + RAD-DINO,0.12265870683931383,0.07206132460630714
282,Clin + RAD-DINO,0.20300298457451774,0.07662909444594397
283,Clin + RAD-DINO,0.24762653544745342,0.07433267692376454
284,Clin + RAD-DINO,0.13913290793298067,0.06769233385549524
285,Clin + RAD-DINO,0.2232420874460407,0.09705136308204858
286,Clin + RAD-DINO,0.20194245859970378,0.07519207587275892
287,Clin + RAD-DINO,0.23531651896630454,0.07294408315774563
288,Clin + RAD-DINO,0.21823742329314727,0.08006580369917501
289,Clin + RAD-DINO,0.14326385914405207,0.07302842187583326
290,Clin + RAD-DINO,0.14282483525248443,0.05634710441150813
291,Clin + RAD-DINO,0.20866434124121705,0.06895806774741843
292,Clin + RAD-DINO,0.16390134866230227,0.07506268316859374
293,Clin + RAD-DINO,0.13961280933965728,0.05794838013504211
294,Clin + RAD-DINO,0.13420553105582686,0.08733613872743762
295,Clin + RAD-DINO,0.23240539641421754,0.08684034685511878
296,Clin + RAD-DINO,0.22750470356468555,0.07756192322452948
297,Clin + RAD-DINO,0.20831476557498427,0.09280752865750662
298,Clin + RAD-DINO,0.22051180966363532,0.07607716222280383
299,Clin + RAD-DINO,0.22480708098567737,0.06561801483348689
300,Clin + RAD-DINO,0.21883370571635605,0.07728915123616921
301,Clin + RAD-DINO,0.1401842861313957,0.06162028414076929
302,Clin + RAD-DINO,0.152184237091584,0.058619618509324914
303,Clin + RAD-DINO,0.1655157458053712,0.06854957024389063
304,Clin + RAD-DINO,0.23928540510328997,0.07232442593396142
305,Clin + RAD-DINO,0.14307340418861206,0.07336131953511502
306,Clin + RAD-DINO,0.2075414173669908,0.08666930597586278
307,Clin + RAD-DINO,0.16111819612776923,0.06199420142234882
308,Clin + RAD-DINO,0.20458105980855013,0.06372491493427443
309,Clin + RAD-DINO,0.1323397214882164,0.06607995754029386
310,Clin + RAD-DINO,0.14010986536353148,0.07692174402105134
311,Clin + RAD-DINO,0.1395190325805165,0.05430571456191963
312,Clin + RAD-DINO,0.22135092939862458,0.08299391828963175
313,Clin + RAD-DINO,0.14139969621219686,0.06823617968417203
314,Clin + RAD-DINO,0.13958253104072219,0.08387642327488447
315,Clin + RAD-DINO,0.15657574031074403,0.07641160845256975
316,Clin + RAD-DINO,0.18354146022608195,0.07926273127920692
317,Clin + RAD-DINO,0.21960009705500114,0.06140335653602918
318,Clin + RAD-DINO,0.15207648492878914,0.0712253764116595
319,Clin + RAD-DINO,0.15068218307010012,0.07876953681845468
320,Clin + RAD-DINO,0.14947099382647072,0.0592545486957162
321,Clin + RAD-DINO,0.16918845858032963,0.08844067227343812
322,Clin + RAD-DINO,0.19412571949556515,0.07368274147177958
323,Clin + RAD-DINO,0.21392174782731405,0.05697061419437732
324,Clin + RAD-DINO,0.2321298527390761,0.05997863021952594
325,Clin + RAD-DINO,0.15786010602813777,0.06885147022063508
326,Clin + RAD-DINO,0.16773156016785945,0.06432912104568193
327,Clin + RAD-DINO,0.20530743594625864,0.050149495014556185
328,Clin + RAD-DINO,0.20257961904620553,0.09689504852502864
329,Clin + RAD-DINO,0.22682666395755938,0.07767733446393436
330,Clin + RAD-DINO,0.17056428055772113,0.07038936047115411
331,Clin + RAD-DINO,0.14770138876309657,0.06680031923768645
332,Clin + RAD-DINO,0.13144428648240353,0.07127319728725713
333,Clin + RAD-DINO,0.13731187197371703,0.062410722004246494
334,Clin + RAD-DINO,0.15984747321928844,0.06823965254026255
335,Clin + RAD-DINO,0.21854133283312793,0.05587593517694667
336,Clin + RAD-DINO,0.20751241411894214,0.07725635412775536
337,Clin + RAD-DINO,0.14017681376411967,0.08793687494910855
338,Clin + RAD-DINO,0.16629339494327514,0.05715919051995689
339,Clin + RAD-DINO,0.1523420521116145,0.0460976743818611
340,Clin + RAD-DINO,0.15181221539675147,0.07033275176332965
341,Clin + RAD-DINO,0.2264723417957504,0.08983706557055894
342,Clin + RAD-DINO,0.16290591135978497,0.06863944401700864
343,Clin + RAD-DINO,0.13813510390409153,0.06912510723108986
344,Clin + RAD-DINO,0.12970760521707708,0.07255788404229899
345,Clin + RAD-DINO,0.14150533221431802,0.06553000483934932
346,Clin + RAD-DINO,0.1369411184359216,0.07285443902551976
347,Clin + RAD-DINO,0.24394502295449996,0.057899810389516415
348,Clin + RAD-DINO,0.22398178274465216,0.07301504632232018
349,Clin + RAD-DINO,0.2190441653114555,0.07255767901479183
350,Clin + RAD-DINO,0.13685842072209234,0.09210043926749092
351,Clin + RAD-DINO,0.1502032520940894,0.05987385285840908
352,Clin + RAD-DINO,0.13494473902252907,0.061641283737831044
353,Clin + RAD-DINO,0.16100698392027893,0.05805372729623312
354,Clin + RAD-DINO,0.1558381523491638,0.06878844612841445
355,Clin + RAD-DINO,0.14433478082074253,0.07455527035438411
356,Clin + RAD-DINO,0.2127434159741673,0.057905105287547935
357,Clin + RAD-DINO,0.14253856415088384,0.0701058673564813
358,Clin + RAD-DINO,0.12895227687074512,0.06354864104403203
359,Clin + RAD-DINO,0.19937166768610132,0.05752790527215062
360,Clin + RAD-DINO,0.1448407314802532,0.08664714986219742
361,Clin + RAD-DINO,0.16158642521044123,0.07210009792942154
362,Clin + RAD-DINO,0.1461006931669563,0.06666882980570313
363,Clin + RAD-DINO,0.1676160450573477,0.06705355195223059
364,Clin + RAD-DINO,0.2118538540492313,0.08916389759426842
365,Clin + RAD-DINO,0.23992435290651715,0.07422741156579837
366,Clin + RAD-DINO,0.13673491200053528,0.06479775031118519
367,Clin + RAD-DINO,0.13931833747456673,0.09058654205282753
368,Clin + RAD-DINO,0.14497206890828093,0.07859657434924933
369,Clin + RAD-DINO,0.16013700540021325,0.05604679047958188
370,Clin + RAD-DINO,0.2069009094581777,0.07126649795268257
1,Clin + Rad + BiomedCLIP,0.19213494352567545,0.08389318798163696
2,Clin + Rad + BiomedCLIP,0.19876524051239128,0.08108222613069015
3,Clin + Rad + BiomedCLIP,0.15354731866932628,0.10138943068168378
4,Clin + Rad + BiomedCLIP,0.14413434393999655,0.08844555206729988
5,Clin + Rad + BiomedCLIP,0.15581470350512264,0.07627549985058862
6,Clin + Rad + BiomedCLIP,0.1813476813945178,0.05893650829257495
7,Clin + Rad + BiomedCLIP,0.19598574133005012,0.07979862979771274
8,Clin + Rad + BiomedCLIP,0.14598675095307,0.10359312644294201
9,Clin + Rad + BiomedCLIP,0.14973578350916714,0.0804529043997881
10,Clin + Rad + BiomedCLIP,0.20136962707629544,0.07069799791679851
11,Clin + Rad + BiomedCLIP,0.14773234175367564,0.08749592309219657
12,Clin + Rad + BiomedCLIP,0.1967208973430222,0.08833591039200676
13,Clin + Rad + BiomedCLIP,0.14514608771440526,0.0725638393609163
14,Clin + Rad + BiomedCLIP,0.14569479186204784,0.07981992914494172
15,Clin + Rad + BiomedCLIP,0.1957233869095789,0.0651496844176245
16,Clin + Rad + BiomedCLIP,0.13867832650066314,0.07787683399720884
17,Clin + Rad + BiomedCLIP,0.19409151143423262,0.10274605135832848
18,Clin + Rad + BiomedCLIP,0.15300600782790424,0.06948352983704818
19,Clin + Rad + BiomedCLIP,0.14029636655956648,0.07991505898558797
20,Clin + Rad + BiomedCLIP,0.19803501141832833,0.09259853086991304
21,Clin + Rad + BiomedCLIP,0.1488482029444948,0.08367504459996998
22,Clin + Rad + BiomedCLIP,0.1485667023153446,0.056208195369704825
23,Clin + Rad + BiomedCLIP,0.1846641293692652,0.07719066728370248
24,Clin + Rad + BiomedCLIP,0.13297249619044735,0.06961389308444002
25,Clin + Rad + BiomedCLIP,0.1916969592657953,0.07239331820334864
26,Clin + Rad + BiomedCLIP,0.19681274179084657,0.09799586187630438
27,Clin + Rad + BiomedCLIP,0.14403424654109506,0.0781458672146983
28,Clin + Rad + BiomedCLIP,0.20159888418958183,0.06452786185264028
29,Clin + Rad + BiomedCLIP,0.14647867462766356,0.08204426418203278
30,Clin + Rad + BiomedCLIP,0.18731211723617078,0.06418934878473306
31,Clin + Rad + BiomedCLIP,0.20104813678968922,0.0703578684508842
32,Clin + Rad + BiomedCLIP,0.21059102718116363,0.07646542555150747
33,Clin + Rad + BiomedCLIP,0.19060932688769155,0.05652705182731725
34,Clin + Rad + BiomedCLIP,0.12816736072851087,0.07244270507200423
35,Clin + Rad + BiomedCLIP,0.1390236691678552,0.08355463178783921
36,Clin + Rad + BiomedCLIP,0.1486352157576951,0.05880045543288593
37,Clin + Rad + BiomedCLIP,0.18591487902437615,0.08882807174253587
38,Clin + Rad + BiomedCLIP,0.15514422635852096,0.06287165129358992
39,Clin + Rad + BiomedCLIP,0.14799475446078444,0.056666427195511127
40,Clin + Rad + BiomedCLIP,0.14428694492364788,0.06743010395849343
41,Clin + Rad + BiomedCLIP,0.15456385154683275,0.051396429060043894
42,Clin + Rad + BiomedCLIP,0.15084937944457055,0.08721599672058684
43,Clin + Rad + BiomedCLIP,0.1503192918740103,0.08983183646072672
44,Clin + Rad + BiomedCLIP,0.19385061460491218,0.08973789392035679
45,Clin + Rad + BiomedCLIP,0.1317187488513882,0.05471856617858371
46,Clin + Rad + BiomedCLIP,0.18913547379162493,0.09457861375097712
47,Clin + Rad + BiomedCLIP,0.19959734948584754,0.0935627601483676
48,Clin + Rad + BiomedCLIP,0.14556700945431156,0.06946294604142464
49,Clin + Rad + BiomedCLIP,0.17066297820264695,0.08449139681250313
50,Clin + Rad + BiomedCLIP,0.1435757430163167,0.07326904890943228
51,Clin + Rad + BiomedCLIP,0.19962888403724818,0.08184324427154677
52,Clin + Rad + BiomedCLIP,0.16594842506456603,0.09535159717449927
53,Clin + Rad + BiomedCLIP,0.19046103348292767,0.07650662288607163
54,Clin + Rad + BiomedCLIP,0.1364391839997761,0.08059413316817071
55,Clin + Rad + BiomedCLIP,0.14401862263133103,0.05809393393577681
56,Clin + Rad + BiomedCLIP,0.14273260979369373,0.05067651719932362
57,Clin + Rad + BiomedCLIP,0.1949839066080785,0.08109715915309096
58,Clin + Rad + BiomedCLIP,0.19090119541042597,0.08445035902869245
59,Clin + Rad + BiomedCLIP,0.1996672686065129,0.0784641930196782
60,Clin + Rad + BiomedCLIP,0.20521791775583367,0.07446496548818779
61,Clin + Rad + BiomedCLIP,0.1878775119503526,0.07695401705244284
62,Clin + Rad + BiomedCLIP,0.19518165062807688,0.08664467278230568
63,Clin + Rad + BiomedCLIP,0.17986716175576994,0.06412068737127392
64,Clin + Rad + BiomedCLIP,0.15007120498989532,0.08161698111384116
65,Clin + Rad + BiomedCLIP,0.13894488572482033,0.05837198060572614
66,Clin + Rad + BiomedCLIP,0.16240132000929858,0.07007749295211298
67,Clin + Rad + BiomedCLIP,0.14879165190098642,0.08664725275040697
68,Clin + Rad + BiomedCLIP,0.16296954565010083,0.1039369052371717
69,Clin + Rad + BiomedCLIP,0.20399770704056325,0.1153696304848832
70,Clin + Rad + BiomedCLIP,0.15627603647982977,0.06574398099790066
71,Clin + Rad + BiomedCLIP,0.2093687067581812,0.08310405616367518
72,Clin + Rad + BiomedCLIP,0.2022033927759542,0.06485104233138433
73,Clin + Rad + BiomedCLIP,0.19506673338258615,0.09172471420828784
74,Clin + Rad + BiomedCLIP,0.20259074576151043,0.0787148293069112
75,Clin + Rad + BiomedCLIP,0.14192126971282296,0.08173732211843236
76,Clin + Rad + BiomedCLIP,0.18402090932750365,0.06300620867412236
77,Clin + Rad + BiomedCLIP,0.15355625526191005,0.06122667294460889
78,Clin + Rad + BiomedCLIP,0.14641733655290398,0.08530094274334547
79,Clin + Rad + BiomedCLIP,0.14309890094004737,0.08095093988166346
80,Clin + Rad + BiomedCLIP,0.20225916149240855,0.11474741550408413
81,Clin + Rad + BiomedCLIP,0.1341981142933603,0.10349199192168256
82,Clin + Rad + BiomedCLIP,0.14459763161750683,0.10612090085063491
83,Clin + Rad + BiomedCLIP,0.20256336643061543,0.09382769471952013
84,Clin + Rad + BiomedCLIP,0.17871987929819144,0.04982634427206225
85,Clin + Rad + BiomedCLIP,0.2015662605171894,0.07533613743611668
86,Clin + Rad + BiomedCLIP,0.19955298345679992,0.07881732400100652
87,Clin + Rad + BiomedCLIP,0.14913858117774523,0.05769520637450844
88,Clin + Rad + BiomedCLIP,0.20641293620241277,0.052969799578277216
89,Clin + Rad + BiomedCLIP,0.20164787874454698,0.09167772793538559
90,Clin + Rad + BiomedCLIP,0.15087333253284232,0.07440413601805472
91,Clin + Rad + BiomedCLIP,0.19709628962609707,0.08545879917609181
92,Clin + Rad + BiomedCLIP,0.18238622034623514,0.0763414518430198
93,Clin + Rad + BiomedCLIP,0.15554806092594986,0.07724273790909782
94,Clin + Rad + BiomedCLIP,0.1462670431205259,0.09718771830271938
95,Clin + Rad + BiomedCLIP,0.1474477001140925,0.09096572249190236
96,Clin + Rad + BiomedCLIP,0.15518353222408487,0.09554569093958362
97,Clin + Rad + BiomedCLIP,0.17111714636059355,0.07688534380289389
98,Clin + Rad + BiomedCLIP,0.1393308065177957,0.08493725303730332
99,Clin + Rad + BiomedCLIP,0.13591564519011534,0.08236136255150837
100,Clin + Rad + BiomedCLIP,0.1719750500240773,0.10517743696315465
101,Clin + Rad + BiomedCLIP,0.20891915124678068,0.07476713400469395
102,Clin + Rad + BiomedCLIP,0.1548500961682055,0.07244570056147319
103,Clin + Rad + BiomedCLIP,0.22482897746843591,0.0927172999089322
104,Clin + Rad + BiomedCLIP,0.20329133774581168,0.07989503685339915
105,Clin + Rad + BiomedCLIP,0.14533589469836092,0.06982717521587262
106,Clin + Rad + BiomedCLIP,0.15116047787181078,0.06801151442710363
107,Clin + Rad + BiomedCLIP,0.20181273617913104,0.0748947566885496
108,Clin + Rad + BiomedCLIP,0.15314132018191345,0.1028949586409955
109,Clin + Rad + BiomedCLIP,0.20571246131464271,0.09579136941282292
110,Clin + Rad + BiomedCLIP,0.15996801575584718,0.0726674912635878
111,Clin + Rad + BiomedCLIP,0.18825050914818914,0.058400459095470536
112,Clin + Rad + BiomedCLIP,0.1894790969082719,0.07359817377042724
113,Clin + Rad + BiomedCLIP,0.2005189514065212,0.06895683302944584
114,Clin + Rad + BiomedCLIP,0.20130708975142733,0.08320692731428955
115,Clin + Rad + BiomedCLIP,0.1531420071590335,0.06291915822180927
116,Clin + Rad + BiomedCLIP,0.150136598308843,0.08461559870847336
117,Clin + Rad + BiomedCLIP,0.12389381622709116,0.06906818775101152
118,Clin + Rad + BiomedCLIP,0.1330383035540893,0.06625269320806754
119,Clin + Rad + BiomedCLIP,0.15401001439126707,0.08512033722866763
120,Clin + Rad + BiomedCLIP,0.16022425630738896,0.057970266859417176
121,Clin + Rad + BiomedCLIP,0.1849787864655585,0.06420165109017732
122,Clin + Rad + BiomedCLIP,0.15373652222112102,0.05909706555967064
123,Clin + Rad + BiomedCLIP,0.13932547406081155,0.05259254268377237
124,Clin + Rad + BiomedCLIP,0.20512542505771966,0.08165675382918638
125,Clin + Rad + BiomedCLIP,0.21558085174909883,0.07688835213505647
126,Clin + Rad + BiomedCLIP,0.20105297028233557,0.06751093066743886
127,Clin + Rad + BiomedCLIP,0.20814911172656367,0.06793205284717578
128,Clin + Rad + BiomedCLIP,0.20087151101620604,0.08189445131801434
129,Clin + Rad + BiomedCLIP,0.1433917299970109,0.07662296570682998
130,Clin + Rad + BiomedCLIP,0.16877933534890407,0.06365173183057253
131,Clin + Rad + BiomedCLIP,0.21136126831538873,0.07421751475736672
132,Clin + Rad + BiomedCLIP,0.18454305364823984,0.049512068783230376
133,Clin + Rad + BiomedCLIP,0.18563643922367165,0.0745830582771867
134,Clin + Rad + BiomedCLIP,0.20463903648155587,0.06961495870857583
135,Clin + Rad + BiomedCLIP,0.1958157857560079,0.06336082572954192
136,Clin + Rad + BiomedCLIP,0.12674038929868836,0.071837963238369
137,Clin + Rad + BiomedCLIP,0.19729145349058794,0.08084744575625437
138,Clin + Rad + BiomedCLIP,0.14717140770641268,0.06909016107213908
139,Clin + Rad + BiomedCLIP,0.13905416872576032,0.05793400522672496
140,Clin + Rad + BiomedCLIP,0.2008321137772233,0.09502112764916863
141,Clin + Rad + BiomedCLIP,0.20541440502433506,0.07971360343400072
142,Clin + Rad + BiomedCLIP,0.13629270624678844,0.07568783968265885
143,Clin + Rad + BiomedCLIP,0.20563385311031845,0.0718450583510411
144,Clin + Rad + BiomedCLIP,0.19840605716251675,0.08294998601391276
145,Clin + Rad + BiomedCLIP,0.16287572903087874,0.06808118989832629
146,Clin + Rad + BiomedCLIP,0.14739815732248182,0.09935076443581602
147,Clin + Rad + BiomedCLIP,0.15123171272312816,0.06117465182810821
148,Clin + Rad + BiomedCLIP,0.20550896230160692,0.07068873164112528
149,Clin + Rad + BiomedCLIP,0.14281594157761038,0.0763926112784873
150,Clin + Rad + BiomedCLIP,0.14282101561544164,0.06330058845570098
151,Clin + Rad + BiomedCLIP,0.1328354339420482,0.046141430626188445
152,Clin + Rad + BiomedCLIP,0.15190934217024407,0.06072616470497094
153,Clin + Rad + BiomedCLIP,0.13554808386772565,0.03225245294534173
154,Clin + Rad + BiomedCLIP,0.19791367078576985,0.06252904777140993
155,Clin + Rad + BiomedCLIP,0.1416645348654759,0.05989685745040305
156,Clin + Rad + BiomedCLIP,0.1531948810664795,0.06888491263724608
157,Clin + Rad + BiomedCLIP,0.16770103248617996,0.07098009171926171
158,Clin + Rad + BiomedCLIP,0.1927693121442857,0.0911035751876221
159,Clin + Rad + BiomedCLIP,0.14983618813105043,0.07586336400635639
160,Clin + Rad + BiomedCLIP,0.15895813787806848,0.08847459756303121
161,Clin + Rad + BiomedCLIP,0.1493200680013711,0.04845319393642073
162,Clin + Rad + BiomedCLIP,0.14038452221190267,0.09400545475816487
163,Clin + Rad + BiomedCLIP,0.18642030567844867,0.08336452402991376
164,Clin + Rad + BiomedCLIP,0.12237460907343437,0.06064881881986686
165,Clin + Rad + BiomedCLIP,0.17608492617246363,0.07285105042518175
166,Clin + Rad + BiomedCLIP,0.16123306168881885,0.07705605382594297
167,Clin + Rad + BiomedCLIP,0.2062763070982957,0.07804699660970854
168,Clin + Rad + BiomedCLIP,0.20581309190567182,0.0739353981892894
169,Clin + Rad + BiomedCLIP,0.14894789046806123,0.08303865153807269
170,Clin + Rad + BiomedCLIP,0.21071774732216153,0.08987252933831458
171,Clin + Rad + BiomedCLIP,0.19841326061331074,0.08914887687879433
172,Clin + Rad + BiomedCLIP,0.15629267690848478,0.08751551861821114
173,Clin + Rad + BiomedCLIP,0.19200031976529064,0.08021220031318804
174,Clin + Rad + BiomedCLIP,0.21375539006999592,0.0880058536523965
175,Clin + Rad + BiomedCLIP,0.14253341884696105,0.07218377886823305
176,Clin + Rad + BiomedCLIP,0.14630569627189774,0.06863156783923942
177,Clin + Rad + BiomedCLIP,0.20579018049568268,0.08329159559925196
178,Clin + Rad + BiomedCLIP,0.19520675087121817,0.09253648350271515
179,Clin + Rad + BiomedCLIP,0.20168991460524924,0.08417140920648211
180,Clin + Rad + BiomedCLIP,0.1580203708824206,0.08035420779971245
181,Clin + Rad + BiomedCLIP,0.18518604457744225,0.053082137725766004
182,Clin + Rad + BiomedCLIP,0.14293901259500572,0.06385997408442962
183,Clin + Rad + BiomedCLIP,0.1412343212789486,0.07361558095676636
184,Clin + Rad + BiomedCLIP,0.21220611454028843,0.09071935891546248
185,Clin + Rad + BiomedCLIP,0.17766291388434013,0.06319886706595515
186,Clin + Rad + BiomedCLIP,0.1932123119723651,0.07035856021136391
187,Clin + Rad + BiomedCLIP,0.20350393447293474,0.0938568864221564
188,Clin + Rad + BiomedCLIP,0.15403327603925646,0.09224410166251666
189,Clin + Rad + BiomedCLIP,0.20040380359316176,0.07577213409016274
190,Clin + Rad + BiomedCLIP,0.14320993251978992,0.07796500777491866
191,Clin + Rad + BiomedCLIP,0.20065405694267816,0.07262496860952918
192,Clin + Rad + BiomedCLIP,0.13414230378208475,0.08487137361715341
193,Clin + Rad + BiomedCLIP,0.16431034148091572,0.09117810059399462
194,Clin + Rad + BiomedCLIP,0.20577290064320505,0.08403514951185448
195,Clin + Rad + BiomedCLIP,0.19241534003969424,0.09599360955811113
196,Clin + Rad + BiomedCLIP,0.20469312760416553,0.09829739515943296
197,Clin + Rad + BiomedCLIP,0.13882248321384053,0.0737039803674989
198,Clin + Rad + BiomedCLIP,0.13919070149681273,0.08574404965948351
199,Clin + Rad + BiomedCLIP,0.13768734513432207,0.05368269595508124
200,Clin + Rad + BiomedCLIP,0.19893362452905466,0.0934249819157499
201,Clin + Rad + BiomedCLIP,0.1159867340744618,0.0759224445310365
202,Clin + Rad + BiomedCLIP,0.14221488661987913,0.059922638367317864
203,Clin + Rad + BiomedCLIP,0.1536325602736367,0.0746379512264827
204,Clin + Rad + BiomedCLIP,0.14100416873591184,0.09437804927788006
205,Clin + Rad + BiomedCLIP,0.19117323638551953,0.07133641127401856
206,Clin + Rad + BiomedCLIP,0.1765317706231624,0.07455986733178457
207,Clin + Rad + BiomedCLIP,0.19405249251845233,0.050954860810927836
208,Clin + Rad + BiomedCLIP,0.1558994514811094,0.07839135909864468
209,Clin + Rad + BiomedCLIP,0.1558691471431909,0.09121479559827839
210,Clin + Rad + BiomedCLIP,0.14810699626859594,0.05919024552023492
211,Clin + Rad + BiomedCLIP,0.13119804510699595,0.07560968323391061
212,Clin + Rad + BiomedCLIP,0.21652475546932132,0.08083240244121044
213,Clin + Rad + BiomedCLIP,0.20619722621037803,0.05491495741270436
214,Clin + Rad + BiomedCLIP,0.13667487120111774,0.08155297283807306
215,Clin + Rad + BiomedCLIP,0.15511538243052023,0.08372359120792669
216,Clin + Rad + BiomedCLIP,0.15855913988736178,0.07152555746413959
217,Clin + Rad + BiomedCLIP,0.19288037843125777,0.07407477867510237
218,Clin + Rad + BiomedCLIP,0.14605636841602615,0.08970774378976337
219,Clin + Rad + BiomedCLIP,0.18958235322937608,0.05537786143677917
220,Clin + Rad + BiomedCLIP,0.20075148862258874,0.07840790240642065
221,Clin + Rad + BiomedCLIP,0.20113812272306963,0.08781930140196315
222,Clin + Rad + BiomedCLIP,0.20330347168337695,0.0702078968202187
223,Clin + Rad + BiomedCLIP,0.12185865146418264,0.0428567928455282
224,Clin + Rad + BiomedCLIP,0.19322181167990599,0.07354211161170844
225,Clin + Rad + BiomedCLIP,0.19050762865437026,0.05768919096391373
226,Clin + Rad + BiomedCLIP,0.1847063805313251,0.07620459139270545
227,Clin + Rad + BiomedCLIP,0.18783992906779512,0.09461654962570241
228,Clin + Rad + BiomedCLIP,0.20161758379007388,0.0809651278005688
229,Clin + Rad + BiomedCLIP,0.20698476250907932,0.0913831019221382
230,Clin + Rad + BiomedCLIP,0.14060460028954244,0.07775789591624649
231,Clin + Rad + BiomedCLIP,0.20969589873354327,0.10053203234221907
232,Clin + Rad + BiomedCLIP,0.14602585307300842,0.08708595789230558
233,Clin + Rad + BiomedCLIP,0.13848107308292168,0.09521053110380283
234,Clin + Rad + BiomedCLIP,0.14984737695796688,0.07638119580797784
235,Clin + Rad + BiomedCLIP,0.18612470293985445,0.07977454561768199
236,Clin + Rad + BiomedCLIP,0.14145571013601316,0.07007553452065611
237,Clin + Rad + BiomedCLIP,0.18860822612723666,0.08444127002864156
238,Clin + Rad + BiomedCLIP,0.2003536139456951,0.09892591749422228
239,Clin + Rad + BiomedCLIP,0.1805590702509573,0.07843660420562927
240,Clin + Rad + BiomedCLIP,0.1454636397077503,0.07858795026393219
241,Clin + Rad + BiomedCLIP,0.14462419078406363,0.08555194737697192
242,Clin + Rad + BiomedCLIP,0.15305131380575424,0.0536681346400804
243,Clin + Rad + BiomedCLIP,0.14071879070501048,0.08668436594415194
244,Clin + Rad + BiomedCLIP,0.15339905267680926,0.05918707154059587
245,Clin + Rad + BiomedCLIP,0.18898162916888345,0.09364365156720808
246,Clin + Rad + BiomedCLIP,0.21506067644448512,0.08819533106980036
247,Clin + Rad + BiomedCLIP,0.20560721178734384,0.062474050112456894
248,Clin + Rad + BiomedCLIP,0.2089198877163449,0.09197679382730252
249,Clin + Rad + BiomedCLIP,0.18640293481937403,0.08807807972437182
250,Clin + Rad + BiomedCLIP,0.15290482329001884,0.08251395349397596
251,Clin + Rad + BiomedCLIP,0.1409190950520427,0.11515053381541933
252,Clin + Rad + BiomedCLIP,0.15229715350799103,0.06212474563271336
253,Clin + Rad + BiomedCLIP,0.14037802803372246,0.07894015332559953
254,Clin + Rad + BiomedCLIP,0.1568749264891316,0.060832289495454835
255,Clin + Rad + BiomedCLIP,0.2229853777258349,0.0893437676087262
256,Clin + Rad + BiomedCLIP,0.12438484404653054,0.05937446180401112
257,Clin + Rad + BiomedCLIP,0.19578165662803607,0.08594452707855457
258,Clin + Rad + BiomedCLIP,0.14513486972128736,0.05657345588879959
259,Clin + Rad + BiomedCLIP,0.158634770602398,0.09535778059448084
260,Clin + Rad + BiomedCLIP,0.19253570343612025,0.075977374323443
261,Clin + Rad + BiomedCLIP,0.15716075722986272,0.08021359505594407
262,Clin + Rad + BiomedCLIP,0.186981066375029,0.08892720971994517
263,Clin + Rad + BiomedCLIP,0.192427005377307,0.10082691050903934
264,Clin + Rad + BiomedCLIP,0.2006377554896345,0.10900251654609885
265,Clin + Rad + BiomedCLIP,0.20161007591727362,0.08514558464675197
266,Clin + Rad + BiomedCLIP,0.15656513640480998,0.07178719456706541
267,Clin + Rad + BiomedCLIP,0.2016153015568973,0.06818510157217335
268,Clin + Rad + BiomedCLIP,0.13593557578592774,0.07413603778479154
269,Clin + Rad + BiomedCLIP,0.1548813700726092,0.061208922693702365
270,Clin + Rad + BiomedCLIP,0.1490224741393531,0.06864807613401817
271,Clin + Rad + BiomedCLIP,0.16080200346604331,0.08932784333451205
272,Clin + Rad + BiomedCLIP,0.14595075468594862,0.052844410825564514
273,Clin + Rad + BiomedCLIP,0.13747481309420817,0.10286068894809347
274,Clin + Rad + BiomedCLIP,0.15452288656859456,0.05204961397902112
275,Clin + Rad + BiomedCLIP,0.15113952788095267,0.07923375097702888
276,Clin + Rad + BiomedCLIP,0.2043835762906479,0.08768758350385947
277,Clin + Rad + BiomedCLIP,0.20078269782760258,0.09519236988479862
278,Clin + Rad + BiomedCLIP,0.14521903300493003,0.07344995314367658
279,Clin + Rad + BiomedCLIP,0.18886501754039545,0.05059778723047649
280,Clin + Rad + BiomedCLIP,0.1988532155114382,0.0779144619085868
281,Clin + Rad + BiomedCLIP,0.1378366789446183,0.0773586616436686
282,Clin + Rad + BiomedCLIP,0.20767708638752733,0.05678556224240935
283,Clin + Rad + BiomedCLIP,0.20706341593685634,0.10169088224537753
284,Clin + Rad + BiomedCLIP,0.15483068998374722,0.08021593512102934
285,Clin + Rad + BiomedCLIP,0.21053614405709514,0.09298406524115055
286,Clin + Rad + BiomedCLIP,0.19841101386320883,0.05530714702388505
287,Clin + Rad + BiomedCLIP,0.18952164956068399,0.055595434155883694
288,Clin + Rad + BiomedCLIP,0.20712120159240008,0.07534561435609079
289,Clin + Rad + BiomedCLIP,0.1523669617515104,0.09164743642903085
290,Clin + Rad + BiomedCLIP,0.1450482833730805,0.05776667511019852
291,Clin + Rad + BiomedCLIP,0.19629963236086315,0.09824909226779731
292,Clin + Rad + BiomedCLIP,0.15514815576755916,0.06179582203538684
293,Clin + Rad + BiomedCLIP,0.13794813858827729,0.05117797989981479
294,Clin + Rad + BiomedCLIP,0.14070333644783933,0.06757528178471621
295,Clin + Rad + BiomedCLIP,0.17627705176585917,0.06684793883819386
296,Clin + Rad + BiomedCLIP,0.20118116714244857,0.0783460592164409
297,Clin + Rad + BiomedCLIP,0.20909687505042698,0.08588557305388889
298,Clin + Rad + BiomedCLIP,0.2011366244194019,0.06469804141312463
299,Clin + Rad + BiomedCLIP,0.20469682121929847,0.0709016223271619
300,Clin + Rad + BiomedCLIP,0.2032470969484148,0.044717273276556294
301,Clin + Rad + BiomedCLIP,0.1417548149479452,0.07170643179804506
302,Clin + Rad + BiomedCLIP,0.15979182509094764,0.09503043034506616
303,Clin + Rad + BiomedCLIP,0.14830361115708723,0.09247734094926349
304,Clin + Rad + BiomedCLIP,0.1886232863469821,0.08138436745520738
305,Clin + Rad + BiomedCLIP,0.12794424362767065,0.06803613571404393
306,Clin + Rad + BiomedCLIP,0.18894388802134174,0.06892044005852224
307,Clin + Rad + BiomedCLIP,0.136437696198124,0.08040527988766208
308,Clin + Rad + BiomedCLIP,0.1968883560426808,0.05148825699305659
309,Clin + Rad + BiomedCLIP,0.14883907591270215,0.07107628019728175
310,Clin + Rad + BiomedCLIP,0.14344468852405992,0.0761007969719849
311,Clin + Rad + BiomedCLIP,0.14089515316356047,0.07239630325685342
312,Clin + Rad + BiomedCLIP,0.20510358710533905,0.06578219838865758
313,Clin + Rad + BiomedCLIP,0.1479969259361363,0.0903937256718697
314,Clin + Rad + BiomedCLIP,0.13599927873700451,0.07838542629317069
315,Clin + Rad + BiomedCLIP,0.14633836938551237,0.08219873190565614
316,Clin + Rad + BiomedCLIP,0.2086300376163002,0.08077311030315243
317,Clin + Rad + BiomedCLIP,0.19662320242095507,0.08073799782269017
318,Clin + Rad + BiomedCLIP,0.143212904100529,0.06546686052647623
319,Clin + Rad + BiomedCLIP,0.14067355370249005,0.06101381987278141
320,Clin + Rad + BiomedCLIP,0.1461518289416869,0.07249863629426373
321,Clin + Rad + BiomedCLIP,0.15204597064812503,0.10237139010178131
322,Clin + Rad + BiomedCLIP,0.2212910272466082,0.06848997706055131
323,Clin + Rad + BiomedCLIP,0.22202159317100664,0.06230205959888409
324,Clin + Rad + BiomedCLIP,0.2087383302978863,0.05922781937074917
325,Clin + Rad + BiomedCLIP,0.14333148918278715,0.0685902134541884
326,Clin + Rad + BiomedCLIP,0.14413946011085485,0.07520687999369974
327,Clin + Rad + BiomedCLIP,0.18747811880601337,0.08181201089407748
328,Clin + Rad + BiomedCLIP,0.1898939358894184,0.09278688297882298
329,Clin + Rad + BiomedCLIP,0.20597053850466407,0.07986092838516595
330,Clin + Rad + BiomedCLIP,0.14198839742678618,0.07737489957062291
331,Clin + Rad + BiomedCLIP,0.14822845382612299,0.09999457532367935
332,Clin + Rad + BiomedCLIP,0.15690775524299358,0.07833675452935882
333,Clin + Rad + BiomedCLIP,0.13423444633905554,0.07785139970509836
334,Clin + Rad + BiomedCLIP,0.16130296229097385,0.06808474831972859
335,Clin + Rad + BiomedCLIP,0.19957504180656624,0.08417537707026918
336,Clin + Rad + BiomedCLIP,0.19775633848772384,0.04894290084642325
337,Clin + Rad + BiomedCLIP,0.14049383664679949,0.06460631464492243
338,Clin + Rad + BiomedCLIP,0.14948934857917687,0.0589666051419241
339,Clin + Rad + BiomedCLIP,0.15164486319502737,0.07867069237331126
340,Clin + Rad + BiomedCLIP,0.15496567183108556,0.07760677536858768
341,Clin + Rad + BiomedCLIP,0.19982211026876412,0.06777821980091304
342,Clin + Rad + BiomedCLIP,0.1548962532433523,0.08127129747313377
343,Clin + Rad + BiomedCLIP,0.14512587941164398,0.07985926343272633
344,Clin + Rad + BiomedCLIP,0.14138501054377509,0.09445602205003667
345,Clin + Rad + BiomedCLIP,0.14833702253103712,0.0601710004334315
346,Clin + Rad + BiomedCLIP,0.14754037773471868,0.08547544722947518
347,Clin + Rad + BiomedCLIP,0.1779997044274252,0.06365160233100466
348,Clin + Rad + BiomedCLIP,0.19382396999280058,0.08283259057057597
349,Clin + Rad + BiomedCLIP,0.18401998971768097,0.08916493362404523
350,Clin + Rad + BiomedCLIP,0.14288732129373272,0.06889774657914366
351,Clin + Rad + BiomedCLIP,0.14337817598559047,0.06832566595841057
352,Clin + Rad + BiomedCLIP,0.1387687349081793,0.05202392600596238
353,Clin + Rad + BiomedCLIP,0.14068801158729544,0.06993443932067146
354,Clin + Rad + BiomedCLIP,0.1680266412939612,0.07792773087312993
355,Clin + Rad + BiomedCLIP,0.15417634459949553,0.06242274900932048
356,Clin + Rad + BiomedCLIP,0.1925863282642744,0.040456685906314474
357,Clin + Rad + BiomedCLIP,0.14229305734698142,0.05863104045381586
358,Clin + Rad + BiomedCLIP,0.13928954162686616,0.05401590638777798
359,Clin + Rad + BiomedCLIP,0.18576644538719042,0.10583455180215812
360,Clin + Rad + BiomedCLIP,0.15396154113734997,0.10452291833155437
361,Clin + Rad + BiomedCLIP,0.15139094256855862,0.08131482077823109
362,Clin + Rad + BiomedCLIP,0.15136611346407716,0.06703819135289142
363,Clin + Rad + BiomedCLIP,0.14172513901254705,0.06194599720930061
364,Clin + Rad + BiomedCLIP,0.2014977079825786,0.08657492947206921
365,Clin + Rad + BiomedCLIP,0.2007499014058149,0.10087901947576043
366,Clin + Rad + BiomedCLIP,0.15192871717431333,0.061186539194991174
367,Clin + Rad + BiomedCLIP,0.13805359413315949,0.058852505823053486
368,Clin + Rad + BiomedCLIP,0.14641450048495305,0.07210527614054218
369,Clin + Rad + BiomedCLIP,0.15689041023125685,0.0638442087907015
370,Clin + Rad + BiomedCLIP,0.1940314799443772,0.09047440607150291
1,Clin + Rad + RAD-DINO,0.2081599252193773,0.09102853849830096
2,Clin + Rad + RAD-DINO,0.1891692988445489,0.06319012547186523
3,Clin + Rad + RAD-DINO,0.14175006440042778,0.08698278971993263
4,Clin + Rad + RAD-DINO,0.12728901755877123,0.0671886732670193
5,Clin + Rad + RAD-DINO,0.1438444369258477,0.06469306009044667
6,Clin + Rad + RAD-DINO,0.194185546956915,0.061639757917758796
7,Clin + Rad + RAD-DINO,0.20322719335182726,0.06918463837486134
8,Clin + Rad + RAD-DINO,0.1513291407834919,0.09482276871092252
9,Clin + Rad + RAD-DINO,0.14830517952855243,0.067200417253229
10,Clin + Rad + RAD-DINO,0.18729422536164148,0.056260161856201966
11,Clin + Rad + RAD-DINO,0.13326084538677854,0.06593301300735324
12,Clin + Rad + RAD-DINO,0.18796985036970115,0.07092405044036323
13,Clin + Rad + RAD-DINO,0.13863890720686878,0.04324906486190373
14,Clin + Rad + RAD-DINO,0.14574068133858545,0.07855387215964978
15,Clin + Rad + RAD-DINO,0.1942862807515836,0.06957672523098947
16,Clin + Rad + RAD-DINO,0.13800070939926867,0.06857310299264162
17,Clin + Rad + RAD-DINO,0.1936671509844696,0.07602897615339273
18,Clin + Rad + RAD-DINO,0.16487662361954497,0.07959883053507293
19,Clin + Rad + RAD-DINO,0.1646556271815564,0.07275205578787731
20,Clin + Rad + RAD-DINO,0.186668167488457,0.09667433819534667
21,Clin + Rad + RAD-DINO,0.12074219169064775,0.0852390967962274
22,Clin + Rad + RAD-DINO,0.1207554474803707,0.060497955598658545
23,Clin + Rad + RAD-DINO,0.19925794964815913,0.06501492390940343
24,Clin + Rad + RAD-DINO,0.1392639568476963,0.08453715241413862
25,Clin + Rad + RAD-DINO,0.19074218401801957,0.06673252318921834
26,Clin + Rad + RAD-DINO,0.21604089361906212,0.09374295421989476
27,Clin + Rad + RAD-DINO,0.13546729960704001,0.05035284933740692
28,Clin + Rad + RAD-DINO,0.20066500253807057,0.06567354615388589
29,Clin + Rad + RAD-DINO,0.13746390087196034,0.0697683411308261
30,Clin + Rad + RAD-DINO,0.1912247181833712,0.07063441265414476
31,Clin + Rad + RAD-DINO,0.19337493672905195,0.05346075328906282
32,Clin + Rad + RAD-DINO,0.19925253501452,0.07079720134407476
33,Clin + Rad + RAD-DINO,0.1838857044968752,0.06166408815727459
34,Clin + Rad + RAD-DINO,0.15292944414872206,0.08933033666286595
35,Clin + Rad + RAD-DINO,0.13448659790721829,0.06106066318262884
36,Clin + Rad + RAD-DINO,0.14658735046789556,0.05831481205328115
37,Clin + Rad + RAD-DINO,0.19172430805500024,0.08801493183737225
38,Clin + Rad + RAD-DINO,0.13533004390861963,0.08655212263708006
39,Clin + Rad + RAD-DINO,0.14443500824587685,0.06581248701595996
40,Clin + Rad + RAD-DINO,0.14543484473630194,0.061125473753988975
41,Clin + Rad + RAD-DINO,0.14585196566525557,0.0745307636303415
42,Clin + Rad + RAD-DINO,0.13238917867273425,0.07651976121706018
43,Clin + Rad + RAD-DINO,0.1517598089860711,0.10681058319245065
44,Clin + Rad + RAD-DINO,0.1946196003008265,0.09741052782819802
45,Clin + Rad + RAD-DINO,0.12769733269939784,0.04471006749385506
46,Clin + Rad + RAD-DINO,0.18724969736832794,0.061857006463147256
47,Clin + Rad + RAD-DINO,0.19552943550464263,0.08676306138523489
48,Clin + Rad + RAD-DINO,0.14137245015585595,0.05321463329866137
49,Clin + Rad + RAD-DINO,0.14335550456744295,0.06540599296130468
50,Clin + Rad + RAD-DINO,0.14193163019536115,0.06889856422152371
51,Clin + Rad + RAD-DINO,0.19393526585479576,0.07664856656838218
52,Clin + Rad + RAD-DINO,0.15408256014973482,0.06619691430614107
53,Clin + Rad + RAD-DINO,0.18817897903815997,0.06970949968169347
54,Clin + Rad + RAD-DINO,0.1407439128059368,0.0734335198684771
55,Clin + Rad + RAD-DINO,0.13085595455015986,0.05609311817552112
56,Clin + Rad + RAD-DINO,0.14169028591185756,0.054653904317050576
57,Clin + Rad + RAD-DINO,0.19082312864848872,0.07275391373401652
58,Clin + Rad + RAD-DINO,0.19885887186488088,0.05764747967212142
59,Clin + Rad + RAD-DINO,0.18986460986785267,0.07932968094842224
60,Clin + Rad + RAD-DINO,0.18766350275017998,0.07858212510875713
61,Clin + Rad + RAD-DINO,0.20136416244873975,0.08953264833388637
62,Clin + Rad + RAD-DINO,0.18606135426800674,0.07161284585296604
63,Clin + Rad + RAD-DINO,0.18876339738088435,0.0581548646860838
64,Clin + Rad + RAD-DINO,0.155346025927283,0.0718642980279504
65,Clin + Rad + RAD-DINO,0.12948572037350595,0.0738542723986132
66,Clin + Rad + RAD-DINO,0.12590794560776059,0.06272933601092552
67,Clin + Rad + RAD-DINO,0.15085463200718294,0.08550230578884879
68,Clin + Rad + RAD-DINO,0.14879519733537408,0.09330460404730205
69,Clin + Rad + RAD-DINO,0.19014739053744728,0.09387312391617147
70,Clin + Rad + RAD-DINO,0.14377581970041542,0.07529696845835351
71,Clin + Rad + RAD-DINO,0.18436341423254882,0.07652532821957561
72,Clin + Rad + RAD-DINO,0.20083843108188332,0.05906654151820884
73,Clin + Rad + RAD-DINO,0.17547128287551336,0.07235236204787972
74,Clin + Rad + RAD-DINO,0.18641537021657836,0.09365711032778698
75,Clin + Rad + RAD-DINO,0.13800752059229104,0.07313132339809449
76,Clin + Rad + RAD-DINO,0.18715720331835128,0.04532092089402388
77,Clin + Rad + RAD-DINO,0.13261021617760094,0.07724960319039247
78,Clin + Rad + RAD-DINO,0.15407382004549883,0.08367690133392575
79,Clin + Rad + RAD-DINO,0.15255372939331566,0.09456368572946551
80,Clin + Rad + RAD-DINO,0.20735170534227262,0.09072300904368187
81,Clin + Rad + RAD-DINO,0.1460969075049285,0.0816899393487732
82,Clin + Rad + RAD-DINO,0.15139079496635616,0.08819690125122498
83,Clin + Rad + RAD-DINO,0.20435583493142184,0.08824386050766087
84,Clin + Rad + RAD-DINO,0.1952540246429937,0.0753766931118649
85,Clin + Rad + RAD-DINO,0.19031724632722943,0.06914121359306806
86,Clin + Rad + RAD-DINO,0.18932169995874626,0.08929072476684057
87,Clin + Rad + RAD-DINO,0.1591700352977948,0.056584800458303865
88,Clin + Rad + RAD-DINO,0.1883926469637407,0.06277497847327936
89,Clin + Rad + RAD-DINO,0.17299974509194346,0.06857470510243868
90,Clin + Rad + RAD-DINO,0.14308542295617213,0.07573438702024125
91,Clin + Rad + RAD-DINO,0.19196902562230947,0.07879119641229891
92,Clin + Rad + RAD-DINO,0.1844547754177135,0.08191357765330148
93,Clin + Rad + RAD-DINO,0.14492290927349796,0.0820691114326451
94,Clin + Rad + RAD-DINO,0.14067915101218148,0.07907363673654831
95,Clin + Rad + RAD-DINO,0.14581602977865862,0.0854842189040837
96,Clin + Rad + RAD-DINO,0.15062455984870307,0.10077355914021204
97,Clin + Rad + RAD-DINO,0.19827245622645895,0.07377482367001564
98,Clin + Rad + RAD-DINO,0.15602421153177648,0.069787844904849
99,Clin + Rad + RAD-DINO,0.13189425757322326,0.056447920415044664
100,Clin + Rad + RAD-DINO,0.1587486349425532,0.10026732600873242
101,Clin + Rad + RAD-DINO,0.19440030205476555,0.08795146456737732
102,Clin + Rad + RAD-DINO,0.14251711673653583,0.06494192142069855
103,Clin + Rad + RAD-DINO,0.1967147445157896,0.06941479599158512
104,Clin + Rad + RAD-DINO,0.19325240867536597,0.0636379176222836
105,Clin + Rad + RAD-DINO,0.14013019898597145,0.05775642298449559
106,Clin + Rad + RAD-DINO,0.15644728085252557,0.0985859338949875
107,Clin + Rad + RAD-DINO,0.19658211968177722,0.08591304762146426
108,Clin + Rad + RAD-DINO,0.15654050316954604,0.0820541869324114
109,Clin + Rad + RAD-DINO,0.21140570217726726,0.07122135398359643
110,Clin + Rad + RAD-DINO,0.13233512244342077,0.07729851795574558
111,Clin + Rad + RAD-DINO,0.1863068040921404,0.07428820357878306
112,Clin + Rad + RAD-DINO,0.19835306614722537,0.08736699055183805
113,Clin + Rad + RAD-DINO,0.19701748707504596,0.08630964102331427
114,Clin + Rad + RAD-DINO,0.1910687034103889,0.08289408196244678
115,Clin + Rad + RAD-DINO,0.12373578917371267,0.05421980626699099
116,Clin + Rad + RAD-DINO,0.15059231424496788,0.08224389445793619
117,Clin + Rad + RAD-DINO,0.11540425041796148,0.0914492852137175
118,Clin + Rad + RAD-DINO,0.1530117192353008,0.08413499561155413
119,Clin + Rad + RAD-DINO,0.1600502456320147,0.08737787242627174
120,Clin + Rad + RAD-DINO,0.14713488800623006,0.0706363630129261
121,Clin + Rad + RAD-DINO,0.19804636729336844,0.07737175692452194
122,Clin + Rad + RAD-DINO,0.13534851710318552,0.06563537659256066
123,Clin + Rad + RAD-DINO,0.14914692533404722,0.05812469033084506
124,Clin + Rad + RAD-DINO,0.18437646210277622,0.05394974696045224
125,Clin + Rad + RAD-DINO,0.1881908837792565,0.06725282135381487
126,Clin + Rad + RAD-DINO,0.18567109169023782,0.05847806973724197
127,Clin + Rad + RAD-DINO,0.1875044499081437,0.05045792308619965
128,Clin + Rad + RAD-DINO,0.20926876465291086,0.08775221439065523
129,Clin + Rad + RAD-DINO,0.12264490193962377,0.07030652994292984
130,Clin + Rad + RAD-DINO,0.1448202784851612,0.07063910042947998
131,Clin + Rad + RAD-DINO,0.20528277808503506,0.0969588825329345
132,Clin + Rad + RAD-DINO,0.18621288366073957,0.06759038250970434
133,Clin + Rad + RAD-DINO,0.18079087316891754,0.06884966734062964
134,Clin + Rad + RAD-DINO,0.20127099532493503,0.07460579479732207
135,Clin + Rad + RAD-DINO,0.186044225344234,0.06404526854489778
136,Clin + Rad + RAD-DINO,0.12749956485070907,0.05113545894705645
137,Clin + Rad + RAD-DINO,0.19316361550689817,0.06441425213153615
138,Clin + Rad + RAD-DINO,0.13605125958247824,0.07185779428867518
139,Clin + Rad + RAD-DINO,0.14142503524987227,0.05503428166113931
140,Clin + Rad + RAD-DINO,0.1970950676540881,0.07632882838858232
141,Clin + Rad + RAD-DINO,0.20792369553884152,0.06706819128427184
142,Clin + Rad + RAD-DINO,0.13308664988069124,0.058774504884527505
143,Clin + Rad + RAD-DINO,0.1917137182116963,0.07834109035740064
144,Clin + Rad + RAD-DINO,0.17127900700358975,0.061135234051257384
145,Clin + Rad + RAD-DINO,0.14228071051541757,0.06446305960459836
146,Clin + Rad + RAD-DINO,0.15128495247968674,0.07477590768732409
147,Clin + Rad + RAD-DINO,0.13998959390446586,0.07132657950369636
148,Clin + Rad + RAD-DINO,0.19786256877441694,0.08461318980062207
149,Clin + Rad + RAD-DINO,0.1351715095661694,0.05429614736595066
150,Clin + Rad + RAD-DINO,0.14504874950621116,0.07846146116014985
151,Clin + Rad + RAD-DINO,0.13057050855843455,0.057800492582368974
152,Clin + Rad + RAD-DINO,0.1375386300149993,0.060348481216091855
153,Clin + Rad + RAD-DINO,0.12644188002867876,0.06412271494492706
154,Clin + Rad + RAD-DINO,0.18556450518671655,0.0705109454426778
155,Clin + Rad + RAD-DINO,0.14392507301237642,0.09870559591227822
156,Clin + Rad + RAD-DINO,0.15394672645851318,0.06465680920775067
157,Clin + Rad + RAD-DINO,0.16676291677478253,0.08188753087124494
158,Clin + Rad + RAD-DINO,0.1986148063161082,0.0962160443417044
159,Clin + Rad + RAD-DINO,0.13696794144118182,0.055226525821213734
160,Clin + Rad + RAD-DINO,0.15984772021868268,0.08994000645878156
161,Clin + Rad + RAD-DINO,0.1298947045847787,0.06228046921995036
162,Clin + Rad + RAD-DINO,0.12979796031779006,0.08879721464459957
163,Clin + Rad + RAD-DINO,0.18157614976399084,0.0729418090943919
164,Clin + Rad + RAD-DINO,0.12157254385449257,0.05694865951076988
165,Clin + Rad + RAD-DINO,0.16594021285746918,0.07448601881653923
166,Clin + Rad + RAD-DINO,0.14400391352177422,0.07298352480299229
167,Clin + Rad + RAD-DINO,0.1937646550898146,0.09050271829416327
168,Clin + Rad + RAD-DINO,0.19537151067271716,0.07058669461861393
169,Clin + Rad + RAD-DINO,0.14122524726438598,0.07163369163166027
170,Clin + Rad + RAD-DINO,0.19425221871048923,0.08486772070133662
171,Clin + Rad + RAD-DINO,0.18834103165418278,0.06319057350402929
172,Clin + Rad + RAD-DINO,0.1538791070042508,0.06440904929393915
173,Clin + Rad + RAD-DINO,0.1896352539991848,0.06728099296733425
174,Clin + Rad + RAD-DINO,0.19517278443415317,0.06808583547029169
175,Clin + Rad + RAD-DINO,0.13394070633155097,0.064304336498958
176,Clin + Rad + RAD-DINO,0.15194676077341546,0.06300596749097852
177,Clin + Rad + RAD-DINO,0.20061567642851946,0.06939969823273213
178,Clin + Rad + RAD-DINO,0.1954885671281567,0.07246570412855469
179,Clin + Rad + RAD-DINO,0.19004954520337028,0.06425805188330987
180,Clin + Rad + RAD-DINO,0.14808740691605565,0.07201306436418124
181,Clin + Rad + RAD-DINO,0.1756218671464433,0.051896368210608286
182,Clin + Rad + RAD-DINO,0.1484957651926828,0.06837793025023665
183,Clin + Rad + RAD-DINO,0.14103983821393293,0.08027027914270564
184,Clin + Rad + RAD-DINO,0.18916103952052335,0.08046363663374684
185,Clin + Rad + RAD-DINO,0.17567524023689127,0.05617890320816596
186,Clin + Rad + RAD-DINO,0.19869764867682063,0.061469029276176534
187,Clin + Rad + RAD-DINO,0.20437600449956064,0.0919185683523676
188,Clin + Rad + RAD-DINO,0.15012875066601097,0.07269648943288644
189,Clin + Rad + RAD-DINO,0.18455091063789897,0.0591738888401461
190,Clin + Rad + RAD-DINO,0.14431143715011074,0.08464157764438544
191,Clin + Rad + RAD-DINO,0.17682411331072445,0.05880297503985529
192,Clin + Rad + RAD-DINO,0.14182920952480832,0.06345828241879863
193,Clin + Rad + RAD-DINO,0.16384320522341972,0.07262458943278133
194,Clin + Rad + RAD-DINO,0.21338704271930456,0.07721622723549212
195,Clin + Rad + RAD-DINO,0.1861145951898342,0.08432499422690522
196,Clin + Rad + RAD-DINO,0.19740447005585626,0.08270796915468634
197,Clin + Rad + RAD-DINO,0.147106960880774,0.06327732811552807
198,Clin + Rad + RAD-DINO,0.13931544986965905,0.07881295658118731
199,Clin + Rad + RAD-DINO,0.15478315370871804,0.0698119270701899
200,Clin + Rad + RAD-DINO,0.21635028878933044,0.08820314820118488
201,Clin + Rad + RAD-DINO,0.12689592139190028,0.06546349826111199
202,Clin + Rad + RAD-DINO,0.1523691343022788,0.062426071973739304
203,Clin + Rad + RAD-DINO,0.1397076716067751,0.07013949236700594
204,Clin + Rad + RAD-DINO,0.15849812576839395,0.06227972406030925
205,Clin + Rad + RAD-DINO,0.1946366840472333,0.06679916285000309
206,Clin + Rad + RAD-DINO,0.19237112816135304,0.07732268743173518
207,Clin + Rad + RAD-DINO,0.18932041721136705,0.07095443059681028
208,Clin + Rad + RAD-DINO,0.12809382512835382,0.07079473348421443
209,Clin + Rad + RAD-DINO,0.1560026311221192,0.06515093031524463
210,Clin + Rad + RAD-DINO,0.1465834640688437,0.081676503067492
211,Clin + Rad + RAD-DINO,0.14649731864904667,0.06531791224250141
212,Clin + Rad + RAD-DINO,0.19225699998315884,0.06980203875091115
213,Clin + Rad + RAD-DINO,0.19604620726254332,0.059222690278978314
214,Clin + Rad + RAD-DINO,0.12861636837050797,0.08650218186793329
215,Clin + Rad + RAD-DINO,0.15520752735010515,0.06273117065471089
216,Clin + Rad + RAD-DINO,0.15549053877432398,0.07281246903014853
217,Clin + Rad + RAD-DINO,0.20611590781303726,0.0587647389103156
218,Clin + Rad + RAD-DINO,0.1395709935157865,0.09019481967342896
219,Clin + Rad + RAD-DINO,0.19719074108308582,0.06255234353682883
220,Clin + Rad + RAD-DINO,0.19023624487653243,0.06391816298935937
221,Clin + Rad + RAD-DINO,0.18997641871010518,0.0794378107224045
222,Clin + Rad + RAD-DINO,0.20347410718857759,0.07820768635715514
223,Clin + Rad + RAD-DINO,0.1362238609977217,0.06760510028031824
224,Clin + Rad + RAD-DINO,0.1943083514446233,0.08609539014373375
225,Clin + Rad + RAD-DINO,0.18364086850052874,0.06380225908908212
226,Clin + Rad + RAD-DINO,0.18050391223984644,0.06676325986819448
227,Clin + Rad + RAD-DINO,0.19143207343037913,0.07878440395655105
228,Clin + Rad + RAD-DINO,0.19282191979569613,0.07006853113632322
229,Clin + Rad + RAD-DINO,0.19119200379904175,0.0796956959789285
230,Clin + Rad + RAD-DINO,0.1606079522278694,0.08941285542177986
231,Clin + Rad + RAD-DINO,0.19931327784199512,0.07966706773519597
232,Clin + Rad + RAD-DINO,0.13968812090764401,0.05504329725213606
233,Clin + Rad + RAD-DINO,0.14338830910093836,0.08640893166505202
234,Clin + Rad + RAD-DINO,0.15022481682247282,0.07471515801734017
235,Clin + Rad + RAD-DINO,0.18461091567651974,0.06697633593987157
236,Clin + Rad + RAD-DINO,0.1379168831186392,0.06941805919775264
237,Clin + Rad + RAD-DINO,0.18918702723992728,0.07391592905752198
238,Clin + Rad + RAD-DINO,0.21326215985211275,0.08627681616780424
239,Clin + Rad + RAD-DINO,0.1871171374183011,0.07369171811569046
240,Clin + Rad + RAD-DINO,0.13207907212105885,0.058169622973106336
241,Clin + Rad + RAD-DINO,0.15384482553884007,0.0665244442653255
242,Clin + Rad + RAD-DINO,0.15296229366625325,0.06153294576265006
243,Clin + Rad + RAD-DINO,0.13421889241176355,0.08779057318134224
244,Clin + Rad + RAD-DINO,0.15478437942648804,0.06372583305027059
245,Clin + Rad + RAD-DINO,0.19038362773033457,0.0978566624341829
246,Clin + Rad + RAD-DINO,0.19908294751868003,0.066852333531337
247,Clin + Rad + RAD-DINO,0.19810497913477607,0.07291263993622242
248,Clin + Rad + RAD-DINO,0.21071549739247986,0.09324556449642608
249,Clin + Rad + RAD-DINO,0.19269587250733622,0.07139126425272184
250,Clin + Rad + RAD-DINO,0.15999701693236265,0.06826530900394277
251,Clin + Rad + RAD-DINO,0.14017217780731625,0.08254629582092703
252,Clin + Rad + RAD-DINO,0.14964239788407105,0.06708865695395254
253,Clin + Rad + RAD-DINO,0.14007702899569674,0.08562449682192821
254,Clin + Rad + RAD-DINO,0.15175762981045662,0.07041458103717964
255,Clin + Rad + RAD-DINO,0.19301753211364892,0.06099266126085509
256,Clin + Rad + RAD-DINO,0.14075745583967172,0.07815034178362948
257,Clin + Rad + RAD-DINO,0.18875281225231894,0.07947255630749002
258,Clin + Rad + RAD-DINO,0.14885735284591675,0.06683879638211944
259,Clin + Rad + RAD-DINO,0.1569201800955038,0.10222711821513031
260,Clin + Rad + RAD-DINO,0.18677841494094358,0.08510153878739275
261,Clin + Rad + RAD-DINO,0.13733362937932156,0.08707404963696085
262,Clin + Rad + RAD-DINO,0.18226561655586618,0.097587639686032
263,Clin + Rad + RAD-DINO,0.20215100345147974,0.09780388481452006
264,Clin + Rad + RAD-DINO,0.20108100950474575,0.0995473426393121
265,Clin + Rad + RAD-DINO,0.1958972653395334,0.09145078331952478
266,Clin + Rad + RAD-DINO,0.1467789991918946,0.06624044248410105
267,Clin + Rad + RAD-DINO,0.20195423770859072,0.056947482997868164
268,Clin + Rad + RAD-DINO,0.12540983871416134,0.08126753675257362
269,Clin + Rad + RAD-DINO,0.1468047164018699,0.0618288120139532
270,Clin + Rad + RAD-DINO,0.13131661660781108,0.050389255078576195
271,Clin + Rad + RAD-DINO,0.15338244085669558,0.08280788017298413
272,Clin + Rad + RAD-DINO,0.15757115570204414,0.06624329156720488
273,Clin + Rad + RAD-DINO,0.15197140081389152,0.09553636744575435
274,Clin + Rad + RAD-DINO,0.14810817768774417,0.06319386403049489
275,Clin + Rad + RAD-DINO,0.13147374263883904,0.0786550435420133
276,Clin + Rad + RAD-DINO,0.1990185776755261,0.07838672785496206
277,Clin + Rad + RAD-DINO,0.19623808436090834,0.07832232643450367
278,Clin + Rad + RAD-DINO,0.14200831303821346,0.07704703869201208
279,Clin + Rad + RAD-DINO,0.18553466804330102,0.07117005286465738
280,Clin + Rad + RAD-DINO,0.19020077484077347,0.0789918101207899
281,Clin + Rad + RAD-DINO,0.11948788703187277,0.07819986779105555
282,Clin + Rad + RAD-DINO,0.197395115625939,0.06696997337805882
283,Clin + Rad + RAD-DINO,0.20766238528652733,0.0880235566319324
284,Clin + Rad + RAD-DINO,0.14359312911426714,0.06769867135878418
285,Clin + Rad + RAD-DINO,0.2003668537920583,0.09513882393709276
286,Clin + Rad + RAD-DINO,0.18998630620037674,0.07303562832974694
287,Clin + Rad + RAD-DINO,0.19601686158527354,0.0579434366840807
288,Clin + Rad + RAD-DINO,0.20174911946013374,0.07998528421792818
289,Clin + Rad + RAD-DINO,0.13002843360631733,0.0898103055675453
290,Clin + Rad + RAD-DINO,0.14146811606410128,0.07188987387860458
291,Clin + Rad + RAD-DINO,0.20724914170430875,0.07667493198276175
292,Clin + Rad + RAD-DINO,0.14829888774026223,0.08011475243819455
293,Clin + Rad + RAD-DINO,0.13144482411100927,0.05443710163511216
294,Clin + Rad + RAD-DINO,0.12321857968091125,0.0752010417461289
295,Clin + Rad + RAD-DINO,0.1931032650365668,0.08124349987072509
296,Clin + Rad + RAD-DINO,0.20943217921782267,0.09216833605255623
297,Clin + Rad + RAD-DINO,0.19507759961078744,0.09091710768421539
298,Clin + Rad + RAD-DINO,0.19911595254131725,0.059650363839006945
299,Clin + Rad + RAD-DINO,0.19818024136275703,0.059650903807395766
300,Clin + Rad + RAD-DINO,0.1958681941941323,0.060702757895850855
301,Clin + Rad + RAD-DINO,0.14021301148661136,0.07686187569051302
302,Clin + Rad + RAD-DINO,0.1547200657859683,0.058605487286051666
303,Clin + Rad + RAD-DINO,0.1483268071885007,0.08860194233333062
304,Clin + Rad + RAD-DINO,0.2144783986436754,0.08636974700302828
305,Clin + Rad + RAD-DINO,0.13364946070742587,0.0699501921716519
306,Clin + Rad + RAD-DINO,0.2082208148713526,0.06978969968594209
307,Clin + Rad + RAD-DINO,0.13832716139018483,0.06351516450899831
308,Clin + Rad + RAD-DINO,0.174379370387458,0.05668039912756735
309,Clin + Rad + RAD-DINO,0.13595536873962102,0.08090058923710854
310,Clin + Rad + RAD-DINO,0.14782785787377078,0.0816288197200392
311,Clin + Rad + RAD-DINO,0.1364623057088055,0.062446739560954485
312,Clin + Rad + RAD-DINO,0.20078588129043645,0.08945333706315192
313,Clin + Rad + RAD-DINO,0.1491153196606976,0.08040093752959827
314,Clin + Rad + RAD-DINO,0.15345433445857193,0.0922648675519292
315,Clin + Rad + RAD-DINO,0.15732319978960918,0.09072947078529019
316,Clin + Rad + RAD-DINO,0.18198074588726845,0.06948984992994746
317,Clin + Rad + RAD-DINO,0.19214549654696483,0.07142936023614038
318,Clin + Rad + RAD-DINO,0.14017059337455462,0.06631097980485291
319,Clin + Rad + RAD-DINO,0.13058412959950141,0.06732598438894818
320,Clin + Rad + RAD-DINO,0.13907567414716318,0.06376053063490879
321,Clin + Rad + RAD-DINO,0.14279557692858222,0.08985422708949505
322,Clin + Rad + RAD-DINO,0.19507552019496588,0.07641625203481746
323,Clin + Rad + RAD-DINO,0.20110482548806974,0.0666491349097304
324,Clin + Rad + RAD-DINO,0.20465853159728165,0.06450295611724201
325,Clin + Rad + RAD-DINO,0.1387608752378557,0.06208818813835643
326,Clin + Rad + RAD-DINO,0.1471489786778916,0.06102323653124107
327,Clin + Rad + RAD-DINO,0.18852201945949038,0.061446576510257894
328,Clin + Rad + RAD-DINO,0.18170500462640066,0.08796568694609817
329,Clin + Rad + RAD-DINO,0.19746298141117954,0.06584527136438237
330,Clin + Rad + RAD-DINO,0.1450808109374989,0.06177689658385455
331,Clin + Rad + RAD-DINO,0.13245793778136083,0.05911314632489228
332,Clin + Rad + RAD-DINO,0.13255690660910774,0.06871478344478103
333,Clin + Rad + RAD-DINO,0.12452227260426013,0.06122569434040365
334,Clin + Rad + RAD-DINO,0.1582126301783372,0.07816421651173698
335,Clin + Rad + RAD-DINO,0.20349485331867606,0.07623865559535
336,Clin + Rad + RAD-DINO,0.18223511411660526,0.052868447793547026
337,Clin + Rad + RAD-DINO,0.1190019372973737,0.057441586941075276
338,Clin + Rad + RAD-DINO,0.16018422820352313,0.07363412356320692
339,Clin + Rad + RAD-DINO,0.14141105401290574,0.04834832273712249
340,Clin + Rad + RAD-DINO,0.14276706212293228,0.07882407104845371
341,Clin + Rad + RAD-DINO,0.19494007404007746,0.08200526800169614
342,Clin + Rad + RAD-DINO,0.13636262145112843,0.06725642016841137
343,Clin + Rad + RAD-DINO,0.1304003090719832,0.04598516864355728
344,Clin + Rad + RAD-DINO,0.1273931439094689,0.09539193910136193
345,Clin + Rad + RAD-DINO,0.13824413779776323,0.05731749173788982
346,Clin + Rad + RAD-DINO,0.13901073582743076,0.07620349340888596
347,Clin + Rad + RAD-DINO,0.2033289290802131,0.06472410300846307
348,Clin + Rad + RAD-DINO,0.18763122902388243,0.0918495673224854
349,Clin + Rad + RAD-DINO,0.1954290236943472,0.061870397614401045
350,Clin + Rad + RAD-DINO,0.13748341613518644,0.08441920128456974
351,Clin + Rad + RAD-DINO,0.15069478066618788,0.09245387360887958
352,Clin + Rad + RAD-DINO,0.13933350984254972,0.06677872439068679
353,Clin + Rad + RAD-DINO,0.13078274824198322,0.061629265219846525
354,Clin + Rad + RAD-DINO,0.15169295285604922,0.052114594764776104
355,Clin + Rad + RAD-DINO,0.14357794445564284,0.06296661318941976
356,Clin + Rad + RAD-DINO,0.18402414730175617,0.047660975565541844
357,Clin + Rad + RAD-DINO,0.1436911138499093,0.05709687834280389
358,Clin + Rad + RAD-DINO,0.1387557811367914,0.06857691019753977
359,Clin + Rad + RAD-DINO,0.17693877379754946,0.08452919444114736
360,Clin + Rad + RAD-DINO,0.12920778107636013,0.07964763380412124
361,Clin + Rad + RAD-DINO,0.1597692902495054,0.08799876079981665
362,Clin + Rad + RAD-DINO,0.1456035077006187,0.05394563651862985
363,Clin + Rad + RAD-DINO,0.15134248205733156,0.05850298537433611
364,Clin + Rad + RAD-DINO,0.19201316667228416,0.08537090734888665
365,Clin + Rad + RAD-DINO,0.20264864321655854,0.09198619068770847
366,Clin + Rad + RAD-DINO,0.1380280652538204,0.06990546772765906
367,Clin + Rad + RAD-DINO,0.13533397496851754,0.06541437251232121
368,Clin + Rad + RAD-DINO,0.13236013278620332,0.04708985597884277
369,Clin + Rad + RAD-DINO,0.1525048324225409,0.06891369682489866
370,Clin + Rad + RAD-DINO,0.18531636283365852,0.05924046790804487
