h2_row,configuration,priority_A,priority_C
1,Clinical only,0.080215458141324,0.0880961479582316
2,Clinical only,0.0846685367825731,0.12374012918273194
3,Clinical only,0.0266234740822589,0.10318514680201585
4,Clinical only,0.0962475875289973,0.27751431475294064
5,Clinical only,0.0930190028155076,0.08551985137813262
6,Clinical only,0.0332732358584508,0.09173878327387248
7,Clinical only,0.0757186875748968,0.27374493944997064
8,Clinical only,0.0808613173799909,0.0700766233712196
9,Clinical only,0.1076874071187779,0.2966904396895627
10,Clinical only,0.0626973021782453,0.11605015236480375
11,Clinical only,0.0844663550731671,0.28418966295605713
12,Clinical only,0.0481269109017952,0.07000110185783408
13,Clinical only,0.1107546130555097,0.2738474402400245
14,Clinical only,0.0973927024481311,0.278263992200729
15,Clinical only,0.0392449027050454,0.0813162397120011
16,Clinical only,0.0844663550731671,0.28418966295605713
17,Clinical only,0.0975416105457651,0.27531932745482973
18,Clinical only,0.1082567916971259,0.2742945904551751
19,Clinical only,0.0304814417433235,0.1022936077500678
20,Clinical only,0.0973514885007601,0.2750577409234654
21,Clinical only,0.0624132960513947,0.2696495845749589
22,Clinical only,0.0844663550731671,0.28532067488661594
23,Clinical only,0.0965605854532802,0.07603361417594919
24,Clinical only,0.0883681152855686,0.27134878663105033
25,Clinical only,0.0611633020006871,0.2707522530200325
26,Clinical only,0.0627534015648179,0.28100481713290104
27,Clinical only,0.1115244406851708,0.09180428995987569
28,Clinical only,0.0266234740822589,0.10318514680201585
29,Clinical only,0.1143235002054638,0.09005973136879591
30,Clinical only,0.096232186183684,0.0783696991091029
31,Clinical only,0.0978992037336998,0.11081005616324323
32,Clinical only,0.0304814417433235,0.1022936077500678
33,Clinical only,0.037078815029602,0.07113713441028197
34,Clinical only,0.0655899056193634,0.2814763236086529
35,Clinical only,0.0319418341945854,0.10396032374237409
36,Clinical only,0.0823443904613897,0.2965398521546809
37,Clinical only,0.0624132960513947,0.2707522530200325
38,Clinical only,0.0262341414180819,0.1043911373001259
39,Clinical only,0.0631335470025918,0.08863252706442648
40,Clinical only,0.0624132960513947,0.2707522530200325
41,Clinical only,0.0304814417433235,0.1029964969679062
42,Clinical only,0.0823443904613897,0.2965398521546809
43,Clinical only,0.0304814417433235,0.1022936077500678
44,Clinical only,0.0852861120334854,0.26180759377772217
45,Clinical only,0.0844663550731671,0.28532067488661594
46,Clinical only,0.0304814417433235,0.1029964969679062
47,Clinical only,0.0304814417433235,0.1022936077500678
48,Clinical only,0.0999145322518902,0.27160056628319845
49,Clinical only,0.0304814417433235,0.1022936077500678
50,Clinical only,0.0667695022035443,0.2636226598317023
51,Clinical only,0.0832793024809901,0.28418966295605713
52,Clinical only,0.1152080436994788,0.09005973136879591
53,Clinical only,0.0304814417433235,0.1029964969679062
54,Clinical only,0.0262341414180819,0.10367465771794072
55,Clinical only,0.0849150447293654,0.30212012331924526
56,Clinical only,0.0851970545964664,0.3041627200776215
57,Clinical only,0.0893864801916422,0.08317446721222152
58,Clinical only,0.0304814417433235,0.1022936077500678
59,Clinical only,0.0823443904613897,0.2965398521546809
60,Clinical only,0.0929850543341156,0.2755181311942899
61,Clinical only,0.081011608688344,0.12118058023657073
62,Clinical only,0.0810838293365358,0.3093706990655853
63,Clinical only,0.0932104895206435,0.2766999884308025
64,Clinical only,0.0826963233459072,0.12087201265406106
65,Clinical only,0.0812553846177053,0.11879943665721074
66,Clinical only,0.057372819357761,0.107698917393318
67,Clinical only,0.0692364856915653,0.2874624619756113
68,Clinical only,0.0852965230441207,0.2736063233441456
69,Clinical only,0.094981233046762,0.2794272325211263
70,Clinical only,0.1046113509327574,0.2773908679293947
71,Clinical only,0.0747614386107329,0.27521573900858876
72,Clinical only,0.0747333776282938,0.2847066868515209
73,Clinical only,0.0761210669309595,0.2899750572866943
74,Clinical only,0.0412749136814633,0.06982809835431313
75,Clinical only,0.0823443904613897,0.2965398521546809
76,Clinical only,0.0289472401273092,0.0930466994634157
77,Clinical only,0.0865572689068118,0.30782961251961904
78,Clinical only,0.0826963233459072,0.12087201265406106
79,Clinical only,0.0822498659730887,0.30947036027447905
80,Clinical only,0.0823443904613897,0.2965398521546809
81,Clinical only,0.1060851824606642,0.27551792102532735
82,Clinical only,0.0673118481396628,0.07563606752256943
83,Clinical only,0.0394635424785562,0.08061155733836141
84,Clinical only,0.1131386702756688,0.08428744314302386
85,Clinical only,0.0930190028155076,0.08551985137813262
86,Clinical only,0.041902997608912,0.0688347875391391
87,Clinical only,0.0707297592287286,0.2545235628488888
88,Clinical only,0.0823443904613897,0.2965398521546809
89,Clinical only,0.0624132960513947,0.2707522530200325
90,Clinical only,0.0394050483956242,0.07906076116524535
91,Clinical only,0.094222074879881,0.2737835296511592
92,Clinical only,0.0304252669895675,0.10711648152688794
93,Clinical only,0.1068358305272205,0.08560824802740843
94,Clinical only,0.0427309950876105,0.11026018846439802
95,Clinical only,0.0346375816799808,0.06826865329378654
96,Clinical only,0.082138633591517,0.30778780416920326
97,Clinical only,0.0823443904613897,0.2965398521546809
98,Clinical only,0.1043325520385495,0.09073788857758615
99,Clinical only,0.1044494132952872,0.08000501006060785
100,Clinical only,0.0825445855294376,0.26554804010485644
101,Clinical only,0.0611633020006871,0.2707522530200325
102,Clinical only,0.1053625771569087,0.29515538800746016
103,Clinical only,0.0834549036921022,0.2854423505506259
104,Clinical only,0.0700678500214494,0.26103947617135675
105,Clinical only,0.0390583806482354,0.09725087122580267
106,Clinical only,0.0289472401273092,0.0930466994634157
107,Clinical only,0.0304814417433235,0.1029964969679062
108,Clinical only,0.0935201525080066,0.2771706015574565
109,Clinical only,0.1031788506204943,0.0710626941321815
110,Clinical only,0.0844663550731671,0.28418966295605713
111,Clinical only,0.0622012773271284,0.08863252706442648
112,Clinical only,0.0627534015648179,0.2798911128542745
113,Clinical only,0.1053320275536875,0.2979463937306758
114,Clinical only,0.0284028262674526,0.09846017097739579
115,Clinical only,0.1019831988480019,0.08533904992739377
116,Clinical only,0.1044731800983597,0.07815486057236355
117,Clinical only,0.0624132960513947,0.2707522530200325
118,Clinical only,0.0751935602183212,0.2714678587097291
119,Clinical only,0.1074784830506401,0.2742945904551751
120,Clinical only,0.0907898674861805,0.2714275186402089
121,Clinical only,0.0853526437024895,0.28418966295605713
122,Clinical only,0.06240830652989,0.08863252706442648
123,Clinical only,0.0812553846177053,0.11879943665721074
124,Clinical only,0.0822740685724264,0.2964027069074311
125,Clinical only,0.0810855654813099,0.2965398521546809
126,Clinical only,0.0846685367825731,0.12374012918273194
127,Clinical only,0.0622012773271284,0.08791080648893819
128,Clinical only,0.0987475589635756,0.2688858462774499
129,Clinical only,0.0870056616693413,0.12330508791074792
130,Clinical only,0.0572169728738321,0.27823714574939074
131,Clinical only,0.0358960675512091,0.07802647585377002
132,Clinical only,0.0951858364989427,0.0937687050210672
133,Clinical only,0.0519042261660604,0.07790830598595584
134,Clinical only,0.0624132960513947,0.2696495845749589
135,Clinical only,0.0739388716622368,0.29701791451180914
136,Clinical only,0.0812553846177053,0.11879943665721074
137,Clinical only,0.1103813415231641,0.0860931860232903
138,Clinical only,0.0761928116468887,0.2665874702248708
139,Clinical only,0.0854295101463921,0.2688725308302094
140,Clinical only,0.0317037208729035,0.07736275031946833
141,Clinical only,0.0874017206711619,0.10746641530215566
142,Clinical only,0.0472834580110601,0.07424955150700972
143,Clinical only,0.037078815029602,0.07113713441028197
144,Clinical only,0.096641205075532,0.2750577409234654
145,Clinical only,0.0927438666343556,0.08400688347944286
146,Clinical only,0.1031526252942428,0.07422370649949356
147,Clinical only,0.0372936474600893,0.07113713441028197
148,Clinical only,0.0844663550731671,0.28532067488661594
149,Clinical only,0.0608793265444706,0.28117029895737633
150,Clinical only,0.0846685367825731,0.12374012918273194
151,Clinical only,0.082317430995235,0.12087201265406106
152,Clinical only,0.1090690889505213,0.11167879695281288
153,Clinical only,0.0611633020006871,0.2707522530200325
154,Clinical only,0.0835039817065675,0.30947036027447905
155,Clinical only,0.0589142418030084,0.28249616223354695
156,Clinical only,0.0622012773271284,0.08863252706442648
157,Clinical only,0.0650290740615979,0.2868007583757484
158,Clinical only,0.1108641522657553,0.2738474402400245
159,Clinical only,0.0304814417433235,0.1022936077500678
160,Clinical only,0.0846685367825731,0.12374012918273194
161,Clinical only,0.0997718969502131,0.27335640919645876
162,Clinical only,0.099968419532933,0.083296715771688
163,Clinical only,0.0266270317562466,0.09157947593276915
164,Clinical only,0.0304814417433235,0.1029964969679062
165,Clinical only,0.0823443904613897,0.2965398521546809
166,Clinical only,0.0624132960513947,0.2707522530200325
167,Clinical only,0.0927209857008205,0.30014135637130723
168,Clinical only,0.0835039817065675,0.30947036027447905
169,Clinical only,0.095667373301484,0.09220674453613005
170,Clinical only,0.0938712573974727,0.2991172537097178
171,Clinical only,0.0883681152855686,0.27134878663105033
172,Clinical only,0.0835200933779871,0.2964027069074311
173,Clinical only,0.1044731800983597,0.07815486057236355
174,Clinical only,0.0304814417433235,0.1022936077500678
175,Clinical only,0.1131386702756688,0.08428744314302386
176,Clinical only,0.0777676239948104,0.1210748980436325
177,Clinical only,0.0622012773271284,0.08863252706442648
178,Clinical only,0.0679370591322742,0.2831168287320236
179,Clinical only,0.0915146584586414,0.2714275186402089
180,Clinical only,0.1086319167733708,0.11167879695281288
181,Clinical only,0.0736450004559764,0.2668994474309582
182,Clinical only,0.0812553846177053,0.11879943665721074
183,Clinical only,0.0849150447293654,0.30212012331924526
184,Clinical only,0.041902997608912,0.06812918538682855
185,Clinical only,0.0679370591322742,0.2842311734367626
186,Clinical only,0.0846409551564661,0.308601005672937
187,Clinical only,0.0846685367825731,0.12374012918273194
188,Clinical only,0.0930190028155076,0.08551985137813262
189,Clinical only,0.0347734379211094,0.07647622028565981
190,Clinical only,0.1019831988480019,0.08533904992739377
191,Clinical only,0.1053320275536875,0.2979463937306758
192,Clinical only,0.0883681152855686,0.27134878663105033
193,Clinical only,0.0883681152855686,0.27248146281280733
194,Clinical only,0.0624132960513947,0.2707522530200325
195,Clinical only,0.0929433462597919,0.27965932729801934
196,Clinical only,0.0812553846177053,0.11879943665721074
197,Clinical only,0.0965026381937377,0.2770893405804452
198,Clinical only,0.0823443904613897,0.2965398521546809
199,Clinical only,0.0667695022035443,0.2636226598317023
200,Clinical only,0.1074784830506401,0.2742945904551751
201,Clinical only,0.0624132960513947,0.2707522530200325
202,Clinical only,0.0951301906441329,0.30066530880791315
203,Clinical only,0.0394050483956242,0.07906076116524535
204,Clinical only,0.0698208767669933,0.28741810697358544
205,Clinical only,0.075141886148941,0.2684119717530827
206,Clinical only,0.0629158229845476,0.11223831630169742
207,Clinical only,0.1023053988252781,0.29294880126420153
208,Clinical only,0.0758685105589299,0.2725877946636669
209,Clinical only,0.0957391372530147,0.10714497463038762
210,Clinical only,0.0877255359664688,0.27134878663105033
211,Clinical only,0.096232186183684,0.0783696991091029
212,Clinical only,0.0301626508364193,0.1029964969679062
213,Clinical only,0.0767988426969612,0.29267429841272113
214,Clinical only,0.0846685367825731,0.12374012918273194
215,Clinical only,0.0973514885007601,0.2750577409234654
216,Clinical only,0.0917649559021226,0.27915424566050817
217,Clinical only,0.066827964203801,0.2803641554104113
218,Clinical only,0.0979921855000159,0.0807031482429992
219,Clinical only,0.0892405032175818,0.08317446721222152
220,Clinical only,0.057372819357761,0.1069761298821046
221,Clinical only,0.0865954524752024,0.27374700770084
222,Clinical only,0.0870582526413434,0.3074424261515952
223,Clinical only,0.0561828887239411,0.10885356605048595
224,Clinical only,0.0624132960513947,0.2707522530200325
225,Clinical only,0.0799068238136813,0.3095058992215284
226,Clinical only,0.1143235002054638,0.09005973136879591
227,Clinical only,0.0304814417433235,0.1022936077500678
228,Clinical only,0.1053625771569087,0.29515538800746016
229,Clinical only,0.0797138744163019,0.2670434227233924
230,Clinical only,0.066827964203801,0.2803641554104113
231,Clinical only,0.0930190028155076,0.08551985137813262
232,Clinical only,0.1086319167733708,0.11167879695281288
233,Clinical only,0.0304814417433235,0.1029964969679062
234,Clinical only,0.1131386702756688,0.08428744314302386
235,Clinical only,0.1074784830506401,0.2742945904551751
236,Clinical only,0.0800261683526422,0.0880961479582316
237,Clinical only,0.1045850269056191,0.07815486057236355
238,Clinical only,0.0304814417433235,0.1022936077500678
239,Clinical only,0.0878124807303348,0.30782961251961904
240,Clinical only,0.089262433456667,0.27134878663105033
241,Clinical only,0.083791090135759,0.11146078434073552
242,Clinical only,0.099593337530674,0.27729437447690475
243,Clinical only,0.1032800353241906,0.07422370649949356
244,Clinical only,0.0667695022035443,0.2625097996046818
245,Clinical only,0.0631335470025918,0.08863252706442648
246,Clinical only,0.1143235002054638,0.09005973136879591
247,Clinical only,0.0622012773271284,0.08863252706442648
248,Clinical only,0.0823443904613897,0.2965398521546809
249,Clinical only,0.1116612476292214,0.11536066625365626
250,Clinical only,0.1074784830506401,0.2742945904551751
251,Clinical only,0.057372819357761,0.107698917393318
252,Clinical only,0.0693689477149656,0.26216115690510283
253,Clinical only,0.0846685367825731,0.12374012918273194
254,Clinical only,0.0390947575393702,0.09335276945572585
255,Clinical only,0.0409182585651348,0.08008504273185377
256,Clinical only,0.0608570002111683,0.08906956685148945
257,Clinical only,0.1143235002054638,0.09005973136879591
258,Clinical only,0.0707297592287286,0.25563205781587933
259,Clinical only,0.0304814417433235,0.1022936077500678
260,Clinical only,0.095667373301484,0.09220674453613005
261,Clinical only,0.0844663550731671,0.28418966295605713
262,Clinical only,0.1031772318519946,0.27109963936557047
263,Clinical only,0.0622012773271284,0.08863252706442648
264,Clinical only,0.0301626508364193,0.1029964969679062
265,Clinical only,0.1016838523746906,0.27610696362818
266,Clinical only,0.0883348682859621,0.3072622911517091
267,Clinical only,0.0883681152855686,0.27134878663105033
268,Clinical only,0.041902997608912,0.06812918538682855
269,Clinical only,0.0826963233459072,0.12087201265406106
270,Clinical only,0.1143235002054638,0.09005973136879591
271,Clinical only,0.1068358305272205,0.08560824802740843
272,Clinical only,0.0938712573974727,0.2991172537097178
273,Clinical only,0.0812053824078168,0.29351331638717965
274,Clinical only,0.0540705257069469,0.10882792156272478
275,Clinical only,0.0622012773271284,0.08791080648893819
276,Clinical only,0.0786171802150774,0.26571602773301817
277,Clinical only,0.0622012773271284,0.08863252706442648
278,Clinical only,0.0826963233459072,0.12087201265406106
279,Clinical only,0.1107994217332797,0.11536066625365626
280,Clinical only,0.0899196267739787,0.3011449664175923
281,Clinical only,0.095667373301484,0.09220674453613005
282,Clinical only,0.0824898166457045,0.30702588943902964
283,Clinical only,0.0624132960513947,0.2707522530200325
284,Clinical only,0.0929433462597919,0.27965932729801934
285,Clinical only,0.0390947575393702,0.09335276945572585
286,Clinical only,0.099000669405431,0.276507434537947
287,Clinical only,0.0395214927666384,0.1010055514379353
288,Clinical only,0.0973514885007601,0.2750577409234654
289,Clinical only,0.1143235002054638,0.09005973136879591
290,Clinical only,0.0358960675512091,0.07731875394725787
291,Clinical only,0.063808347440312,0.2748052787637005
292,Clinical only,0.1074784830506401,0.2742945904551751
293,Clinical only,0.1107546130555097,0.2738474402400245
294,Clinical only,0.0846685367825731,0.12374012918273194
295,Clinical only,0.0874184527673838,0.308937516116175
296,Clinical only,0.099000669405431,0.276507434537947
297,Clinical only,0.0304814417433235,0.1022936077500678
298,Clinical only,0.0712929782579397,0.2900697088719853
299,Clinical only,0.1053625771569087,0.29515538800746016
300,Clinical only,0.1060844523173887,0.08261802939011367
301,Clinical only,0.0847469532067883,0.2690047284413106
302,Clinical only,0.0304252669895675,0.10641102669313295
303,Clinical only,0.0563892067321427,0.28309072297525834
304,Clinical only,0.1013535229763634,0.2749965703019651
305,Clinical only,0.0823443904613897,0.2965398521546809
306,Clinical only,0.0709587096820373,0.27953664211963064
307,Clinical only,0.1074784830506401,0.2742945904551751
308,Clinical only,0.0843792965748557,0.11898490029731655
309,Clinical only,0.0622012773271284,0.08791080648893819
310,Clinical only,0.0622012773271284,0.08863252706442648
311,Clinical only,0.0394050483956242,0.07906076116524535
312,Clinical only,0.0988627893424969,0.11187421182005242
313,Clinical only,0.0934890692016399,0.26968172609641555
314,Clinical only,0.0629074563206648,0.27849791613620756
315,Clinical only,0.0304814417433235,0.1022936077500678
316,Clinical only,0.0844663550731671,0.28532067488661594
317,Clinical only,0.0481269109017952,0.07071352139065262
318,Clinical only,0.0758685105589299,0.2714678587097291
319,Clinical only,0.0950399439144676,0.2773853128786697
320,Clinical only,0.0747333776282938,0.2847066868515209
321,Clinical only,0.0622012773271284,0.08863252706442648
322,Clinical only,0.096232186183684,0.0783696991091029
323,Clinical only,0.0667695022035443,0.2636226598317023
324,Clinical only,0.1143235002054638,0.09005973136879591
325,Clinical only,0.0846685367825731,0.12374012918273194
326,Clinical only,0.1055370510214547,0.29065434004465074
327,Clinical only,0.096641205075532,0.2750577409234654
328,Clinical only,0.0721551734063551,0.25817087305553404
329,Clinical only,0.0941506271603991,0.07111417995235635
330,Clinical only,0.057372819357761,0.107698917393318
331,Clinical only,0.0846685367825731,0.12374012918273194
332,Clinical only,0.0500561146897229,0.09730412590632198
333,Clinical only,0.0852965230441207,0.2736063233441456
334,Clinical only,0.089262433456667,0.27248146281280733
335,Clinical only,0.1025383565308522,0.27109963936557047
336,Clinical only,0.1074784830506401,0.2742945904551751
337,Clinical only,0.084279752325173,0.12374012918273194
338,Clinical only,0.1044494132952872,0.08000501006060785
339,Clinical only,0.0907898674861805,0.2714275186402089
340,Clinical only,0.1033702654730742,0.08503953070676386
341,Clinical only,0.0624132960513947,0.2707522530200325
342,Clinical only,0.1064984822029128,0.2966904396895627
343,Clinical only,0.0810855654813099,0.2965398521546809
344,Clinical only,0.0823443904613897,0.2965398521546809
345,Clinical only,0.1118567963305382,0.0854373285853313
346,Clinical only,0.0394050483956242,0.07906076116524535
347,Clinical only,0.063808347440312,0.27591379993907117
348,Clinical only,0.1152080436994788,0.09005973136879591
349,Clinical only,0.1074784830506401,0.2742945904551751
350,Clinical only,0.0624132960513947,0.2696495845749589
351,Clinical only,0.0266234740822589,0.10318514680201585
352,Clinical only,0.1061939033951702,0.08261802939011367
353,Clinical only,0.0700678500214494,0.26103947617135675
354,Clinical only,0.0865954524752024,0.27374700770084
355,Clinical only,0.1068089891539279,0.2742945904551751
356,Clinical only,0.113121291472702,0.09119814279257374
357,Clinical only,0.0967888459620655,0.1102690277131095
358,Clinical only,0.0979275031354697,0.2767901269718612
359,Clinical only,0.0707297592287286,0.25563205781587933
360,Clinical only,0.0883681152855686,0.27134878663105033
361,Clinical only,0.0266234740822589,0.10247022337500464
362,Clinical only,0.0327862859274411,0.0913866582977349
363,Clinical only,0.0624132960513947,0.2707522530200325
364,Clinical only,0.1021370619485538,0.08533904992739377
365,Clinical only,0.0825066787790914,0.3022510776833509
366,Clinical only,0.0734892023024813,0.2847066868515209
367,Clinical only,0.0977074261348276,0.08090482327304191
368,Clinical only,0.0591966586851619,0.28149439041599006
369,Clinical only,0.0941506271603991,0.07111417995235635
1,Clin + Radiomics,0.0931317313651527,0.1640813722096979
2,Clin + Radiomics,0.0847637963082912,0.15582799304348327
3,Clin + Radiomics,0.0889882581001548,0.15975400747989935
4,Clin + Radiomics,0.0884301784141242,0.204978379692404
5,Clin + Radiomics,0.0749717530808212,0.15392615472931387
6,Clin + Radiomics,0.0807732638453399,0.1619675028722285
7,Clin + Radiomics,0.1060554589331973,0.20243336550017077
8,Clin + Radiomics,0.0839783313447772,0.11172731649639162
9,Clin + Radiomics,0.1011257557200696,0.1997472910696877
10,Clin + Radiomics,0.0572918769979206,0.14131156207604273
11,Clin + Radiomics,0.0765987992866965,0.2191005042761631
12,Clin + Radiomics,0.0802193077933155,0.1350694280135118
13,Clin + Radiomics,0.0702249229076423,0.20006054040163862
14,Clin + Radiomics,0.0725490892188289,0.20515766858931472
15,Clin + Radiomics,0.0985133115261955,0.15086613515231004
16,Clin + Radiomics,0.0879067909575442,0.22597830906946167
17,Clin + Radiomics,0.0949720626301261,0.20091079804636236
18,Clin + Radiomics,0.103834037406229,0.20063460323199228
19,Clin + Radiomics,0.097091052975995,0.1746028075701864
20,Clin + Radiomics,0.1083042690709905,0.19679437901283156
21,Clin + Radiomics,0.0949637708711499,0.20133996638623886
22,Clin + Radiomics,0.0750011783542299,0.19100913162307845
23,Clin + Radiomics,0.1002465707729341,0.1335678587126092
24,Clin + Radiomics,0.0987427846865754,0.21781588582149786
25,Clin + Radiomics,0.0767263686806602,0.18971249826563158
26,Clin + Radiomics,0.0671108426837754,0.20411263337084745
27,Clin + Radiomics,0.0808313981640253,0.15906234526686222
28,Clin + Radiomics,0.1068702234892468,0.14811860733954893
29,Clin + Radiomics,0.1006010785146413,0.12206312995439267
30,Clin + Radiomics,0.0742911160966437,0.12003160045069347
31,Clin + Radiomics,0.0970034904107493,0.15775714153787612
32,Clin + Radiomics,0.0580442464966886,0.12085881547802715
33,Clin + Radiomics,0.0758165625641611,0.13349654143626397
34,Clin + Radiomics,0.0976221540236471,0.18650328827205384
35,Clin + Radiomics,0.0791722650335053,0.13348332832890078
36,Clin + Radiomics,0.112961315430898,0.20458541755828355
37,Clin + Radiomics,0.0782866482455547,0.21290442243731342
38,Clin + Radiomics,0.0886743262608587,0.1297664647319391
39,Clin + Radiomics,0.0776089791024447,0.12717272799647994
40,Clin + Radiomics,0.0576873844812568,0.19194991134656605
41,Clin + Radiomics,0.089802012305282,0.13527317634991076
42,Clin + Radiomics,0.0707819460972238,0.21274376027654915
43,Clin + Radiomics,0.0892320446464727,0.12995538979200552
44,Clin + Radiomics,0.0997950452961692,0.2011683453149239
45,Clin + Radiomics,0.0932293365978591,0.1997019898598653
46,Clin + Radiomics,0.0807567660412741,0.13910804406476956
47,Clin + Radiomics,0.1056786575853456,0.13645074575626698
48,Clin + Radiomics,0.1014150074897806,0.20689625502890172
49,Clin + Radiomics,0.0558951504057193,0.12709538454807043
50,Clin + Radiomics,0.0982634993096652,0.20083029540400166
51,Clin + Radiomics,0.0581312630877184,0.19180693594908463
52,Clin + Radiomics,0.0615464399909824,0.14898428987846596
53,Clin + Radiomics,0.0710347290641979,0.147693602119032
54,Clin + Radiomics,0.1137148371006114,0.14795022179490158
55,Clin + Radiomics,0.0633062618543908,0.20991603753842264
56,Clin + Radiomics,0.0971825624633923,0.22985816422037736
57,Clin + Radiomics,0.0701098067434495,0.15027575427145967
58,Clin + Radiomics,0.1052553477821461,0.11788136625461745
59,Clin + Radiomics,0.1144273842231335,0.2104857092801905
60,Clin + Radiomics,0.0595347564457755,0.20778810476870324
61,Clin + Radiomics,0.1048803355922771,0.1437143018936115
62,Clin + Radiomics,0.0880047118315612,0.20222298056094487
63,Clin + Radiomics,0.0829998489646714,0.2022192649515727
64,Clin + Radiomics,0.0744898188398416,0.16403970569321277
65,Clin + Radiomics,0.0943566793089936,0.12180997425542099
66,Clin + Radiomics,0.07521244382877,0.13401854266535293
67,Clin + Radiomics,0.0859210781922997,0.19779146834641342
68,Clin + Radiomics,0.088758844459571,0.1843162119087257
69,Clin + Radiomics,0.1032879898920855,0.20211181024567473
70,Clin + Radiomics,0.0628094676596722,0.19618263971776925
71,Clin + Radiomics,0.0524021151008962,0.2056537302142775
72,Clin + Radiomics,0.0974756418938073,0.2157798542978157
73,Clin + Radiomics,0.1042112259312293,0.20027764001164813
74,Clin + Radiomics,0.0965831376039116,0.13878671223710115
75,Clin + Radiomics,0.0719089078127784,0.19852749004525663
76,Clin + Radiomics,0.1023417727205946,0.13219404156763798
77,Clin + Radiomics,0.1189710717766828,0.20546380024254143
78,Clin + Radiomics,0.0699309650983524,0.12880959372480452
79,Clin + Radiomics,0.0596229392803577,0.21310934607672138
80,Clin + Radiomics,0.0980650544921082,0.21089655588514364
81,Clin + Radiomics,0.0668222110553762,0.20744187473068093
82,Clin + Radiomics,0.0961003379070806,0.1377178688596424
83,Clin + Radiomics,0.07419186072425,0.1612583289309625
84,Clin + Radiomics,0.0855412977034544,0.14644144780284
85,Clin + Radiomics,0.1037602580277007,0.13998076435020576
86,Clin + Radiomics,0.0662180760492145,0.1295679857688285
87,Clin + Radiomics,0.0648998527701432,0.22372600055674718
88,Clin + Radiomics,0.0586082171582014,0.20799198813232858
89,Clin + Radiomics,0.0868746248345202,0.21632315294623897
90,Clin + Radiomics,0.1131227739217942,0.147332486192325
91,Clin + Radiomics,0.103842090869992,0.20682957442111527
92,Clin + Radiomics,0.1019365500741175,0.14466863283183443
93,Clin + Radiomics,0.0571020867234832,0.12677353862269158
94,Clin + Radiomics,0.0936117524170382,0.12803151419745984
95,Clin + Radiomics,0.0592469510498023,0.12876651153628277
96,Clin + Radiomics,0.1034015554400052,0.2099713260980422
97,Clin + Radiomics,0.0779985022709198,0.20488167588025394
98,Clin + Radiomics,0.1037980859821951,0.14570154811192618
99,Clin + Radiomics,0.077384928998778,0.1415016971683929
100,Clin + Radiomics,0.0984515257210725,0.1964613973837069
101,Clin + Radiomics,0.0842812320938202,0.21256588284183447
102,Clin + Radiomics,0.064452239986225,0.2056975769147466
103,Clin + Radiomics,0.0662140723687916,0.1990994637481095
104,Clin + Radiomics,0.1153531709126132,0.2047112062276632
105,Clin + Radiomics,0.0723643884462273,0.14132727630796724
106,Clin + Radiomics,0.0660959683291302,0.14475109480522483
107,Clin + Radiomics,0.0528764756212269,0.12721075442007249
108,Clin + Radiomics,0.0883084515946133,0.19608266680521963
109,Clin + Radiomics,0.0710122223629863,0.13677819179426778
110,Clin + Radiomics,0.0958416563659528,0.195414548818013
111,Clin + Radiomics,0.0688248745083526,0.14683704876918316
112,Clin + Radiomics,0.0924776329334336,0.21584977273535663
113,Clin + Radiomics,0.0663745602981823,0.2059105111425217
114,Clin + Radiomics,0.0866250600099617,0.17357928597843394
115,Clin + Radiomics,0.0959404449297079,0.12874140856910923
116,Clin + Radiomics,0.1001721703981875,0.12124511139982859
117,Clin + Radiomics,0.0726620903513823,0.21269214314001333
118,Clin + Radiomics,0.1030438226664026,0.21243747803668278
119,Clin + Radiomics,0.1040883651299521,0.19647163206412463
120,Clin + Radiomics,0.060733811874284,0.21167330877753876
121,Clin + Radiomics,0.1113442600841674,0.20085777435674537
122,Clin + Radiomics,0.1041702792223111,0.13692314468762876
123,Clin + Radiomics,0.0760628642999109,0.13915405742042541
124,Clin + Radiomics,0.0596974307393913,0.21515904836843322
125,Clin + Radiomics,0.1037850318613688,0.201252703994126
126,Clin + Radiomics,0.0849946334925465,0.1282707805328869
127,Clin + Radiomics,0.070173102216821,0.1363406448695668
128,Clin + Radiomics,0.0844972188211223,0.19236686803729777
129,Clin + Radiomics,0.0839547149719784,0.15214717738115624
130,Clin + Radiomics,0.097093454727458,0.20022421878505953
131,Clin + Radiomics,0.0662489083811119,0.11873551904531035
132,Clin + Radiomics,0.0872468618341125,0.1483842421457062
133,Clin + Radiomics,0.0995688396289632,0.14802874210165493
134,Clin + Radiomics,0.1132217261040969,0.18430278167788006
135,Clin + Radiomics,0.0931806401844772,0.20801017629156604
136,Clin + Radiomics,0.0745244262974775,0.14172922685356618
137,Clin + Radiomics,0.0777831987241133,0.12463739000429712
138,Clin + Radiomics,0.0843030385013746,0.20377736900794874
139,Clin + Radiomics,0.0819120193469936,0.18830510524645222
140,Clin + Radiomics,0.1058734207446912,0.14324476649546106
141,Clin + Radiomics,0.0606100533863514,0.13171204033788642
142,Clin + Radiomics,0.0689635956710142,0.12473102752762018
143,Clin + Radiomics,0.0695670570299924,0.11237945798749847
144,Clin + Radiomics,0.0581515676823149,0.19083239493398274
145,Clin + Radiomics,0.0967487936999731,0.16187704651542292
146,Clin + Radiomics,0.0543234247558717,0.12080067136106451
147,Clin + Radiomics,0.0796656501876829,0.14080869028940288
148,Clin + Radiomics,0.1101126020283127,0.20142151123334326
149,Clin + Radiomics,0.068657846402981,0.22709335044808324
150,Clin + Radiomics,0.0799823094015602,0.1567727532237801
151,Clin + Radiomics,0.0934449709315869,0.1496278998163765
152,Clin + Radiomics,0.0754768885518588,0.13484896757980988
153,Clin + Radiomics,0.0866402844599018,0.20452837110096084
154,Clin + Radiomics,0.0989731696634566,0.18164812240548883
155,Clin + Radiomics,0.0941670015699942,0.22915191470061289
156,Clin + Radiomics,0.1157572288734391,0.15571915234244676
157,Clin + Radiomics,0.0679113497485556,0.1806503498816882
158,Clin + Radiomics,0.0668582366539864,0.18539672969725013
159,Clin + Radiomics,0.0737096885642078,0.12479243256083894
160,Clin + Radiomics,0.0688291257774071,0.12822177514526953
161,Clin + Radiomics,0.0720496620908789,0.1815206256569786
162,Clin + Radiomics,0.0663766153366465,0.12273109574884951
163,Clin + Radiomics,0.0628491546300338,0.12572442278598697
164,Clin + Radiomics,0.0542723218694814,0.13686801398522697
165,Clin + Radiomics,0.0961742907097432,0.21929716377631134
166,Clin + Radiomics,0.0537525377858581,0.1899918508938322
167,Clin + Radiomics,0.0632461298377982,0.20912016851026896
168,Clin + Radiomics,0.0771266765101604,0.18993967736662967
169,Clin + Radiomics,0.0627742822271014,0.1366221406196134
170,Clin + Radiomics,0.0985884547321228,0.20231390529411755
171,Clin + Radiomics,0.0811243155394772,0.2035191705257995
172,Clin + Radiomics,0.0971436347935126,0.21621276360710234
173,Clin + Radiomics,0.0952587153126419,0.13658751911318806
174,Clin + Radiomics,0.0933388222113665,0.14301899817425007
175,Clin + Radiomics,0.0701005913047834,0.1451117736858537
176,Clin + Radiomics,0.0802929123833537,0.15370729566288766
177,Clin + Radiomics,0.0712929268086132,0.11726252947219601
178,Clin + Radiomics,0.0543407233699893,0.18618120123762258
179,Clin + Radiomics,0.0777779540721648,0.19433040284154735
180,Clin + Radiomics,0.0863077799238938,0.1524155726520545
181,Clin + Radiomics,0.084145494130364,0.17873894943567661
182,Clin + Radiomics,0.0827913460403176,0.15356086713794742
183,Clin + Radiomics,0.0657012113391376,0.22063981144043274
184,Clin + Radiomics,0.0799139660357052,0.12469805820055574
185,Clin + Radiomics,0.1006346327988492,0.20491091806730338
186,Clin + Radiomics,0.0552505928152266,0.18626381526460914
187,Clin + Radiomics,0.0772836804147166,0.12793480246106678
188,Clin + Radiomics,0.0859522506444424,0.146393600247595
189,Clin + Radiomics,0.0806473601757829,0.13211558366510323
190,Clin + Radiomics,0.0636006047904343,0.13202859488718077
191,Clin + Radiomics,0.0670401776956842,0.2102199916413108
192,Clin + Radiomics,0.0678829332121917,0.21329795551549366
193,Clin + Radiomics,0.0701562719778554,0.1953233590673442
194,Clin + Radiomics,0.088834194242837,0.19194268189006924
195,Clin + Radiomics,0.0716392312171841,0.22096207347503027
196,Clin + Radiomics,0.0677170924916364,0.1414831213158661
197,Clin + Radiomics,0.082187376356629,0.20575489319490126
198,Clin + Radiomics,0.0614612222323446,0.19725513124261965
199,Clin + Radiomics,0.0681750998507736,0.20980874436689412
200,Clin + Radiomics,0.0893691948874112,0.2066553253391677
201,Clin + Radiomics,0.0703035068086687,0.2076871364064864
202,Clin + Radiomics,0.0892397617995123,0.18818486534272327
203,Clin + Radiomics,0.0989512585399496,0.15376498694848095
204,Clin + Radiomics,0.0798733342476694,0.224564367504811
205,Clin + Radiomics,0.0638414207718355,0.19797102017926976
206,Clin + Radiomics,0.0686454580406865,0.13943312692657056
207,Clin + Radiomics,0.0729565205562876,0.20363391886216217
208,Clin + Radiomics,0.0888773570261716,0.20392376319169744
209,Clin + Radiomics,0.0697866475229089,0.15724808568065207
210,Clin + Radiomics,0.0699827380689918,0.18212028710926398
211,Clin + Radiomics,0.0868749595348503,0.13158258541215104
212,Clin + Radiomics,0.0963082420032487,0.14991021355680378
213,Clin + Radiomics,0.0739155636310417,0.20379016043235343
214,Clin + Radiomics,0.1154550845589603,0.14521131621100877
215,Clin + Radiomics,0.094173135694535,0.19986335048815534
216,Clin + Radiomics,0.0820131464753016,0.18560018450550467
217,Clin + Radiomics,0.1055667159713317,0.20094995726417642
218,Clin + Radiomics,0.0762865302339717,0.13986182787705553
219,Clin + Radiomics,0.0776735222003856,0.13205443016373986
220,Clin + Radiomics,0.0635507021199637,0.12918440883182608
221,Clin + Radiomics,0.0963264092704849,0.21134808958962067
222,Clin + Radiomics,0.0540930103003089,0.19575772658031027
223,Clin + Radiomics,0.0676999322138458,0.12940275740241
224,Clin + Radiomics,0.0692955268282549,0.19887832067080638
225,Clin + Radiomics,0.1029398398854901,0.19761806601231285
226,Clin + Radiomics,0.0690358500142337,0.14735207266545766
227,Clin + Radiomics,0.1016746367651154,0.12387816034343818
228,Clin + Radiomics,0.0461038662357915,0.18203878071103216
229,Clin + Radiomics,0.1100663294970915,0.19047033074212016
230,Clin + Radiomics,0.0682849980547434,0.19979700956014756
231,Clin + Radiomics,0.0602579987763602,0.1211984099915772
232,Clin + Radiomics,0.0828899525006628,0.13804911566329903
233,Clin + Radiomics,0.1017960126182428,0.15058257750854975
234,Clin + Radiomics,0.0865088552031958,0.13885056022913633
235,Clin + Radiomics,0.0760196193287148,0.19790328934935833
236,Clin + Radiomics,0.0629406884124007,0.11164777460947696
237,Clin + Radiomics,0.0997377031267926,0.15647277230710213
238,Clin + Radiomics,0.0758597357667936,0.14831281447760086
239,Clin + Radiomics,0.0972433991089613,0.21457059713477047
240,Clin + Radiomics,0.0985026842890276,0.1977813436471201
241,Clin + Radiomics,0.0757582862147307,0.14679680311442128
242,Clin + Radiomics,0.0934546066623365,0.1838751339086641
243,Clin + Radiomics,0.0732474996197634,0.11920302974843909
244,Clin + Radiomics,0.0973891447131234,0.19975439100988365
245,Clin + Radiomics,0.1038480004037592,0.13144532676797946
246,Clin + Radiomics,0.0770509354741618,0.13958154526825522
247,Clin + Radiomics,0.0814322461445699,0.1362899259023045
248,Clin + Radiomics,0.0635555930902527,0.202736014415973
249,Clin + Radiomics,0.0927922228744856,0.1406140535148934
250,Clin + Radiomics,0.0781669346632377,0.2045898545346924
251,Clin + Radiomics,0.0638492493726886,0.12514304263626644
252,Clin + Radiomics,0.0713543299905658,0.21103623810639402
253,Clin + Radiomics,0.0888169479533331,0.1293639582264186
254,Clin + Radiomics,0.0566716227534663,0.1178802446646989
255,Clin + Radiomics,0.0941830009204762,0.1342900518704144
256,Clin + Radiomics,0.0805499031638308,0.1239513329489378
257,Clin + Radiomics,0.0943005650844414,0.1456838983169447
258,Clin + Radiomics,0.0852515176279004,0.1819925429354621
259,Clin + Radiomics,0.059727389178152,0.11579999366954606
260,Clin + Radiomics,0.1140756618000308,0.12884984881923622
261,Clin + Radiomics,0.0787026386563646,0.20207135562522194
262,Clin + Radiomics,0.0770192745577216,0.20557570432598746
263,Clin + Radiomics,0.0475546872482341,0.11549497992993038
264,Clin + Radiomics,0.1116733102011946,0.1410916705583339
265,Clin + Radiomics,0.0640101376040347,0.18553997911315953
266,Clin + Radiomics,0.0934954388606943,0.21619406445102496
267,Clin + Radiomics,0.084594248703294,0.1798308970154697
268,Clin + Radiomics,0.1028476723741663,0.14168138618555676
269,Clin + Radiomics,0.0932366048152772,0.1628780825751474
270,Clin + Radiomics,0.0940014334440437,0.1383055268210829
271,Clin + Radiomics,0.0862816245272633,0.1360227332160426
272,Clin + Radiomics,0.0869259052109366,0.21564560285488596
273,Clin + Radiomics,0.0534237831373208,0.20268800366367073
274,Clin + Radiomics,0.0619214918945336,0.12917112523143692
275,Clin + Radiomics,0.0849892182327494,0.1498998125388948
276,Clin + Radiomics,0.0940932265782803,0.229274908679699
277,Clin + Radiomics,0.0864086417805397,0.12084839431509664
278,Clin + Radiomics,0.1023703912822163,0.14983068703985838
279,Clin + Radiomics,0.0703118738835724,0.11855890032760957
280,Clin + Radiomics,0.0919175325533981,0.2147927441946578
281,Clin + Radiomics,0.0812604110896295,0.13240441102668826
282,Clin + Radiomics,0.0716525133231806,0.20429845279396355
283,Clin + Radiomics,0.1029834285261549,0.20373344750324074
284,Clin + Radiomics,0.0763835484930298,0.21498346297432372
285,Clin + Radiomics,0.0480917417240967,0.1322803099958776
286,Clin + Radiomics,0.0874141547845083,0.2104226496018342
287,Clin + Radiomics,0.0677476799664387,0.14373749745721284
288,Clin + Radiomics,0.1029212226145975,0.20353142618493192
289,Clin + Radiomics,0.08272671529748,0.11574625379548492
290,Clin + Radiomics,0.1008747570730578,0.1533225943423602
291,Clin + Radiomics,0.0753416383732626,0.21373012829667573
292,Clin + Radiomics,0.1046822602035023,0.20061955983269997
293,Clin + Radiomics,0.0769474030292001,0.1967752922389501
294,Clin + Radiomics,0.0727974192855971,0.14327791894377487
295,Clin + Radiomics,0.0696620478231159,0.1951346821936877
296,Clin + Radiomics,0.0696707184753072,0.1858211043534909
297,Clin + Radiomics,0.0549438385284224,0.1374852399783719
298,Clin + Radiomics,0.1022585773571795,0.21510038574663223
299,Clin + Radiomics,0.1097621811245236,0.21383325069543407
300,Clin + Radiomics,0.0887197861690912,0.12283732657841111
301,Clin + Radiomics,0.1097845251028511,0.21559028210455475
302,Clin + Radiomics,0.0579748994168786,0.128063895885191
303,Clin + Radiomics,0.0556264152110315,0.20548055386011999
304,Clin + Radiomics,0.1065008331897277,0.22115765286372432
305,Clin + Radiomics,0.0961833180239814,0.21840896105798022
306,Clin + Radiomics,0.0691935378398635,0.17893257683104055
307,Clin + Radiomics,0.0534425517641976,0.19714449548473398
308,Clin + Radiomics,0.0788924734376449,0.15207380325708997
309,Clin + Radiomics,0.0875703039748477,0.1622125204074103
310,Clin + Radiomics,0.097347853697412,0.14023742403457418
311,Clin + Radiomics,0.0713083372990171,0.13199116523057636
312,Clin + Radiomics,0.0521001541492759,0.1272178118302285
313,Clin + Radiomics,0.0608703374953096,0.19958258047882485
314,Clin + Radiomics,0.0932381870194965,0.20377975211241237
315,Clin + Radiomics,0.1004904051993331,0.14110990241253962
316,Clin + Radiomics,0.0777213432367417,0.2191415485308988
317,Clin + Radiomics,0.0954114500883306,0.13972174638629695
318,Clin + Radiomics,0.0793379106152999,0.18153076747547695
319,Clin + Radiomics,0.0938521610843474,0.18180203357320823
320,Clin + Radiomics,0.1102803076278329,0.2078003604567204
321,Clin + Radiomics,0.0765513089540578,0.11980862993472016
322,Clin + Radiomics,0.0885196523713586,0.12410660998565128
323,Clin + Radiomics,0.0904606970040446,0.20077609781826575
324,Clin + Radiomics,0.0697447311404918,0.13344343672284925
325,Clin + Radiomics,0.0609088583428204,0.1352909386238908
326,Clin + Radiomics,0.0636028128959155,0.19649633331522498
327,Clin + Radiomics,0.0764632714937501,0.2005773858498486
328,Clin + Radiomics,0.0936548433632611,0.20505155115351603
329,Clin + Radiomics,0.0635566991089126,0.11685880275917458
330,Clin + Radiomics,0.0594171118226679,0.13122209911351937
331,Clin + Radiomics,0.0873468705929381,0.15045732213645688
332,Clin + Radiomics,0.0601718032830609,0.14338247493711423
333,Clin + Radiomics,0.0649319373213278,0.21299454291509007
334,Clin + Radiomics,0.0869524699016604,0.18547567417964886
335,Clin + Radiomics,0.1053720714427239,0.19493236473584433
336,Clin + Radiomics,0.0880506870914371,0.2287903417818124
337,Clin + Radiomics,0.0491684181743054,0.12499416198995103
338,Clin + Radiomics,0.1051739844946505,0.13625941818334422
339,Clin + Radiomics,0.091581253470132,0.17600128615198865
340,Clin + Radiomics,0.0499003666265596,0.11142258693956236
341,Clin + Radiomics,0.0947566460681589,0.20944843098399193
342,Clin + Radiomics,0.0548764156348715,0.1948000980165031
343,Clin + Radiomics,0.0962638246862209,0.21176592881310527
344,Clin + Radiomics,0.069100773472249,0.20091101450527135
345,Clin + Radiomics,0.0712523162382705,0.13923645838660473
346,Clin + Radiomics,0.1004791028414551,0.1461996441313431
347,Clin + Radiomics,0.0785504579251572,0.19077289597609617
348,Clin + Radiomics,0.0679045742364154,0.1264356347414925
349,Clin + Radiomics,0.0773371425930063,0.1978333206023879
350,Clin + Radiomics,0.1100951516253453,0.23059786084415945
351,Clin + Radiomics,0.0636103855493801,0.13979158238254036
352,Clin + Radiomics,0.0607438900125757,0.12058360406752469
353,Clin + Radiomics,0.0851417694642355,0.1823114545727463
354,Clin + Radiomics,0.0726978678769507,0.20061091233838835
355,Clin + Radiomics,0.0707754474600423,0.1796107619148794
356,Clin + Radiomics,0.0963819935845423,0.13570949111935332
357,Clin + Radiomics,0.0826644989231306,0.15861544506902084
358,Clin + Radiomics,0.0800704957817509,0.19214687781537818
359,Clin + Radiomics,0.0784318917542445,0.22134419998487137
360,Clin + Radiomics,0.0767243230172838,0.1888856939520803
361,Clin + Radiomics,0.078590693832748,0.13756646286727686
362,Clin + Radiomics,0.0775257447582221,0.14263164856564278
363,Clin + Radiomics,0.1123770371273507,0.19249930882043673
364,Clin + Radiomics,0.0553587304668254,0.12820231357395542
365,Clin + Radiomics,0.1013237751168725,0.2152269505671668
366,Clin + Radiomics,0.0797895823637241,0.20002235348239608
367,Clin + Radiomics,0.0712843267824961,0.13637039667215875
368,Clin + Radiomics,0.0547936942604657,0.20404808930389456
369,Clin + Radiomics,0.0762705235696053,0.14450016657673512
1,Clin + BiomedCLIP,0.0801954420038778,0.15474484997959534
2,Clin + BiomedCLIP,0.0690703201984656,0.1528803677568591
3,Clin + BiomedCLIP,0.0688830737359353,0.15372642079055904
4,Clin + BiomedCLIP,0.0987351207706866,0.2053831715286414
5,Clin + BiomedCLIP,0.0715540878284852,0.13590016081998788
6,Clin + BiomedCLIP,0.0673381580628516,0.13890358822419643
7,Clin + BiomedCLIP,0.0986971482783612,0.21123759094090985
8,Clin + BiomedCLIP,0.070396481401912,0.13670005160576407
9,Clin + BiomedCLIP,0.0552961288992227,0.1978791938941741
10,Clin + BiomedCLIP,0.0849822507593117,0.15290010029274606
11,Clin + BiomedCLIP,0.0735222142789035,0.21859421904867146
12,Clin + BiomedCLIP,0.1016123592280257,0.12813337868552255
13,Clin + BiomedCLIP,0.0831226410579389,0.2078432067263737
14,Clin + BiomedCLIP,0.0963636018021329,0.2015375095544132
15,Clin + BiomedCLIP,0.0672872859027802,0.1357114394174283
16,Clin + BiomedCLIP,0.0871336209815509,0.2167958859237731
17,Clin + BiomedCLIP,0.069301324420936,0.20147136821689404
18,Clin + BiomedCLIP,0.0799607378223425,0.1960110668797665
19,Clin + BiomedCLIP,0.0802711972564469,0.1400013357955672
20,Clin + BiomedCLIP,0.0950412826961183,0.20539141005753345
21,Clin + BiomedCLIP,0.0721332755173328,0.21685018775078804
22,Clin + BiomedCLIP,0.0909854877860983,0.23164712665915246
23,Clin + BiomedCLIP,0.0782656011570147,0.14588078298843082
24,Clin + BiomedCLIP,0.0799208495020523,0.2003688993651355
25,Clin + BiomedCLIP,0.0981400520444791,0.22100920705800145
26,Clin + BiomedCLIP,0.0776836891318709,0.2100559114721819
27,Clin + BiomedCLIP,0.0534842481799027,0.15608911244159052
28,Clin + BiomedCLIP,0.104433464641304,0.14683319788825538
29,Clin + BiomedCLIP,0.0787030878605166,0.122068638844791
30,Clin + BiomedCLIP,0.0730521171386862,0.14493147343092563
31,Clin + BiomedCLIP,0.0661566926880204,0.15089582219794748
32,Clin + BiomedCLIP,0.0730393402406465,0.1441623578019167
33,Clin + BiomedCLIP,0.0751044594904305,0.13462969332692948
34,Clin + BiomedCLIP,0.0874344794831754,0.204853766681882
35,Clin + BiomedCLIP,0.0660164692134196,0.13224735793186992
36,Clin + BiomedCLIP,0.0719726943019149,0.2088746090674137
37,Clin + BiomedCLIP,0.0748892490375089,0.24282535494847435
38,Clin + BiomedCLIP,0.0676493638713994,0.14375796435417765
39,Clin + BiomedCLIP,0.0873106176931582,0.1429320042098363
40,Clin + BiomedCLIP,0.088805228402287,0.2114135742475667
41,Clin + BiomedCLIP,0.0658726914149295,0.14101178635966208
42,Clin + BiomedCLIP,0.0514975638419787,0.20217388515627924
43,Clin + BiomedCLIP,0.0910715136851406,0.12370174785262464
44,Clin + BiomedCLIP,0.0885324001274931,0.21201768397766085
45,Clin + BiomedCLIP,0.0783394499062992,0.21903053655686877
46,Clin + BiomedCLIP,0.0613086458224589,0.1362871338915636
47,Clin + BiomedCLIP,0.0605732591344371,0.1313911280077534
48,Clin + BiomedCLIP,0.0907321923115174,0.2077890477711832
49,Clin + BiomedCLIP,0.0474319881061763,0.12214124942652949
50,Clin + BiomedCLIP,0.1010666079060541,0.20535613601697164
51,Clin + BiomedCLIP,0.074077115417633,0.22173134406044345
52,Clin + BiomedCLIP,0.0640576721976678,0.13991939796734293
53,Clin + BiomedCLIP,0.0812095995871487,0.15364749221706828
54,Clin + BiomedCLIP,0.0904439064672926,0.1376327485020676
55,Clin + BiomedCLIP,0.0606164051400268,0.20913941574485884
56,Clin + BiomedCLIP,0.0811569020218528,0.2188629257332036
57,Clin + BiomedCLIP,0.0737403701624985,0.14945156189893352
58,Clin + BiomedCLIP,0.0639865079348121,0.14137455376832397
59,Clin + BiomedCLIP,0.0630395115089883,0.19813881180736967
60,Clin + BiomedCLIP,0.0625851822400824,0.21765709940046452
61,Clin + BiomedCLIP,0.0751592356574931,0.13526057899214552
62,Clin + BiomedCLIP,0.0968846963315816,0.2052741142176588
63,Clin + BiomedCLIP,0.0965308988365676,0.21706010292649466
64,Clin + BiomedCLIP,0.0555947328299804,0.13307520747420798
65,Clin + BiomedCLIP,0.0626483354859889,0.1490525352459156
66,Clin + BiomedCLIP,0.0522522893235133,0.14077411511149218
67,Clin + BiomedCLIP,0.0633616292127682,0.2066302401477661
68,Clin + BiomedCLIP,0.0486993384400483,0.17311952646365958
69,Clin + BiomedCLIP,0.0552998571313651,0.19737469079750486
70,Clin + BiomedCLIP,0.0707618489585971,0.20860093593038423
71,Clin + BiomedCLIP,0.0867155512425926,0.19865849252736617
72,Clin + BiomedCLIP,0.0885519746723754,0.22126593331142813
73,Clin + BiomedCLIP,0.06399725311823,0.2114451886119375
74,Clin + BiomedCLIP,0.0604998819188303,0.14363948000081675
75,Clin + BiomedCLIP,0.0941325804014354,0.21063554203441726
76,Clin + BiomedCLIP,0.0569297308572481,0.12355919399469437
77,Clin + BiomedCLIP,0.0985119673197429,0.20056198614552143
78,Clin + BiomedCLIP,0.0622989720819567,0.14341136073319205
79,Clin + BiomedCLIP,0.0946947016617367,0.20464951304738702
80,Clin + BiomedCLIP,0.1101950144632581,0.21526089221010383
81,Clin + BiomedCLIP,0.0989138940104648,0.2061782785472849
82,Clin + BiomedCLIP,0.1081112745715205,0.16159762214060874
83,Clin + BiomedCLIP,0.0959632315987033,0.12430421829006698
84,Clin + BiomedCLIP,0.0270970837404849,0.12268960035507097
85,Clin + BiomedCLIP,0.1058430887511051,0.1438776945217406
86,Clin + BiomedCLIP,0.0477447951060151,0.13611283595926102
87,Clin + BiomedCLIP,0.090757499878408,0.1994711612536301
88,Clin + BiomedCLIP,0.0714709491742303,0.20153299734250496
89,Clin + BiomedCLIP,0.0831738744096262,0.21558677512985072
90,Clin + BiomedCLIP,0.0840669517056224,0.1332033950014384
91,Clin + BiomedCLIP,0.0971533423102632,0.18999164103668076
92,Clin + BiomedCLIP,0.0930652895641529,0.13942894257067262
93,Clin + BiomedCLIP,0.0829493525247007,0.1333912779191436
94,Clin + BiomedCLIP,0.0792484515930245,0.1643874253831351
95,Clin + BiomedCLIP,0.0537128004925778,0.12196234263735917
96,Clin + BiomedCLIP,0.0889823147001489,0.20192264354513162
97,Clin + BiomedCLIP,0.0646080079188909,0.19407504801143508
98,Clin + BiomedCLIP,0.0593803963581115,0.13493298211819432
99,Clin + BiomedCLIP,0.071034160698239,0.1250770373810534
100,Clin + BiomedCLIP,0.1063687155776259,0.20673967304389257
101,Clin + BiomedCLIP,0.1159883658223926,0.20109371453509245
102,Clin + BiomedCLIP,0.0543173701067774,0.21476234642104963
103,Clin + BiomedCLIP,0.0876200308058753,0.21430013156581823
104,Clin + BiomedCLIP,0.0708757512613678,0.21333120134578065
105,Clin + BiomedCLIP,0.027368654228285,0.13854766854286565
106,Clin + BiomedCLIP,0.065279888578895,0.14373041653517046
107,Clin + BiomedCLIP,0.0903865338150187,0.1518950343588039
108,Clin + BiomedCLIP,0.0986847208267272,0.2182197427740189
109,Clin + BiomedCLIP,0.0921126567014923,0.1436077420721349
110,Clin + BiomedCLIP,0.0872533590726823,0.20764712473697566
111,Clin + BiomedCLIP,0.0596271471924571,0.1335597091808645
112,Clin + BiomedCLIP,0.0768385958200868,0.20556102539699678
113,Clin + BiomedCLIP,0.0694037049273739,0.196605358680633
114,Clin + BiomedCLIP,0.0629736128921951,0.13350248490077452
115,Clin + BiomedCLIP,0.0823041162845663,0.14352394550557807
116,Clin + BiomedCLIP,0.0701360854140868,0.13089614585222528
117,Clin + BiomedCLIP,0.0777697690019956,0.21813754263311
118,Clin + BiomedCLIP,0.0695545645672207,0.2124145156461807
119,Clin + BiomedCLIP,0.0693452964327347,0.18841323239583552
120,Clin + BiomedCLIP,0.0715837224771117,0.20253731890981597
121,Clin + BiomedCLIP,0.0463152677934883,0.18487170717886245
122,Clin + BiomedCLIP,0.0632620123737722,0.12732978077993135
123,Clin + BiomedCLIP,0.0741342719399181,0.14112453127763952
124,Clin + BiomedCLIP,0.0779766383503952,0.21966959041152093
125,Clin + BiomedCLIP,0.0486464289492788,0.20406865462964763
126,Clin + BiomedCLIP,0.0929059989515625,0.14998529656974322
127,Clin + BiomedCLIP,0.0660371551798593,0.14789879062897185
128,Clin + BiomedCLIP,0.0734840834135516,0.20509848378850568
129,Clin + BiomedCLIP,0.0955712854947692,0.1452797534134157
130,Clin + BiomedCLIP,0.0927893436655612,0.20699058644295024
131,Clin + BiomedCLIP,0.0806372272884057,0.14141665166234796
132,Clin + BiomedCLIP,0.061924529605015,0.13642468335910649
133,Clin + BiomedCLIP,0.0683672096467609,0.1571142208562512
134,Clin + BiomedCLIP,0.0912013121065236,0.1798248382571995
135,Clin + BiomedCLIP,0.0697430384878447,0.2056896061302533
136,Clin + BiomedCLIP,0.0730396745075833,0.14568309126112694
137,Clin + BiomedCLIP,0.0900754871514108,0.15560746207375165
138,Clin + BiomedCLIP,0.0797103712713267,0.20172068084889547
139,Clin + BiomedCLIP,0.0943410146885644,0.2210511207302819
140,Clin + BiomedCLIP,0.0778911462961055,0.14767465029309343
141,Clin + BiomedCLIP,0.0677481733503249,0.1420601332465857
142,Clin + BiomedCLIP,0.0812634792414107,0.14724660578881446
143,Clin + BiomedCLIP,0.074655925480132,0.12318094662770154
144,Clin + BiomedCLIP,0.0758125116948046,0.210192853035747
145,Clin + BiomedCLIP,0.0734764686981654,0.13739711240031227
146,Clin + BiomedCLIP,0.0891871196708188,0.12516824863223006
147,Clin + BiomedCLIP,0.072834632927734,0.1367722895994949
148,Clin + BiomedCLIP,0.1055914799571749,0.2255343410907684
149,Clin + BiomedCLIP,0.1008949397544659,0.20522371624639532
150,Clin + BiomedCLIP,0.0679959242569563,0.14563903921373855
151,Clin + BiomedCLIP,0.0895845766436087,0.1318045754710426
152,Clin + BiomedCLIP,0.0513119900888677,0.14155534168489084
153,Clin + BiomedCLIP,0.1046294368640645,0.2122934202259901
154,Clin + BiomedCLIP,0.0795921226567481,0.2052699903646818
155,Clin + BiomedCLIP,0.0705076102440121,0.21698490031550907
156,Clin + BiomedCLIP,0.0779748230380372,0.13378538314866137
157,Clin + BiomedCLIP,0.0648352950768751,0.19271250347691568
158,Clin + BiomedCLIP,0.0441904334898789,0.20260077644681132
159,Clin + BiomedCLIP,0.0780774740643906,0.15478963202854834
160,Clin + BiomedCLIP,0.0767258418608804,0.14134124259524816
161,Clin + BiomedCLIP,0.0829047758095701,0.19732820259604922
162,Clin + BiomedCLIP,0.0428511589878583,0.13946871875602462
163,Clin + BiomedCLIP,0.0596321664124693,0.13044114618621896
164,Clin + BiomedCLIP,0.0752911261997503,0.1674860870708397
165,Clin + BiomedCLIP,0.0771543902447107,0.19073301193076816
166,Clin + BiomedCLIP,0.0659236963819181,0.21702193211973406
167,Clin + BiomedCLIP,0.0662476683003389,0.21596406623204464
168,Clin + BiomedCLIP,0.0794696172046334,0.21415114877176272
169,Clin + BiomedCLIP,0.0816533221618447,0.14192112833134526
170,Clin + BiomedCLIP,0.0848841280289935,0.21468591765239017
171,Clin + BiomedCLIP,0.0944192921519713,0.20273200971397223
172,Clin + BiomedCLIP,0.0962653331241624,0.19387450020874122
173,Clin + BiomedCLIP,0.0785864473425052,0.12979766348702498
174,Clin + BiomedCLIP,0.1005595224201703,0.16258198584721925
175,Clin + BiomedCLIP,0.0863722678049504,0.13655084380438245
176,Clin + BiomedCLIP,0.0903518607188073,0.14534235913558924
177,Clin + BiomedCLIP,0.0567142593520749,0.13208628864986738
178,Clin + BiomedCLIP,0.0961842163454995,0.2112164721703008
179,Clin + BiomedCLIP,0.0768402421500341,0.2049857134456366
180,Clin + BiomedCLIP,0.0976460375059728,0.13143233757215297
181,Clin + BiomedCLIP,0.093822705299535,0.21200592644731392
182,Clin + BiomedCLIP,0.0675256710843056,0.1214601682894748
183,Clin + BiomedCLIP,0.0861172852494741,0.21124573881327402
184,Clin + BiomedCLIP,0.0501528013057739,0.13039823854174876
185,Clin + BiomedCLIP,0.0820012453309499,0.22007532823414372
186,Clin + BiomedCLIP,0.0919703723255536,0.2061593658780128
187,Clin + BiomedCLIP,0.1109845895034127,0.14353266156983915
188,Clin + BiomedCLIP,0.0696269344023722,0.14418697473289746
189,Clin + BiomedCLIP,0.0672487756197628,0.14561221004420163
190,Clin + BiomedCLIP,0.0630841259253377,0.1468264855135569
191,Clin + BiomedCLIP,0.0996913336341943,0.21747669220838245
192,Clin + BiomedCLIP,0.0732843981112051,0.21394199023543642
193,Clin + BiomedCLIP,0.0690515416779853,0.1924845664482379
194,Clin + BiomedCLIP,0.0787248317928214,0.20264301423305042
195,Clin + BiomedCLIP,0.0973043561159315,0.22287801102154672
196,Clin + BiomedCLIP,0.0671699115491252,0.13913561520133214
197,Clin + BiomedCLIP,0.0912025029388873,0.2091976841758034
198,Clin + BiomedCLIP,0.0801713605729183,0.19824867752839356
199,Clin + BiomedCLIP,0.0854651198866503,0.1874194644279482
200,Clin + BiomedCLIP,0.0658938716231383,0.18464296069961653
201,Clin + BiomedCLIP,0.0928510288859689,0.2052324485169664
202,Clin + BiomedCLIP,0.0836228989072788,0.21836242892889912
203,Clin + BiomedCLIP,0.0883494404058238,0.1486901018117204
204,Clin + BiomedCLIP,0.0452211377094357,0.19896440231187867
205,Clin + BiomedCLIP,0.0843768818350896,0.19874451222798814
206,Clin + BiomedCLIP,0.0684465527258886,0.14825351155794209
207,Clin + BiomedCLIP,0.077691003958382,0.19555184090658606
208,Clin + BiomedCLIP,0.0758920120075698,0.21181160054159906
209,Clin + BiomedCLIP,0.1028297358551214,0.1459595355954355
210,Clin + BiomedCLIP,0.0739424701196621,0.20436885697923138
211,Clin + BiomedCLIP,0.0905623632736265,0.13872164962451058
212,Clin + BiomedCLIP,0.0712312750016663,0.15020204438963486
213,Clin + BiomedCLIP,0.1046388220096068,0.20186798158587851
214,Clin + BiomedCLIP,0.0749702847462536,0.15353199479087154
215,Clin + BiomedCLIP,0.1037918066212475,0.21789188572862653
216,Clin + BiomedCLIP,0.1004208271058621,0.20743284670975784
217,Clin + BiomedCLIP,0.0710744711559416,0.18634990877988633
218,Clin + BiomedCLIP,0.0593419964575969,0.1418318791186637
219,Clin + BiomedCLIP,0.0876078788546978,0.15655653874453798
220,Clin + BiomedCLIP,0.0691629445870199,0.1369396561558916
221,Clin + BiomedCLIP,0.0763823656412923,0.20902833230274043
222,Clin + BiomedCLIP,0.0944973168211616,0.2042436195622057
223,Clin + BiomedCLIP,0.0953452038530652,0.12971572771549209
224,Clin + BiomedCLIP,0.078229752248351,0.20184460320851771
225,Clin + BiomedCLIP,0.1014580618861552,0.2053620814173246
226,Clin + BiomedCLIP,0.0914864116846213,0.15791885125417507
227,Clin + BiomedCLIP,0.0791253326195834,0.1457713322487137
228,Clin + BiomedCLIP,0.0903695584926477,0.1859567642345909
229,Clin + BiomedCLIP,0.0789901735116157,0.19444561822098952
230,Clin + BiomedCLIP,0.0648890087547089,0.20199821188158004
231,Clin + BiomedCLIP,0.0467565619770504,0.1390966600572886
232,Clin + BiomedCLIP,0.0699957432859677,0.12900159427773275
233,Clin + BiomedCLIP,0.0665761902887285,0.14483915767612834
234,Clin + BiomedCLIP,0.0744842949068633,0.1414863079707228
235,Clin + BiomedCLIP,0.0771282445482728,0.19776942615793794
236,Clin + BiomedCLIP,0.0686635623394079,0.13428925645716872
237,Clin + BiomedCLIP,0.0669424294718631,0.15724906509300585
238,Clin + BiomedCLIP,0.0880887989685557,0.14218879565398204
239,Clin + BiomedCLIP,0.103357123571457,0.2063854634220138
240,Clin + BiomedCLIP,0.0797502456678631,0.21171378121921233
241,Clin + BiomedCLIP,0.0534178879989332,0.1510908846175133
242,Clin + BiomedCLIP,0.0616551508490031,0.19855375927412264
243,Clin + BiomedCLIP,0.0611373461254907,0.13116440989759276
244,Clin + BiomedCLIP,0.0634021744153554,0.21126499875356988
245,Clin + BiomedCLIP,0.0989143450734335,0.12637079571322768
246,Clin + BiomedCLIP,0.0722055650889288,0.15108630552878372
247,Clin + BiomedCLIP,0.0790977877907592,0.13464900879534736
248,Clin + BiomedCLIP,0.0664461591341526,0.20793215371941448
249,Clin + BiomedCLIP,0.0862199188028663,0.1361039888921974
250,Clin + BiomedCLIP,0.059681137931287,0.18910471646041035
251,Clin + BiomedCLIP,0.0798098850436769,0.13043486884898625
252,Clin + BiomedCLIP,0.0496440360127121,0.20056595471649602
253,Clin + BiomedCLIP,0.0581318911351543,0.15503377986886313
254,Clin + BiomedCLIP,0.0729567256870105,0.14113132547675594
255,Clin + BiomedCLIP,0.0714809158785546,0.1477952715672252
256,Clin + BiomedCLIP,0.064537234042812,0.1481770044209091
257,Clin + BiomedCLIP,0.0786828134451085,0.14975303989152566
258,Clin + BiomedCLIP,0.0430976340402286,0.2165111195049998
259,Clin + BiomedCLIP,0.0569188747628899,0.14233614296797056
260,Clin + BiomedCLIP,0.094175904673058,0.15486710375286317
261,Clin + BiomedCLIP,0.0863360744856451,0.21832030749209083
262,Clin + BiomedCLIP,0.0809736519248464,0.20380093540214916
263,Clin + BiomedCLIP,0.0368505627280816,0.13191733645798304
264,Clin + BiomedCLIP,0.0766287661530891,0.14218816964488698
265,Clin + BiomedCLIP,0.0526857853078307,0.2088100632718581
266,Clin + BiomedCLIP,0.0827145088187146,0.216283068508066
267,Clin + BiomedCLIP,0.0813170111406719,0.2234840913648102
268,Clin + BiomedCLIP,0.0767184546826758,0.12799827569219352
269,Clin + BiomedCLIP,0.0594810390955593,0.14006398573169948
270,Clin + BiomedCLIP,0.0737047619345344,0.1422544826056443
271,Clin + BiomedCLIP,0.0700586444828382,0.12638584612525822
272,Clin + BiomedCLIP,0.0528504092466715,0.2000654468550231
273,Clin + BiomedCLIP,0.0511150043018618,0.22301911705511693
274,Clin + BiomedCLIP,0.0746796808007117,0.14184754810288652
275,Clin + BiomedCLIP,0.0752054503991631,0.12839580639001397
276,Clin + BiomedCLIP,0.067477722879528,0.2087853926822159
277,Clin + BiomedCLIP,0.0570078264082909,0.12528503558443857
278,Clin + BiomedCLIP,0.0536480085074197,0.16632564625274332
279,Clin + BiomedCLIP,0.0814510293022581,0.12904490654324655
280,Clin + BiomedCLIP,0.0750290674334582,0.19894175995534064
281,Clin + BiomedCLIP,0.0793655817827793,0.14792648082326418
282,Clin + BiomedCLIP,0.1040785069313785,0.22832522479024314
283,Clin + BiomedCLIP,0.0514893183026175,0.20143710768344095
284,Clin + BiomedCLIP,0.0685893313976074,0.2084470354855156
285,Clin + BiomedCLIP,0.064281316147827,0.15280811314854498
286,Clin + BiomedCLIP,0.0728588915075258,0.20405757622175122
287,Clin + BiomedCLIP,0.09450522733697,0.16609030138157566
288,Clin + BiomedCLIP,0.0923765769736707,0.1929151002650479
289,Clin + BiomedCLIP,0.0715120748524533,0.14334982098326055
290,Clin + BiomedCLIP,0.081986136020982,0.1555796321720516
291,Clin + BiomedCLIP,0.0889096915847339,0.19565854755397608
292,Clin + BiomedCLIP,0.0808347836371,0.20524425049491998
293,Clin + BiomedCLIP,0.0559397924883787,0.2118238035723022
294,Clin + BiomedCLIP,0.0802449011002499,0.1387446023353177
295,Clin + BiomedCLIP,0.1030456315972634,0.19565836165239806
296,Clin + BiomedCLIP,0.0834229145258207,0.19750844648491359
297,Clin + BiomedCLIP,0.0549632209989617,0.12566270846861244
298,Clin + BiomedCLIP,0.0976391715497659,0.20108774483580538
299,Clin + BiomedCLIP,0.0710943200597161,0.19248642486992354
300,Clin + BiomedCLIP,0.0614180220684272,0.13999253585402066
301,Clin + BiomedCLIP,0.0624702136854977,0.2036460692262167
302,Clin + BiomedCLIP,0.0732583791966008,0.14889677808692953
303,Clin + BiomedCLIP,0.088171593590705,0.21481687525869378
304,Clin + BiomedCLIP,0.0910874396729802,0.20723195649021178
305,Clin + BiomedCLIP,0.0726772540710343,0.22491163288844143
306,Clin + BiomedCLIP,0.0966151197991616,0.20305042509862242
307,Clin + BiomedCLIP,0.0315889118812015,0.21142498890885242
308,Clin + BiomedCLIP,0.0560142078297443,0.1463771365749138
309,Clin + BiomedCLIP,0.0838480654508155,0.15157181596062277
310,Clin + BiomedCLIP,0.0547754257613522,0.14821786438159745
311,Clin + BiomedCLIP,0.0533665690901846,0.14675551790191288
312,Clin + BiomedCLIP,0.0407038262600168,0.13750754302046012
313,Clin + BiomedCLIP,0.0694928072314474,0.20872291070899152
314,Clin + BiomedCLIP,0.0734321411312927,0.21143234748966314
315,Clin + BiomedCLIP,0.0376844532122555,0.1501697524956735
316,Clin + BiomedCLIP,0.0779991465558063,0.21971525446713078
317,Clin + BiomedCLIP,0.0656260915984255,0.14166002381871148
318,Clin + BiomedCLIP,0.0658811249580901,0.20138378824794692
319,Clin + BiomedCLIP,0.1018530206186256,0.21997196799479413
320,Clin + BiomedCLIP,0.0586632809164154,0.20083292821940776
321,Clin + BiomedCLIP,0.0558989947513455,0.13458207436298275
322,Clin + BiomedCLIP,0.0450427158492021,0.14356874904089717
323,Clin + BiomedCLIP,0.0861168997944633,0.20565450899432897
324,Clin + BiomedCLIP,0.0512647223890011,0.14271590555419045
325,Clin + BiomedCLIP,0.0515239425316768,0.12748181589808436
326,Clin + BiomedCLIP,0.0620580029825122,0.20265396122469181
327,Clin + BiomedCLIP,0.0618301911185305,0.20253257363513089
328,Clin + BiomedCLIP,0.0830027236676764,0.1886277039284396
329,Clin + BiomedCLIP,0.0669542599239194,0.13490475849912306
330,Clin + BiomedCLIP,0.0964200530336643,0.14691541179798046
331,Clin + BiomedCLIP,0.0603734307046314,0.15171130287591852
332,Clin + BiomedCLIP,0.0948027981550276,0.13582110709829776
333,Clin + BiomedCLIP,0.0797944763207369,0.20603143437037055
334,Clin + BiomedCLIP,0.0750514698129469,0.19954518651955094
335,Clin + BiomedCLIP,0.0741704633309612,0.20128364268981902
336,Clin + BiomedCLIP,0.0628859455831181,0.22592192931970487
337,Clin + BiomedCLIP,0.0891330639919859,0.12831882690977325
338,Clin + BiomedCLIP,0.0799640198120262,0.1178014309549127
339,Clin + BiomedCLIP,0.080502406149413,0.1910707020726861
340,Clin + BiomedCLIP,0.1107260009527389,0.13045817125737988
341,Clin + BiomedCLIP,0.0792032792908416,0.21701689230959242
342,Clin + BiomedCLIP,0.101944260013769,0.2187848576884134
343,Clin + BiomedCLIP,0.0567557755816758,0.1852349856662456
344,Clin + BiomedCLIP,0.0586169148166847,0.20839321214057027
345,Clin + BiomedCLIP,0.0742285214690902,0.13424006630846433
346,Clin + BiomedCLIP,0.1062671495474684,0.14136174889769615
347,Clin + BiomedCLIP,0.0967309364870914,0.21921365570952417
348,Clin + BiomedCLIP,0.0334105218887682,0.13908989643895442
349,Clin + BiomedCLIP,0.086978144128138,0.21029005898179512
350,Clin + BiomedCLIP,0.0623262396391389,0.21007603726198715
351,Clin + BiomedCLIP,0.05538409482937,0.13715663199350847
352,Clin + BiomedCLIP,0.0806971611929551,0.14371776676598025
353,Clin + BiomedCLIP,0.0759489997396597,0.19462555595077216
354,Clin + BiomedCLIP,0.0450341509604426,0.20795602885447706
355,Clin + BiomedCLIP,0.0811159523853361,0.19365168187022172
356,Clin + BiomedCLIP,0.0820947413479955,0.14093833362041583
357,Clin + BiomedCLIP,0.0476234751806962,0.13199663641781265
358,Clin + BiomedCLIP,0.0972380181047733,0.21626478126316478
359,Clin + BiomedCLIP,0.0970660636671267,0.2143531807353883
360,Clin + BiomedCLIP,0.1019300592026326,0.21444245979806992
361,Clin + BiomedCLIP,0.1022418769807421,0.1331696355903063
362,Clin + BiomedCLIP,0.0704567253193084,0.14947377262254768
363,Clin + BiomedCLIP,0.1018175823072438,0.22167381898552352
364,Clin + BiomedCLIP,0.0767869942378654,0.13720040400012906
365,Clin + BiomedCLIP,0.071309933237825,0.20762684515154067
366,Clin + BiomedCLIP,0.0912473253684218,0.21221713583494378
367,Clin + BiomedCLIP,0.0686208895174893,0.142937108872123
368,Clin + BiomedCLIP,0.0732891795207526,0.2029338059356555
369,Clin + BiomedCLIP,0.0643548617349645,0.14907148592632816
1,Clin + RAD-DINO,0.0756446595381231,0.1538484708646972
2,Clin + RAD-DINO,0.0629774245357592,0.13122062506874269
3,Clin + RAD-DINO,0.0718148312352217,0.1402849183810519
4,Clin + RAD-DINO,0.0828043098373238,0.24358600657302432
5,Clin + RAD-DINO,0.0664206971789908,0.14711982791471304
6,Clin + RAD-DINO,0.1004908418873096,0.14711443163278612
7,Clin + RAD-DINO,0.0870829572313281,0.2000025379055094
8,Clin + RAD-DINO,0.0670239075280272,0.14846973836916505
9,Clin + RAD-DINO,0.064210960568195,0.20929569695287434
10,Clin + RAD-DINO,0.0589894845738161,0.13999020134140547
11,Clin + RAD-DINO,0.0605864898644193,0.21625666960683684
12,Clin + RAD-DINO,0.0658171881803191,0.1373801764185629
13,Clin + RAD-DINO,0.0608978689252016,0.22284815108476785
14,Clin + RAD-DINO,0.0927886683056567,0.20513060987225645
15,Clin + RAD-DINO,0.0653871735383885,0.12626265576532628
16,Clin + RAD-DINO,0.0580084668640793,0.2315121889032186
17,Clin + RAD-DINO,0.0761414057287348,0.23755562440365932
18,Clin + RAD-DINO,0.0879374314127382,0.20217109477347808
19,Clin + RAD-DINO,0.0676446972102332,0.14015561865374374
20,Clin + RAD-DINO,0.0442326137450349,0.19940509880720783
21,Clin + RAD-DINO,0.083877954498208,0.23261239289746355
22,Clin + RAD-DINO,0.0556626086498044,0.20082075130516877
23,Clin + RAD-DINO,0.0675785784419603,0.1378871089334659
24,Clin + RAD-DINO,0.0643609613943534,0.2470196395853032
25,Clin + RAD-DINO,0.0775052671125165,0.20683703839153827
26,Clin + RAD-DINO,0.0746142876246223,0.20842586335169516
27,Clin + RAD-DINO,0.0747814213055549,0.13256315333609314
28,Clin + RAD-DINO,0.0806962382669479,0.14605893280869148
29,Clin + RAD-DINO,0.0542228427532121,0.1298429112265911
30,Clin + RAD-DINO,0.0858956858655621,0.14394343082676075
31,Clin + RAD-DINO,0.0782541360815932,0.14454892589369958
32,Clin + RAD-DINO,0.0658199945587002,0.14028897792239498
33,Clin + RAD-DINO,0.0647674411706112,0.14872882201732535
34,Clin + RAD-DINO,0.083689102411266,0.2050304065489382
35,Clin + RAD-DINO,0.0919287918451179,0.1477580565475232
36,Clin + RAD-DINO,0.0566677768378202,0.20221619729345258
37,Clin + RAD-DINO,0.0477891408343692,0.20920405827332708
38,Clin + RAD-DINO,0.0728904413618756,0.13900549020095962
39,Clin + RAD-DINO,0.0690544201815283,0.13951653447784157
40,Clin + RAD-DINO,0.0781370061699214,0.2477293151669715
41,Clin + RAD-DINO,0.0646501839749723,0.17663341349487655
42,Clin + RAD-DINO,0.0661937743890093,0.22368244867849835
43,Clin + RAD-DINO,0.0894632303352395,0.13797575543520735
44,Clin + RAD-DINO,0.0502774105324677,0.19100575382057547
45,Clin + RAD-DINO,0.075273386123302,0.21658341968513412
46,Clin + RAD-DINO,0.0560742085706873,0.12498196171272898
47,Clin + RAD-DINO,0.063111695841645,0.1423083142369718
48,Clin + RAD-DINO,0.0619976285578371,0.197239808561642
49,Clin + RAD-DINO,0.0764106114713499,0.12332374272223316
50,Clin + RAD-DINO,0.0698465304461827,0.22906265674659876
51,Clin + RAD-DINO,0.0676638037950849,0.21947393833713877
52,Clin + RAD-DINO,0.0619540380733861,0.12928786666726982
53,Clin + RAD-DINO,0.064484220181639,0.13486430545175282
54,Clin + RAD-DINO,0.0809584878710907,0.14540455319669604
55,Clin + RAD-DINO,0.0807437912168821,0.242085343775544
56,Clin + RAD-DINO,0.0642753385654864,0.21286748170205833
57,Clin + RAD-DINO,0.0618805103601424,0.14184981949860617
58,Clin + RAD-DINO,0.0834062832863206,0.1443568723104979
59,Clin + RAD-DINO,0.0596682819474827,0.2011049695280496
60,Clin + RAD-DINO,0.0834003928829685,0.21091260522277244
61,Clin + RAD-DINO,0.080033274669298,0.14316002661582278
62,Clin + RAD-DINO,0.0762219561279891,0.23725055892188784
63,Clin + RAD-DINO,0.0658965212510046,0.2120034576131633
64,Clin + RAD-DINO,0.0808537865766991,0.169064329682486
65,Clin + RAD-DINO,0.0703361181502074,0.17158244808941323
66,Clin + RAD-DINO,0.0630683867840515,0.14149048897783664
67,Clin + RAD-DINO,0.0872427471890307,0.21369109380426954
68,Clin + RAD-DINO,0.0945211591702068,0.18681028819117848
69,Clin + RAD-DINO,0.0821855941908581,0.20623763113521648
70,Clin + RAD-DINO,0.0671049684891342,0.23071545319280726
71,Clin + RAD-DINO,0.0796085916480444,0.2325736319294669
72,Clin + RAD-DINO,0.0844064392522689,0.2020825131924053
73,Clin + RAD-DINO,0.0699941214105208,0.23933362987023193
74,Clin + RAD-DINO,0.0930365353828267,0.13378446867724703
75,Clin + RAD-DINO,0.0750651150947929,0.21686158422579482
76,Clin + RAD-DINO,0.0705543837540138,0.13970710677248382
77,Clin + RAD-DINO,0.0667694693448205,0.2210866721906391
78,Clin + RAD-DINO,0.0686849241274695,0.17377697239310638
79,Clin + RAD-DINO,0.0574818869728019,0.21885552658204865
80,Clin + RAD-DINO,0.0799585044944004,0.21116777063977263
81,Clin + RAD-DINO,0.0617039378200897,0.20109945137288993
82,Clin + RAD-DINO,0.0755515043567012,0.13891660080353566
83,Clin + RAD-DINO,0.0741485876539524,0.13889279567254076
84,Clin + RAD-DINO,0.0703753853236474,0.13183675776298187
85,Clin + RAD-DINO,0.0911850924651427,0.13861664590593137
86,Clin + RAD-DINO,0.074485318787691,0.1395228626414528
87,Clin + RAD-DINO,0.0873907732957365,0.20581193558261215
88,Clin + RAD-DINO,0.0632168712881482,0.22241301721759435
89,Clin + RAD-DINO,0.0949583453958146,0.20894558736349655
90,Clin + RAD-DINO,0.0631115378335899,0.16136501399747086
91,Clin + RAD-DINO,0.0918169827098818,0.21466405334673316
92,Clin + RAD-DINO,0.0549715102871687,0.15815159602590542
93,Clin + RAD-DINO,0.0553100604893972,0.1421229926804134
94,Clin + RAD-DINO,0.0454387877190297,0.13823249092328196
95,Clin + RAD-DINO,0.0817318588223282,0.1644395539613253
96,Clin + RAD-DINO,0.0580041658095576,0.21207816204909266
97,Clin + RAD-DINO,0.0719194966959633,0.22082561650241597
98,Clin + RAD-DINO,0.0736510247561728,0.15620826930558737
99,Clin + RAD-DINO,0.0664332401166625,0.131989862554455
100,Clin + RAD-DINO,0.0567279839921679,0.22001962956794896
101,Clin + RAD-DINO,0.0585987026786641,0.2049557363858674
102,Clin + RAD-DINO,0.0707008145430461,0.2070571702632199
103,Clin + RAD-DINO,0.0566816366102266,0.23391405064636706
104,Clin + RAD-DINO,0.0780362299092759,0.20141425820268388
105,Clin + RAD-DINO,0.0828501459867316,0.1457431907013336
106,Clin + RAD-DINO,0.0727949484199613,0.1395549354703156
107,Clin + RAD-DINO,0.055616274663642,0.12093081788699601
108,Clin + RAD-DINO,0.0724941783359248,0.225827725301647
109,Clin + RAD-DINO,0.0733652781392283,0.1415844057645531
110,Clin + RAD-DINO,0.0627654144663155,0.19788021201907707
111,Clin + RAD-DINO,0.0597860630175741,0.1354828179776625
112,Clin + RAD-DINO,0.0698047611438673,0.19562258624820333
113,Clin + RAD-DINO,0.066044642376198,0.23386077398448515
114,Clin + RAD-DINO,0.0855551788500441,0.13534327668919147
115,Clin + RAD-DINO,0.064044548461613,0.15744623362042318
116,Clin + RAD-DINO,0.0696103499104136,0.13431168126524862
117,Clin + RAD-DINO,0.0627849196234379,0.210527591898762
118,Clin + RAD-DINO,0.0838742948995979,0.2389680212480587
119,Clin + RAD-DINO,0.0596326849984235,0.19841853972774545
120,Clin + RAD-DINO,0.055401770889639,0.23773672668107768
121,Clin + RAD-DINO,0.0708251018452877,0.22986552895951431
122,Clin + RAD-DINO,0.071570587390674,0.13573953445336476
123,Clin + RAD-DINO,0.0748729789831411,0.15633110986299426
124,Clin + RAD-DINO,0.0752392623351467,0.21971775403271962
125,Clin + RAD-DINO,0.0608367735653171,0.23328242472885866
126,Clin + RAD-DINO,0.079370111491362,0.15455302461050738
127,Clin + RAD-DINO,0.0841014669993043,0.1616279142176058
128,Clin + RAD-DINO,0.0756755451245325,0.20556098480647766
129,Clin + RAD-DINO,0.062149872108711,0.14812778010920194
130,Clin + RAD-DINO,0.0670361262872952,0.20967101518143114
131,Clin + RAD-DINO,0.0612084838838052,0.15190771829101482
132,Clin + RAD-DINO,0.05811015152964,0.15663791796318535
133,Clin + RAD-DINO,0.0587774586418217,0.163505084578763
134,Clin + RAD-DINO,0.0853724646318005,0.19881182709815493
135,Clin + RAD-DINO,0.0681072073227151,0.2000143009888124
136,Clin + RAD-DINO,0.0534537475205106,0.12843300542642047
137,Clin + RAD-DINO,0.0792054645891035,0.13313035161033102
138,Clin + RAD-DINO,0.0812851761343388,0.2237143264315669
139,Clin + RAD-DINO,0.0643781379995444,0.21480496411264816
140,Clin + RAD-DINO,0.0657845143027761,0.15624770695767248
141,Clin + RAD-DINO,0.0537010812719526,0.1502673928456611
142,Clin + RAD-DINO,0.0863276264980453,0.13256423801332928
143,Clin + RAD-DINO,0.0904056337725126,0.13336095634223186
144,Clin + RAD-DINO,0.0777565606271491,0.19886681112706636
145,Clin + RAD-DINO,0.0863893923752318,0.1411734855746443
146,Clin + RAD-DINO,0.0826221772280558,0.13974915106789762
147,Clin + RAD-DINO,0.0846319808999612,0.14104526281612356
148,Clin + RAD-DINO,0.0778408031710929,0.21514024820456548
149,Clin + RAD-DINO,0.0802624801711641,0.21897385699222338
150,Clin + RAD-DINO,0.0610616809088476,0.15009573672201793
151,Clin + RAD-DINO,0.0744707218688847,0.14405766840502607
152,Clin + RAD-DINO,0.0519861320962017,0.15657660938730933
153,Clin + RAD-DINO,0.0800344668735079,0.19723285337207008
154,Clin + RAD-DINO,0.066955683962497,0.23052742610026883
155,Clin + RAD-DINO,0.0630254195932549,0.23115065177659902
156,Clin + RAD-DINO,0.0929358164323908,0.14676566913364364
157,Clin + RAD-DINO,0.0650069016212609,0.1955348244116864
158,Clin + RAD-DINO,0.0572008572502115,0.20632565541656608
159,Clin + RAD-DINO,0.0932880871590202,0.15589110983324322
160,Clin + RAD-DINO,0.0786659211922994,0.16170584718239442
161,Clin + RAD-DINO,0.0694766624661882,0.21190055038547653
162,Clin + RAD-DINO,0.0784826411268554,0.13134753957892314
163,Clin + RAD-DINO,0.0756989903533278,0.1777881384189309
164,Clin + RAD-DINO,0.0795008173608322,0.16336335223361148
165,Clin + RAD-DINO,0.0830397400921291,0.23630917227687084
166,Clin + RAD-DINO,0.0696155810313382,0.24243903579341122
167,Clin + RAD-DINO,0.0561299805825137,0.21448987702220623
168,Clin + RAD-DINO,0.0757036953207943,0.2302150994778544
169,Clin + RAD-DINO,0.0885179768171288,0.1476830706826613
170,Clin + RAD-DINO,0.0674699231070501,0.22550019324989268
171,Clin + RAD-DINO,0.0735635136275199,0.21985776620904462
172,Clin + RAD-DINO,0.0608919684939191,0.21080423548704127
173,Clin + RAD-DINO,0.0733020982150246,0.17619230431458688
174,Clin + RAD-DINO,0.037612074744316,0.13791876882384127
175,Clin + RAD-DINO,0.0807311069174443,0.13892095974400057
176,Clin + RAD-DINO,0.0674751455965952,0.16177852078890032
177,Clin + RAD-DINO,0.066712435744567,0.1377938916756151
178,Clin + RAD-DINO,0.056772947275506,0.22714157414087296
179,Clin + RAD-DINO,0.0593732186848441,0.20539816855551662
180,Clin + RAD-DINO,0.0558592684377832,0.18711856015589137
181,Clin + RAD-DINO,0.0671006047535097,0.20890569317714544
182,Clin + RAD-DINO,0.075622584594185,0.1488534564102165
183,Clin + RAD-DINO,0.0856313939405172,0.20924440981176287
184,Clin + RAD-DINO,0.080575960008268,0.1294189426391994
185,Clin + RAD-DINO,0.0718817688614505,0.22615508734921203
186,Clin + RAD-DINO,0.0535575961051735,0.21321319789640883
187,Clin + RAD-DINO,0.0731789501551851,0.13067341711349412
188,Clin + RAD-DINO,0.0689901035682664,0.151561136030058
189,Clin + RAD-DINO,0.0679288769322705,0.15172727650239862
190,Clin + RAD-DINO,0.0709022307018271,0.137098218381966
191,Clin + RAD-DINO,0.0795193938585265,0.20594862882990422
192,Clin + RAD-DINO,0.0591008595972378,0.20478897375264296
193,Clin + RAD-DINO,0.0672973419124365,0.20812588536215323
194,Clin + RAD-DINO,0.0696217941100805,0.1974610996762768
195,Clin + RAD-DINO,0.0588757017319516,0.23317933423357187
196,Clin + RAD-DINO,0.0693453474870125,0.16004544742456517
197,Clin + RAD-DINO,0.0710150549578502,0.21021029043663847
198,Clin + RAD-DINO,0.086901769250981,0.22934939455408454
199,Clin + RAD-DINO,0.0774813479119078,0.19877363306601428
200,Clin + RAD-DINO,0.0707145735534607,0.21342580945905232
201,Clin + RAD-DINO,0.0728639941851304,0.22559902690181363
202,Clin + RAD-DINO,0.0741950118392221,0.21779890317173614
203,Clin + RAD-DINO,0.0504347884139385,0.14774891908563367
204,Clin + RAD-DINO,0.0584529548998019,0.2015329819201389
205,Clin + RAD-DINO,0.0738687773490481,0.21349533707890928
206,Clin + RAD-DINO,0.0684421478044829,0.1442647222438538
207,Clin + RAD-DINO,0.0671144372501626,0.2384464599758559
208,Clin + RAD-DINO,0.0658148973998079,0.2437540664980637
209,Clin + RAD-DINO,0.0734262952916921,0.1674203186070293
210,Clin + RAD-DINO,0.0817183583138381,0.19804840490816816
211,Clin + RAD-DINO,0.065531518545918,0.14713433930021833
212,Clin + RAD-DINO,0.0670100301854027,0.14983767993601618
213,Clin + RAD-DINO,0.087122179367604,0.2193230471727164
214,Clin + RAD-DINO,0.0608524898899879,0.15158477756317676
215,Clin + RAD-DINO,0.0925771812344873,0.2269675118117007
216,Clin + RAD-DINO,0.0687995184470934,0.21594924335945992
217,Clin + RAD-DINO,0.062062453344199,0.20607555051593265
218,Clin + RAD-DINO,0.0763628781261967,0.13232746259378977
219,Clin + RAD-DINO,0.0499810995197387,0.15498092031437746
220,Clin + RAD-DINO,0.0763154272887865,0.16413292001674004
221,Clin + RAD-DINO,0.0658460983172963,0.2121428119636422
222,Clin + RAD-DINO,0.0424652456667254,0.2120663848157968
223,Clin + RAD-DINO,0.0494876881638535,0.16930046919560637
224,Clin + RAD-DINO,0.0818297321058647,0.21857797744757188
225,Clin + RAD-DINO,0.0689445228483537,0.20611822590868656
226,Clin + RAD-DINO,0.074088478328411,0.13693492653475925
227,Clin + RAD-DINO,0.0517017797890551,0.15754693677227516
228,Clin + RAD-DINO,0.0729480881086722,0.1993903666962869
229,Clin + RAD-DINO,0.0743418899688285,0.19765693935069215
230,Clin + RAD-DINO,0.0654721351292832,0.1959457453195632
231,Clin + RAD-DINO,0.0487787725056354,0.16956567853552587
232,Clin + RAD-DINO,0.0562460620888132,0.17788720966977567
233,Clin + RAD-DINO,0.0603199286803715,0.1371096462553679
234,Clin + RAD-DINO,0.0561120471950105,0.1428522469915821
235,Clin + RAD-DINO,0.0842269016289047,0.22899625081007433
236,Clin + RAD-DINO,0.0687832222144903,0.1575063854178296
237,Clin + RAD-DINO,0.0800520680809052,0.152005537538154
238,Clin + RAD-DINO,0.0785028583491774,0.15663019864957883
239,Clin + RAD-DINO,0.0700489602070981,0.20443436857297953
240,Clin + RAD-DINO,0.0857740652425493,0.2200353532951544
241,Clin + RAD-DINO,0.0712168569292245,0.1639651551541661
242,Clin + RAD-DINO,0.0730464834353758,0.20715628815736253
243,Clin + RAD-DINO,0.0890720367180324,0.16290978789426586
244,Clin + RAD-DINO,0.082572360747519,0.21900190295951907
245,Clin + RAD-DINO,0.074671666878609,0.14544247529902046
246,Clin + RAD-DINO,0.0736733370343594,0.14084086747290517
247,Clin + RAD-DINO,0.0534582412144505,0.1442029967770433
248,Clin + RAD-DINO,0.079557414181349,0.21342852143348798
249,Clin + RAD-DINO,0.0614198261256985,0.13864583996541696
250,Clin + RAD-DINO,0.0727392991463271,0.21415173844165747
251,Clin + RAD-DINO,0.0796913569852545,0.15520844953862808
252,Clin + RAD-DINO,0.073575886918363,0.1863760434078996
253,Clin + RAD-DINO,0.06921823506499,0.13777982875953595
254,Clin + RAD-DINO,0.0971257483118857,0.16187165000482728
255,Clin + RAD-DINO,0.0717945498667494,0.13069021624623822
256,Clin + RAD-DINO,0.0796466283302327,0.13771475295546268
257,Clin + RAD-DINO,0.0468616214990118,0.14676795333791323
258,Clin + RAD-DINO,0.0634736192871805,0.21630089523710067
259,Clin + RAD-DINO,0.0774582822873349,0.13880768243206387
260,Clin + RAD-DINO,0.054565144449998,0.13733452375235305
261,Clin + RAD-DINO,0.0588374633492906,0.23113230749537342
262,Clin + RAD-DINO,0.071676652928663,0.21486673094556782
263,Clin + RAD-DINO,0.0682796457341485,0.14498705959491948
264,Clin + RAD-DINO,0.0756051201823281,0.1329733724965832
265,Clin + RAD-DINO,0.072261437833026,0.2120852298973349
266,Clin + RAD-DINO,0.0746944153434788,0.22626646591970878
267,Clin + RAD-DINO,0.0691238660202484,0.20384029140379425
268,Clin + RAD-DINO,0.0889105004854027,0.13286311265909956
269,Clin + RAD-DINO,0.0789824079069964,0.14102346720361883
270,Clin + RAD-DINO,0.0651075522432029,0.1492582594269607
271,Clin + RAD-DINO,0.0763107261107626,0.1628188475733788
272,Clin + RAD-DINO,0.0667347000501377,0.22089701677647489
273,Clin + RAD-DINO,0.0551019733615863,0.21906185792580332
274,Clin + RAD-DINO,0.0554948805669307,0.140819571470306
275,Clin + RAD-DINO,0.0783571695905274,0.13216812542510384
276,Clin + RAD-DINO,0.0763055949112648,0.21916158678509814
277,Clin + RAD-DINO,0.0729661543286247,0.14434067173594708
278,Clin + RAD-DINO,0.0559126217916305,0.15994282835184037
279,Clin + RAD-DINO,0.0686400563664483,0.12628638372403778
280,Clin + RAD-DINO,0.0866929690031335,0.21763678009916965
281,Clin + RAD-DINO,0.0532506603052929,0.1423926527276055
282,Clin + RAD-DINO,0.044122404879859,0.2235033036652946
283,Clin + RAD-DINO,0.0737592141970369,0.22615480663023307
284,Clin + RAD-DINO,0.069718724580442,0.21059144842887262
285,Clin + RAD-DINO,0.0584783777466577,0.14887918650153711
286,Clin + RAD-DINO,0.0845554000170458,0.20323983383542654
287,Clin + RAD-DINO,0.0725863558415415,0.15715528442165286
288,Clin + RAD-DINO,0.058429594075336,0.22308603640788977
289,Clin + RAD-DINO,0.0691528260894225,0.13316859085751462
290,Clin + RAD-DINO,0.0517842814074069,0.14631807624457838
291,Clin + RAD-DINO,0.0858268685867585,0.19821162063269063
292,Clin + RAD-DINO,0.0815869678991357,0.2132988502284193
293,Clin + RAD-DINO,0.0490525220940959,0.197729633486484
294,Clin + RAD-DINO,0.0694640001924065,0.14940466598179308
295,Clin + RAD-DINO,0.0627029146808899,0.20588369292991857
296,Clin + RAD-DINO,0.0676631179454535,0.22126784043782605
297,Clin + RAD-DINO,0.0755372247067601,0.1449911331325374
298,Clin + RAD-DINO,0.0774761428139311,0.23257783372722768
299,Clin + RAD-DINO,0.0521074697540286,0.19266855619980763
300,Clin + RAD-DINO,0.0793768588747645,0.15926909531357497
301,Clin + RAD-DINO,0.0653967511711553,0.21630023648987967
302,Clin + RAD-DINO,0.079530476695111,0.16317580733218015
303,Clin + RAD-DINO,0.0714407711978244,0.22035214860147567
304,Clin + RAD-DINO,0.0595681108577055,0.22323866205506387
305,Clin + RAD-DINO,0.0567714838215094,0.2321733835689319
306,Clin + RAD-DINO,0.070046976673366,0.21565320724630602
307,Clin + RAD-DINO,0.0635512216559449,0.22377682462139886
308,Clin + RAD-DINO,0.0663698567104874,0.13409476078036295
309,Clin + RAD-DINO,0.0896059106335238,0.1724052386186906
310,Clin + RAD-DINO,0.0749832604567953,0.13871361646311384
311,Clin + RAD-DINO,0.0836996138998356,0.13147040289179873
312,Clin + RAD-DINO,0.0689503098437217,0.13907980327813316
313,Clin + RAD-DINO,0.0905495456648022,0.2462725305561578
314,Clin + RAD-DINO,0.0642056078221096,0.24634102962001767
315,Clin + RAD-DINO,0.0806022421623623,0.16862609165852543
316,Clin + RAD-DINO,0.0441225400816894,0.2302017951758153
317,Clin + RAD-DINO,0.059389226914737,0.13551416885080475
318,Clin + RAD-DINO,0.0895900673889096,0.18797133117408435
319,Clin + RAD-DINO,0.0631738718059943,0.2069732904824944
320,Clin + RAD-DINO,0.0732597431749386,0.20910638179343277
321,Clin + RAD-DINO,0.1102734106528453,0.1347387197836946
322,Clin + RAD-DINO,0.095756172931002,0.1504420027338319
323,Clin + RAD-DINO,0.067720010177539,0.22167786812999046
324,Clin + RAD-DINO,0.06737919136286,0.1406897543551653
325,Clin + RAD-DINO,0.0749225196498246,0.15998651300926
326,Clin + RAD-DINO,0.0752757974423825,0.2025948789275737
327,Clin + RAD-DINO,0.0990095139094519,0.20601083355772967
328,Clin + RAD-DINO,0.0669974749308297,0.2404286273047057
329,Clin + RAD-DINO,0.0730476754174312,0.1451698858010901
330,Clin + RAD-DINO,0.0584545928729214,0.14164839992319977
331,Clin + RAD-DINO,0.06481001448706,0.1468699633941289
332,Clin + RAD-DINO,0.0848990574922435,0.14325279622418813
333,Clin + RAD-DINO,0.0659609582460028,0.216753352389055
334,Clin + RAD-DINO,0.0615764193197303,0.21411256727633612
335,Clin + RAD-DINO,0.0678236971946162,0.2129202958818566
336,Clin + RAD-DINO,0.0794262121440726,0.22409003294801996
337,Clin + RAD-DINO,0.077370440459523,0.15730862573247487
338,Clin + RAD-DINO,0.0467032470345637,0.12925419321734266
339,Clin + RAD-DINO,0.0718704208387103,0.19522746105063254
340,Clin + RAD-DINO,0.0744755846244043,0.16855182036207722
341,Clin + RAD-DINO,0.0790435237880534,0.22159713251817323
342,Clin + RAD-DINO,0.0740941991768743,0.215249338659836
343,Clin + RAD-DINO,0.0763584050146104,0.21425602477951255
344,Clin + RAD-DINO,0.081564408862165,0.229619070301982
345,Clin + RAD-DINO,0.0781149234033077,0.16326760176853797
346,Clin + RAD-DINO,0.0572655401592541,0.12707554849123945
347,Clin + RAD-DINO,0.0687402370098897,0.20176665628043383
348,Clin + RAD-DINO,0.0823602510384417,0.1538031105462481
349,Clin + RAD-DINO,0.0493480871218375,0.2207335049523845
350,Clin + RAD-DINO,0.0650584275991982,0.20661710496406427
351,Clin + RAD-DINO,0.0527182248222022,0.14798074557260335
352,Clin + RAD-DINO,0.0756725931614777,0.1522386119494007
353,Clin + RAD-DINO,0.093483254703972,0.18578667569160892
354,Clin + RAD-DINO,0.0799606907112467,0.20511166740360295
355,Clin + RAD-DINO,0.0666302790075363,0.21448946115820827
356,Clin + RAD-DINO,0.0753840111776103,0.14887682507771527
357,Clin + RAD-DINO,0.0682942751399652,0.17276447817676086
358,Clin + RAD-DINO,0.0857474583367597,0.23246033274664213
359,Clin + RAD-DINO,0.0640176886257923,0.25256827997706816
360,Clin + RAD-DINO,0.0799218189342558,0.2243193818713796
361,Clin + RAD-DINO,0.0847380676304146,0.1318839152192865
362,Clin + RAD-DINO,0.0974750706747219,0.15529437714293126
363,Clin + RAD-DINO,0.0735313768894284,0.221339014742528
364,Clin + RAD-DINO,0.0721887196060584,0.1477206774820975
365,Clin + RAD-DINO,0.0703029220510667,0.228110212874929
366,Clin + RAD-DINO,0.0845770652518764,0.21245429953738626
367,Clin + RAD-DINO,0.0422554991473567,0.1372023597433147
368,Clin + RAD-DINO,0.0610171361779071,0.2043223270744997
369,Clin + RAD-DINO,0.0773482156882507,0.13979147959985427
1,Clin + Rad + BiomedCLIP,0.0807465230388838,0.1714265909886849
2,Clin + Rad + BiomedCLIP,0.0721775433718943,0.16651802049614595
3,Clin + Rad + BiomedCLIP,0.0710381743805727,0.1512163491414713
4,Clin + Rad + BiomedCLIP,0.0808588833113988,0.20815059192559326
5,Clin + Rad + BiomedCLIP,0.0653878422390305,0.16301873520486745
6,Clin + Rad + BiomedCLIP,0.0641104442432162,0.15288455085026614
7,Clin + Rad + BiomedCLIP,0.0979885756709328,0.21841957524712682
8,Clin + Rad + BiomedCLIP,0.0659849855854487,0.12648918718568655
9,Clin + Rad + BiomedCLIP,0.0680005316418406,0.1865334236134241
10,Clin + Rad + BiomedCLIP,0.0770812441226163,0.1502457729753047
11,Clin + Rad + BiomedCLIP,0.0670336058095004,0.21643728552494365
12,Clin + Rad + BiomedCLIP,0.0974045753257876,0.13725895943774483
13,Clin + Rad + BiomedCLIP,0.0755962553552409,0.19623465799767462
14,Clin + Rad + BiomedCLIP,0.0807776612172261,0.2081202349492322
15,Clin + Rad + BiomedCLIP,0.0793461811239308,0.14575986484269834
16,Clin + Rad + BiomedCLIP,0.0820090225340386,0.20687109437405926
17,Clin + Rad + BiomedCLIP,0.0764684947022112,0.1905062080116232
18,Clin + Rad + BiomedCLIP,0.0857640216144536,0.20246404891165196
19,Clin + Rad + BiomedCLIP,0.0836472056929272,0.16122485404373196
20,Clin + Rad + BiomedCLIP,0.0992985400536208,0.20866212768139458
21,Clin + Rad + BiomedCLIP,0.0739484598400053,0.20297342848695357
22,Clin + Rad + BiomedCLIP,0.0786190378760744,0.20766946724152713
23,Clin + Rad + BiomedCLIP,0.0912923994882328,0.13654558232249894
24,Clin + Rad + BiomedCLIP,0.0872588184779842,0.19867605511402384
25,Clin + Rad + BiomedCLIP,0.089049207596134,0.19966450064959287
26,Clin + Rad + BiomedCLIP,0.0760429509528684,0.1883924650762877
27,Clin + Rad + BiomedCLIP,0.0567685583086717,0.16273615761803772
28,Clin + Rad + BiomedCLIP,0.1024572812078322,0.1488411942115214
29,Clin + Rad + BiomedCLIP,0.0912106850057127,0.1323286142806001
30,Clin + Rad + BiomedCLIP,0.0652770585832453,0.1380932853146034
31,Clin + Rad + BiomedCLIP,0.0763016622099571,0.15870454325569136
32,Clin + Rad + BiomedCLIP,0.0586722446231789,0.14728943435907013
33,Clin + Rad + BiomedCLIP,0.0757164562012607,0.13257757440372248
34,Clin + Rad + BiomedCLIP,0.089916350146818,0.1952529654875617
35,Clin + Rad + BiomedCLIP,0.0746804189618269,0.13965364621833776
36,Clin + Rad + BiomedCLIP,0.0815358506950427,0.21069363712739156
37,Clin + Rad + BiomedCLIP,0.0857806726062762,0.21988840060498013
38,Clin + Rad + BiomedCLIP,0.0794428997485644,0.14644499871914432
39,Clin + Rad + BiomedCLIP,0.0797801139618075,0.14905770844813507
40,Clin + Rad + BiomedCLIP,0.0726219312230604,0.18900187225538917
41,Clin + Rad + BiomedCLIP,0.0755391560452097,0.1401318841382435
42,Clin + Rad + BiomedCLIP,0.0678164297829813,0.198344054421851
43,Clin + Rad + BiomedCLIP,0.0975322650618481,0.13143499122574348
44,Clin + Rad + BiomedCLIP,0.0957849321763901,0.20444198086838983
45,Clin + Rad + BiomedCLIP,0.076505864741367,0.19250385538008347
46,Clin + Rad + BiomedCLIP,0.0773711240721559,0.14365481381442669
47,Clin + Rad + BiomedCLIP,0.0890770223726762,0.14197004537620792
48,Clin + Rad + BiomedCLIP,0.0987776421092108,0.18509532717745195
49,Clin + Rad + BiomedCLIP,0.0630392699633511,0.1248085017227691
50,Clin + Rad + BiomedCLIP,0.1050698386256438,0.20227605250196085
51,Clin + Rad + BiomedCLIP,0.0598243346138833,0.19841897712898068
52,Clin + Rad + BiomedCLIP,0.0562780377158044,0.16070228682536433
53,Clin + Rad + BiomedCLIP,0.0759641402691933,0.15406451501353166
54,Clin + Rad + BiomedCLIP,0.1000667559559317,0.16923513867286136
55,Clin + Rad + BiomedCLIP,0.0608013278455063,0.2033101643460519
56,Clin + Rad + BiomedCLIP,0.0878591592697155,0.21890358070918078
57,Clin + Rad + BiomedCLIP,0.0671647491747077,0.15465307596171823
58,Clin + Rad + BiomedCLIP,0.0662105874055197,0.12500645536188362
59,Clin + Rad + BiomedCLIP,0.0761687637117314,0.18274290561922266
60,Clin + Rad + BiomedCLIP,0.0546787305935233,0.20250473523361
61,Clin + Rad + BiomedCLIP,0.084273003543769,0.1458829014257299
62,Clin + Rad + BiomedCLIP,0.0915360124453378,0.19468904183937427
63,Clin + Rad + BiomedCLIP,0.0838378127703244,0.19309073020698872
64,Clin + Rad + BiomedCLIP,0.0513522505265013,0.15313265259135783
65,Clin + Rad + BiomedCLIP,0.0685331573708483,0.14828293517166055
66,Clin + Rad + BiomedCLIP,0.0632863931133053,0.1458104228665688
67,Clin + Rad + BiomedCLIP,0.066061331447201,0.200167131596745
68,Clin + Rad + BiomedCLIP,0.0625898167988117,0.16577665329406926
69,Clin + Rad + BiomedCLIP,0.0687626325378889,0.19509277085853968
70,Clin + Rad + BiomedCLIP,0.0726196392716686,0.18875853832103545
71,Clin + Rad + BiomedCLIP,0.0689622212643111,0.1960846929155034
72,Clin + Rad + BiomedCLIP,0.0861259441691086,0.21813187101148504
73,Clin + Rad + BiomedCLIP,0.0755841783360881,0.20012151647760473
74,Clin + Rad + BiomedCLIP,0.0729492833498447,0.15061591069682265
75,Clin + Rad + BiomedCLIP,0.0883276596134276,0.19547023998507482
76,Clin + Rad + BiomedCLIP,0.0745969338853448,0.1338312510734269
77,Clin + Rad + BiomedCLIP,0.110268648306319,0.192457908438938
78,Clin + Rad + BiomedCLIP,0.0482587669286664,0.13857851286088824
79,Clin + Rad + BiomedCLIP,0.0808487676435831,0.19996249356814888
80,Clin + Rad + BiomedCLIP,0.1026479564635934,0.20592904762054173
81,Clin + Rad + BiomedCLIP,0.0871983771227563,0.2093674822730314
82,Clin + Rad + BiomedCLIP,0.0982157523015002,0.16948186430371454
83,Clin + Rad + BiomedCLIP,0.0805838497672459,0.14455933286230108
84,Clin + Rad + BiomedCLIP,0.0534645950803586,0.12894984384896643
85,Clin + Rad + BiomedCLIP,0.1086974903470365,0.1592195563293184
86,Clin + Rad + BiomedCLIP,0.0544246407260308,0.13961803605475007
87,Clin + Rad + BiomedCLIP,0.084573512623734,0.207433456630463
88,Clin + Rad + BiomedCLIP,0.0705627488806773,0.19058209565469408
89,Clin + Rad + BiomedCLIP,0.0908314899177286,0.20327598179168874
90,Clin + Rad + BiomedCLIP,0.0965667445127293,0.15214323123019796
91,Clin + Rad + BiomedCLIP,0.1006677404285626,0.19166670970082827
92,Clin + Rad + BiomedCLIP,0.1056706142552254,0.15178523199100563
93,Clin + Rad + BiomedCLIP,0.0684151370559957,0.14497473155932908
94,Clin + Rad + BiomedCLIP,0.0811557403404781,0.15484671454468174
95,Clin + Rad + BiomedCLIP,0.0495458511850295,0.12961969828762945
96,Clin + Rad + BiomedCLIP,0.0999247806872199,0.189727680961628
97,Clin + Rad + BiomedCLIP,0.0751234714879672,0.18048747898506803
98,Clin + Rad + BiomedCLIP,0.0849522824981153,0.15124699920079687
99,Clin + Rad + BiomedCLIP,0.0864456221021916,0.1371883258060907
100,Clin + Rad + BiomedCLIP,0.0935461793552396,0.20718754392496302
101,Clin + Rad + BiomedCLIP,0.1002372201895391,0.20813353694686804
102,Clin + Rad + BiomedCLIP,0.0581923862496956,0.2029525994575544
103,Clin + Rad + BiomedCLIP,0.0742285736941227,0.21096160659420765
104,Clin + Rad + BiomedCLIP,0.0793200601844494,0.21243969731034326
105,Clin + Rad + BiomedCLIP,0.0473670887165306,0.1454454210085435
106,Clin + Rad + BiomedCLIP,0.059283660870296,0.16141306063810046
107,Clin + Rad + BiomedCLIP,0.0739984463570896,0.12900407763833568
108,Clin + Rad + BiomedCLIP,0.089456048745486,0.21397707396223375
109,Clin + Rad + BiomedCLIP,0.072303749372845,0.16089275624682392
110,Clin + Rad + BiomedCLIP,0.0921248060220858,0.19251541531203353
111,Clin + Rad + BiomedCLIP,0.0741619575529037,0.14030585868952763
112,Clin + Rad + BiomedCLIP,0.0825987390889694,0.19707882229525292
113,Clin + Rad + BiomedCLIP,0.0694524023948989,0.19332529785723834
114,Clin + Rad + BiomedCLIP,0.0690993206046269,0.14990229558737256
115,Clin + Rad + BiomedCLIP,0.0753323635152536,0.1439091650165578
116,Clin + Rad + BiomedCLIP,0.0811013209848676,0.1404435021365894
117,Clin + Rad + BiomedCLIP,0.07837752975066,0.2014691474184253
118,Clin + Rad + BiomedCLIP,0.0680805024152889,0.2163746038147281
119,Clin + Rad + BiomedCLIP,0.0846356633489497,0.1839751854327417
120,Clin + Rad + BiomedCLIP,0.0634749530986982,0.19800830021580948
121,Clin + Rad + BiomedCLIP,0.0617210692802733,0.193428210478886
122,Clin + Rad + BiomedCLIP,0.0854565429213522,0.143691805631239
123,Clin + Rad + BiomedCLIP,0.0721505691120195,0.1467898364568534
124,Clin + Rad + BiomedCLIP,0.0745628443949197,0.2041765484264154
125,Clin + Rad + BiomedCLIP,0.0683178470850061,0.19298897302345397
126,Clin + Rad + BiomedCLIP,0.0906325445921125,0.14476477139145116
127,Clin + Rad + BiomedCLIP,0.0685953283570242,0.1363172914545157
128,Clin + Rad + BiomedCLIP,0.0702749774515186,0.19464740907370878
129,Clin + Rad + BiomedCLIP,0.0950634866899407,0.16178845841322015
130,Clin + Rad + BiomedCLIP,0.0881202947755117,0.21534190392010477
131,Clin + Rad + BiomedCLIP,0.0747310182248513,0.15079062873228474
132,Clin + Rad + BiomedCLIP,0.0683915704092045,0.14574744467351095
133,Clin + Rad + BiomedCLIP,0.0775028771165424,0.1524666944758728
134,Clin + Rad + BiomedCLIP,0.0946057128906116,0.1732343993780796
135,Clin + Rad + BiomedCLIP,0.0757380259568246,0.20143065027146137
136,Clin + Rad + BiomedCLIP,0.0742091497728852,0.1462108425442664
137,Clin + Rad + BiomedCLIP,0.073678734971962,0.15629117104433232
138,Clin + Rad + BiomedCLIP,0.0925077877116764,0.198618256261114
139,Clin + Rad + BiomedCLIP,0.1020901340192235,0.20609058397254865
140,Clin + Rad + BiomedCLIP,0.0718437022955152,0.15432805784015688
141,Clin + Rad + BiomedCLIP,0.0574778330635114,0.14718364931300926
142,Clin + Rad + BiomedCLIP,0.0754392116598738,0.1465206730484067
143,Clin + Rad + BiomedCLIP,0.0811480601757821,0.12804607722502093
144,Clin + Rad + BiomedCLIP,0.0707531926127062,0.19869102487620346
145,Clin + Rad + BiomedCLIP,0.0751699829179869,0.1562716373154135
146,Clin + Rad + BiomedCLIP,0.0743658864582269,0.13784906285025492
147,Clin + Rad + BiomedCLIP,0.0738384103030946,0.1486109467216145
148,Clin + Rad + BiomedCLIP,0.1113291300540758,0.20656397330812273
149,Clin + Rad + BiomedCLIP,0.0911266287354596,0.19940856714934097
150,Clin + Rad + BiomedCLIP,0.0706004341195099,0.15138355653548385
151,Clin + Rad + BiomedCLIP,0.0947531396109697,0.14585262477774
152,Clin + Rad + BiomedCLIP,0.0632082602404537,0.1377876941145023
153,Clin + Rad + BiomedCLIP,0.089783495602636,0.20676965974678957
154,Clin + Rad + BiomedCLIP,0.081122829177013,0.18757071298984274
155,Clin + Rad + BiomedCLIP,0.0698357397962287,0.21554569629147285
156,Clin + Rad + BiomedCLIP,0.1015266226019622,0.15319042831297017
157,Clin + Rad + BiomedCLIP,0.0617310525061084,0.18225594306984233
158,Clin + Rad + BiomedCLIP,0.0426001974070277,0.1841685323125925
159,Clin + Rad + BiomedCLIP,0.0714963482833127,0.14416076061274505
160,Clin + Rad + BiomedCLIP,0.0583191125848333,0.1376635099064215
161,Clin + Rad + BiomedCLIP,0.0691215015105351,0.18962495016719758
162,Clin + Rad + BiomedCLIP,0.0470771941451005,0.1377300174610204
163,Clin + Rad + BiomedCLIP,0.0558393362380579,0.13758170851546325
164,Clin + Rad + BiomedCLIP,0.0511991239501814,0.16575050971458824
165,Clin + Rad + BiomedCLIP,0.0791866987847747,0.19653048255577232
166,Clin + Rad + BiomedCLIP,0.0502690628631043,0.19550350181177117
167,Clin + Rad + BiomedCLIP,0.077132821937476,0.20532344697534388
168,Clin + Rad + BiomedCLIP,0.0907437910713926,0.20883210030365007
169,Clin + Rad + BiomedCLIP,0.0718484429556698,0.15288449880571342
170,Clin + Rad + BiomedCLIP,0.0888109640553939,0.21208382274480717
171,Clin + Rad + BiomedCLIP,0.0827295481935521,0.19832581064357294
172,Clin + Rad + BiomedCLIP,0.0947070970914781,0.20688930718175025
173,Clin + Rad + BiomedCLIP,0.0732769812002181,0.13332790956788543
174,Clin + Rad + BiomedCLIP,0.1026876916057611,0.15941817843202266
175,Clin + Rad + BiomedCLIP,0.0809823979751327,0.1539863586942728
176,Clin + Rad + BiomedCLIP,0.0875363379600576,0.15150913984170858
177,Clin + Rad + BiomedCLIP,0.0569991160987753,0.1321969049586323
178,Clin + Rad + BiomedCLIP,0.074273604919014,0.1839985749657193
179,Clin + Rad + BiomedCLIP,0.0855662217512095,0.18904768228724597
180,Clin + Rad + BiomedCLIP,0.1010800763553006,0.15508918924429882
181,Clin + Rad + BiomedCLIP,0.0950099370666715,0.1941826586826858
182,Clin + Rad + BiomedCLIP,0.0737417293016834,0.13794880845971236
183,Clin + Rad + BiomedCLIP,0.0750096375061037,0.21704134008211806
184,Clin + Rad + BiomedCLIP,0.0604965127685599,0.13829927827963148
185,Clin + Rad + BiomedCLIP,0.0838166990661324,0.20390678929284684
186,Clin + Rad + BiomedCLIP,0.0839821307025927,0.1842130810675155
187,Clin + Rad + BiomedCLIP,0.0928529770633432,0.1352211663404904
188,Clin + Rad + BiomedCLIP,0.078761147394895,0.1463184258069215
189,Clin + Rad + BiomedCLIP,0.0647135385911898,0.1427623384147444
190,Clin + Rad + BiomedCLIP,0.0634317010253354,0.14584017399551497
191,Clin + Rad + BiomedCLIP,0.0893528943922087,0.22456659545753835
192,Clin + Rad + BiomedCLIP,0.0596470346379485,0.19996922236267659
193,Clin + Rad + BiomedCLIP,0.0766371749628546,0.18624751329373185
194,Clin + Rad + BiomedCLIP,0.0817519186454906,0.1847670091239595
195,Clin + Rad + BiomedCLIP,0.0823355852274615,0.20965051691368358
196,Clin + Rad + BiomedCLIP,0.0686068414434699,0.13891214256939488
197,Clin + Rad + BiomedCLIP,0.087110131573175,0.19680728580249068
198,Clin + Rad + BiomedCLIP,0.0628061657578483,0.19421766204339425
199,Clin + Rad + BiomedCLIP,0.0845015227088279,0.18483189667008776
200,Clin + Rad + BiomedCLIP,0.0746231152353831,0.18608854706345782
201,Clin + Rad + BiomedCLIP,0.0891230339824523,0.20312147412236845
202,Clin + Rad + BiomedCLIP,0.081599072446203,0.1959360583200703
203,Clin + Rad + BiomedCLIP,0.0933611387645092,0.16228156594613488
204,Clin + Rad + BiomedCLIP,0.0569305054707011,0.19766429108115513
205,Clin + Rad + BiomedCLIP,0.0727009151625808,0.18006776319068815
206,Clin + Rad + BiomedCLIP,0.0600543488582005,0.15463080689155048
207,Clin + Rad + BiomedCLIP,0.0809932238807457,0.1824678481150428
208,Clin + Rad + BiomedCLIP,0.0741718461245746,0.2080610312948013
209,Clin + Rad + BiomedCLIP,0.0894663719532918,0.1631651405200569
210,Clin + Rad + BiomedCLIP,0.0697650403766477,0.18806705842821894
211,Clin + Rad + BiomedCLIP,0.0890543234462217,0.1387744739319752
212,Clin + Rad + BiomedCLIP,0.0769350455812264,0.1593458987083542
213,Clin + Rad + BiomedCLIP,0.0895961121769151,0.20823219641663449
214,Clin + Rad + BiomedCLIP,0.0914263755105977,0.15293028598109198
215,Clin + Rad + BiomedCLIP,0.0987585209327095,0.21387703892931037
216,Clin + Rad + BiomedCLIP,0.0916935704348848,0.20558194413739844
217,Clin + Rad + BiomedCLIP,0.0847814267204638,0.18050128628146447
218,Clin + Rad + BiomedCLIP,0.0568975738558411,0.15490162603311988
219,Clin + Rad + BiomedCLIP,0.0837176131522211,0.16221151626023503
220,Clin + Rad + BiomedCLIP,0.0694570160045334,0.147998248567342
221,Clin + Rad + BiomedCLIP,0.0788965811005635,0.20711996237893868
222,Clin + Rad + BiomedCLIP,0.0799058280893033,0.1966880681260878
223,Clin + Rad + BiomedCLIP,0.0843606023225534,0.13486132681756238
224,Clin + Rad + BiomedCLIP,0.0699985524767978,0.18977058094774416
225,Clin + Rad + BiomedCLIP,0.0903634092041355,0.19165917871408647
226,Clin + Rad + BiomedCLIP,0.0834588890436969,0.16165858297000446
227,Clin + Rad + BiomedCLIP,0.0861019351095973,0.14356789562801905
228,Clin + Rad + BiomedCLIP,0.0744091599797914,0.17612810127651093
229,Clin + Rad + BiomedCLIP,0.1013840804646178,0.1879153344306425
230,Clin + Rad + BiomedCLIP,0.0714084641184649,0.18298689105103363
231,Clin + Rad + BiomedCLIP,0.0482171077566116,0.13916226969812354
232,Clin + Rad + BiomedCLIP,0.0730371686403645,0.14412843883169107
233,Clin + Rad + BiomedCLIP,0.0761915378818541,0.15279528148276952
234,Clin + Rad + BiomedCLIP,0.0834459705735257,0.15070012486653192
235,Clin + Rad + BiomedCLIP,0.06955009391386,0.19703566574659712
236,Clin + Rad + BiomedCLIP,0.0616723180620524,0.13514430633322985
237,Clin + Rad + BiomedCLIP,0.0870618292589137,0.16403661975085668
238,Clin + Rad + BiomedCLIP,0.0857747625763187,0.14992726749953664
239,Clin + Rad + BiomedCLIP,0.0976528583329435,0.19172909027052779
240,Clin + Rad + BiomedCLIP,0.0868450313572042,0.19140979319446597
241,Clin + Rad + BiomedCLIP,0.0633736110293929,0.13948615728313932
242,Clin + Rad + BiomedCLIP,0.0655284290561103,0.18767079501644957
243,Clin + Rad + BiomedCLIP,0.0708268637782999,0.14039550863500763
244,Clin + Rad + BiomedCLIP,0.0716168838462486,0.1956093075580369
245,Clin + Rad + BiomedCLIP,0.1092439309703358,0.1322790060780398
246,Clin + Rad + BiomedCLIP,0.0728257279787643,0.1573420191332145
247,Clin + Rad + BiomedCLIP,0.0767466809681849,0.14236969270485145
248,Clin + Rad + BiomedCLIP,0.0637839533601587,0.2057573795205226
249,Clin + Rad + BiomedCLIP,0.0880918451912454,0.14994731495564997
250,Clin + Rad + BiomedCLIP,0.0578233975792253,0.19716431246718724
251,Clin + Rad + BiomedCLIP,0.0707620039956781,0.14308128223393585
252,Clin + Rad + BiomedCLIP,0.0541477196521025,0.18009139246298342
253,Clin + Rad + BiomedCLIP,0.0634353650318709,0.13896423988402426
254,Clin + Rad + BiomedCLIP,0.0643255253233214,0.13805559862584693
255,Clin + Rad + BiomedCLIP,0.0844440851119525,0.14901600024975836
256,Clin + Rad + BiomedCLIP,0.056860762641239,0.15296838035168894
257,Clin + Rad + BiomedCLIP,0.0843436587140049,0.1441900564147988
258,Clin + Rad + BiomedCLIP,0.0497176265474097,0.18796675772766364
259,Clin + Rad + BiomedCLIP,0.0556351330492089,0.1278180033169073
260,Clin + Rad + BiomedCLIP,0.0959650159290611,0.1478699852410896
261,Clin + Rad + BiomedCLIP,0.0801376807615959,0.2035740506903347
262,Clin + Rad + BiomedCLIP,0.0881905218508484,0.19177992117020382
263,Clin + Rad + BiomedCLIP,0.0393955320124505,0.125995608532827
264,Clin + Rad + BiomedCLIP,0.1031767488936238,0.14007181178010916
265,Clin + Rad + BiomedCLIP,0.0489633919747452,0.18833151918418523
266,Clin + Rad + BiomedCLIP,0.0905605934329682,0.21445269772898154
267,Clin + Rad + BiomedCLIP,0.0879735453993666,0.19958596083033453
268,Clin + Rad + BiomedCLIP,0.0864568430101587,0.13909777754062552
269,Clin + Rad + BiomedCLIP,0.0752612846857356,0.14351228386249773
270,Clin + Rad + BiomedCLIP,0.0757957876749289,0.15034616547529514
271,Clin + Rad + BiomedCLIP,0.0774160942205352,0.14088148274636564
272,Clin + Rad + BiomedCLIP,0.0661837570603902,0.19412692079050267
273,Clin + Rad + BiomedCLIP,0.0505839875615991,0.20142366653939284
274,Clin + Rad + BiomedCLIP,0.0734237412029733,0.13381232253248979
275,Clin + Rad + BiomedCLIP,0.0819871485491751,0.14686227964407295
276,Clin + Rad + BiomedCLIP,0.0722165057164607,0.1975714611235264
277,Clin + Rad + BiomedCLIP,0.0719315510864503,0.1326406928335362
278,Clin + Rad + BiomedCLIP,0.0797100631467448,0.16137681804226534
279,Clin + Rad + BiomedCLIP,0.0813751639875364,0.13146650755421077
280,Clin + Rad + BiomedCLIP,0.0701242956061981,0.20619725932949928
281,Clin + Rad + BiomedCLIP,0.0790526629132278,0.1485086763209667
282,Clin + Rad + BiomedCLIP,0.0864084171344607,0.20382201955872378
283,Clin + Rad + BiomedCLIP,0.0660607666449912,0.19365669222239018
284,Clin + Rad + BiomedCLIP,0.0757175126521631,0.2025870459687053
285,Clin + Rad + BiomedCLIP,0.0539594563002473,0.15674632442775466
286,Clin + Rad + BiomedCLIP,0.0841387561802427,0.19207556295003042
287,Clin + Rad + BiomedCLIP,0.0857783361817385,0.15984190366311027
288,Clin + Rad + BiomedCLIP,0.089209446531932,0.19385118550721991
289,Clin + Rad + BiomedCLIP,0.0731777426799634,0.1338857677603258
290,Clin + Rad + BiomedCLIP,0.083711025583355,0.1653928726967038
291,Clin + Rad + BiomedCLIP,0.0847967767985198,0.18577928425202078
292,Clin + Rad + BiomedCLIP,0.0850906645106083,0.19621738172796377
293,Clin + Rad + BiomedCLIP,0.0645530856407015,0.20792104833981237
294,Clin + Rad + BiomedCLIP,0.0872706323127944,0.1456583708792318
295,Clin + Rad + BiomedCLIP,0.0862907406354492,0.19740663753616425
296,Clin + Rad + BiomedCLIP,0.0719751092232522,0.19334456965394606
297,Clin + Rad + BiomedCLIP,0.0471417239154998,0.13604054796575848
298,Clin + Rad + BiomedCLIP,0.1015524159948532,0.2104514624306651
299,Clin + Rad + BiomedCLIP,0.0775470479482795,0.1966776077650875
300,Clin + Rad + BiomedCLIP,0.082319868826121,0.13875199749284958
301,Clin + Rad + BiomedCLIP,0.0753281837012596,0.20225681733935827
302,Clin + Rad + BiomedCLIP,0.062919182075319,0.14626677447326125
303,Clin + Rad + BiomedCLIP,0.072246861466829,0.19949388425787765
304,Clin + Rad + BiomedCLIP,0.0868211734489765,0.21852277736829623
305,Clin + Rad + BiomedCLIP,0.0910453394969904,0.20585858874569707
306,Clin + Rad + BiomedCLIP,0.0937981385943504,0.18777603953485042
307,Clin + Rad + BiomedCLIP,0.035889505505762,0.1946794208535458
308,Clin + Rad + BiomedCLIP,0.0647316869421456,0.14804028321250595
309,Clin + Rad + BiomedCLIP,0.0911140027049593,0.1730442418859913
310,Clin + Rad + BiomedCLIP,0.0692846452233173,0.15192052626960986
311,Clin + Rad + BiomedCLIP,0.0518266397883589,0.1421903807670297
312,Clin + Rad + BiomedCLIP,0.041776630962951,0.12501689255944842
313,Clin + Rad + BiomedCLIP,0.0576836531763425,0.18932588086414426
314,Clin + Rad + BiomedCLIP,0.0874757188806659,0.19000050721856934
315,Clin + Rad + BiomedCLIP,0.0661414790224505,0.1484885555060991
316,Clin + Rad + BiomedCLIP,0.0746752879392047,0.20674929841551062
317,Clin + Rad + BiomedCLIP,0.0870104418522088,0.14319906503604735
318,Clin + Rad + BiomedCLIP,0.0710442855109415,0.18523537853843142
319,Clin + Rad + BiomedCLIP,0.0987400476335362,0.18885036197382996
320,Clin + Rad + BiomedCLIP,0.0743791832431509,0.19364956555594298
321,Clin + Rad + BiomedCLIP,0.0704440925088008,0.14567818959819434
322,Clin + Rad + BiomedCLIP,0.0489266609252226,0.14070083227707395
323,Clin + Rad + BiomedCLIP,0.0805411355690553,0.20603682031415865
324,Clin + Rad + BiomedCLIP,0.0571518771860218,0.13910815515770286
325,Clin + Rad + BiomedCLIP,0.0597796040624522,0.12861760100536834
326,Clin + Rad + BiomedCLIP,0.0695049707270882,0.20122586793142624
327,Clin + Rad + BiomedCLIP,0.064699013407095,0.19180426280590096
328,Clin + Rad + BiomedCLIP,0.083617996543863,0.19068491244982935
329,Clin + Rad + BiomedCLIP,0.0611941904115333,0.1299873167673425
330,Clin + Rad + BiomedCLIP,0.0771572560283803,0.15731896815742274
331,Clin + Rad + BiomedCLIP,0.0564179688995577,0.15565442415281683
332,Clin + Rad + BiomedCLIP,0.0773876356830404,0.1626939936681877
333,Clin + Rad + BiomedCLIP,0.0686040085122238,0.19240214312011453
334,Clin + Rad + BiomedCLIP,0.0723707273510757,0.1861434859740657
335,Clin + Rad + BiomedCLIP,0.0915333688372453,0.18347523137537053
336,Clin + Rad + BiomedCLIP,0.0692043975781752,0.223180869769235
337,Clin + Rad + BiomedCLIP,0.078435283445661,0.12397062200981973
338,Clin + Rad + BiomedCLIP,0.0878885161847898,0.12506765149320578
339,Clin + Rad + BiomedCLIP,0.0807631785750694,0.16785085541133574
340,Clin + Rad + BiomedCLIP,0.0797840103878112,0.13847262854509604
341,Clin + Rad + BiomedCLIP,0.0861493528743723,0.21152330054141005
342,Clin + Rad + BiomedCLIP,0.0804101399336057,0.19292881240600143
343,Clin + Rad + BiomedCLIP,0.070221463378383,0.18804193155128446
344,Clin + Rad + BiomedCLIP,0.0661685132072098,0.19621660694303678
345,Clin + Rad + BiomedCLIP,0.0755038480106612,0.13613361706727414
346,Clin + Rad + BiomedCLIP,0.0991882090778808,0.1512486161079168
347,Clin + Rad + BiomedCLIP,0.090106961045044,0.197812069388918
348,Clin + Rad + BiomedCLIP,0.0432573385576753,0.13524069175520148
349,Clin + Rad + BiomedCLIP,0.0788028702534805,0.18841132407500558
350,Clin + Rad + BiomedCLIP,0.0824941438219996,0.21156719081239525
351,Clin + Rad + BiomedCLIP,0.0525316492283316,0.1482576678451293
352,Clin + Rad + BiomedCLIP,0.0640445486421142,0.14144089870533855
353,Clin + Rad + BiomedCLIP,0.0767691453324,0.19003307179599727
354,Clin + Rad + BiomedCLIP,0.0544336253059532,0.19236377132365864
355,Clin + Rad + BiomedCLIP,0.0773293513445867,0.1758499522779447
356,Clin + Rad + BiomedCLIP,0.0768233821563408,0.14381169803912103
357,Clin + Rad + BiomedCLIP,0.063961408472043,0.13265953307258863
358,Clin + Rad + BiomedCLIP,0.0917624823335172,0.19093605233117764
359,Clin + Rad + BiomedCLIP,0.0922949862211197,0.22202452603962453
360,Clin + Rad + BiomedCLIP,0.0870088162273477,0.20240678979181476
361,Clin + Rad + BiomedCLIP,0.0903348860405663,0.15038816412816775
362,Clin + Rad + BiomedCLIP,0.0704455306211922,0.15055409551362287
363,Clin + Rad + BiomedCLIP,0.1054168486472557,0.2097631632858838
364,Clin + Rad + BiomedCLIP,0.0668763039093612,0.13146233011613645
365,Clin + Rad + BiomedCLIP,0.0757429022431669,0.2133020557302818
366,Clin + Rad + BiomedCLIP,0.0892535929124098,0.18301796511688248
367,Clin + Rad + BiomedCLIP,0.0593435167225469,0.14742482533553053
368,Clin + Rad + BiomedCLIP,0.064183013054246,0.19891740486271112
369,Clin + Rad + BiomedCLIP,0.0697798548306721,0.15906530828373683
1,Clin + Rad + RAD-DINO,0.0897149435169356,0.154620686022846
2,Clin + Rad + RAD-DINO,0.0761940923347721,0.15004833050932473
3,Clin + Rad + RAD-DINO,0.0726757515245943,0.1447357461557075
4,Clin + Rad + RAD-DINO,0.084954446086282,0.2128425919235495
5,Clin + Rad + RAD-DINO,0.0711888200733692,0.15012188260911608
6,Clin + Rad + RAD-DINO,0.0845480764870335,0.1521974313658136
7,Clin + Rad + RAD-DINO,0.0931990438455263,0.190693425489647
8,Clin + Rad + RAD-DINO,0.0805382452801562,0.12690642369037156
9,Clin + Rad + RAD-DINO,0.085731099927351,0.19303869710085103
10,Clin + Rad + RAD-DINO,0.0569719638220554,0.14656212486387507
11,Clin + Rad + RAD-DINO,0.0567773159874313,0.19752414391869325
12,Clin + Rad + RAD-DINO,0.0711290701306647,0.1359805856573351
13,Clin + Rad + RAD-DINO,0.065195058468354,0.20132000820254403
14,Clin + Rad + RAD-DINO,0.078527991396493,0.19573401574855243
15,Clin + Rad + RAD-DINO,0.0743780073883415,0.13566624967791804
16,Clin + Rad + RAD-DINO,0.0704817033195138,0.20819442291976054
17,Clin + Rad + RAD-DINO,0.0845165843126062,0.2022510436471027
18,Clin + Rad + RAD-DINO,0.0970323580368499,0.19733448666196085
19,Clin + Rad + RAD-DINO,0.0854145748875955,0.1556334979095599
20,Clin + Rad + RAD-DINO,0.0708079368389473,0.19433455981222592
21,Clin + Rad + RAD-DINO,0.0832960585561245,0.20589586656350362
22,Clin + Rad + RAD-DINO,0.0629511494962882,0.18400958247727148
23,Clin + Rad + RAD-DINO,0.0831471240999922,0.14301120763095213
24,Clin + Rad + RAD-DINO,0.0885038542808641,0.21700194111882878
25,Clin + Rad + RAD-DINO,0.0705264375778232,0.18404750916996787
26,Clin + Rad + RAD-DINO,0.0661901431077272,0.19510649537456948
27,Clin + Rad + RAD-DINO,0.0783593746255495,0.14355893670964553
28,Clin + Rad + RAD-DINO,0.100327739463414,0.15061046789408739
29,Clin + Rad + RAD-DINO,0.0689504378867744,0.1332503222864406
30,Clin + Rad + RAD-DINO,0.0632243868189626,0.1341466346043481
31,Clin + Rad + RAD-DINO,0.0923749156185389,0.15872146799838513
32,Clin + Rad + RAD-DINO,0.0585588451208865,0.131709339880736
33,Clin + Rad + RAD-DINO,0.060696291574496,0.13451637553739845
34,Clin + Rad + RAD-DINO,0.0893406866727044,0.17657870629745112
35,Clin + Rad + RAD-DINO,0.0899361479470927,0.137547520960786
36,Clin + Rad + RAD-DINO,0.0787765171064103,0.19491693220792292
37,Clin + Rad + RAD-DINO,0.0572694519050346,0.2020086865306799
38,Clin + Rad + RAD-DINO,0.0834677210982117,0.1383451585651734
39,Clin + Rad + RAD-DINO,0.0666069626051732,0.1336392616579135
40,Clin + Rad + RAD-DINO,0.0541699401073227,0.19975310588851802
41,Clin + Rad + RAD-DINO,0.0756539596033085,0.1524689760084805
42,Clin + Rad + RAD-DINO,0.0663466489204968,0.20693965367898576
43,Clin + Rad + RAD-DINO,0.0920143144768452,0.1342677541364559
44,Clin + Rad + RAD-DINO,0.067658818650873,0.18966489255463573
45,Clin + Rad + RAD-DINO,0.0764272589454523,0.19237553971928756
46,Clin + Rad + RAD-DINO,0.0750898705064701,0.13383686750876986
47,Clin + Rad + RAD-DINO,0.0824344606594521,0.13818725121035288
48,Clin + Rad + RAD-DINO,0.0847746217758504,0.1831665469233945
49,Clin + Rad + RAD-DINO,0.0645695466304328,0.12771268197596047
50,Clin + Rad + RAD-DINO,0.0840608040777831,0.21350314575584584
51,Clin + Rad + RAD-DINO,0.0541033919910732,0.17982296672681577
52,Clin + Rad + RAD-DINO,0.0548752601821742,0.14215389053246316
53,Clin + Rad + RAD-DINO,0.0626260850513141,0.13624935455750894
54,Clin + Rad + RAD-DINO,0.0946176531924917,0.15368351651242015
55,Clin + Rad + RAD-DINO,0.0657316119320631,0.20778483694546165
56,Clin + Rad + RAD-DINO,0.0830029740867533,0.20462153699851668
57,Clin + Rad + RAD-DINO,0.0643013687655835,0.14588258404212903
58,Clin + Rad + RAD-DINO,0.0911495224707263,0.13398182954193724
59,Clin + Rad + RAD-DINO,0.0780281640793144,0.19130598591819364
60,Clin + Rad + RAD-DINO,0.059198551618266,0.18818766171779583
61,Clin + Rad + RAD-DINO,0.0891475347151721,0.15050879557119798
62,Clin + Rad + RAD-DINO,0.0670338366093985,0.1989268204321109
63,Clin + Rad + RAD-DINO,0.06480911889744,0.18901927834096774
64,Clin + Rad + RAD-DINO,0.0786832503789839,0.1618566982133266
65,Clin + Rad + RAD-DINO,0.0798135418838236,0.14587523461519272
66,Clin + Rad + RAD-DINO,0.068491477622352,0.14039668439710543
67,Clin + Rad + RAD-DINO,0.085022608494834,0.19861245269806233
68,Clin + Rad + RAD-DINO,0.09345677108944,0.1707079155774808
69,Clin + Rad + RAD-DINO,0.098964716679158,0.19072374516870721
70,Clin + Rad + RAD-DINO,0.0561878568073515,0.19644522573621157
71,Clin + Rad + RAD-DINO,0.0677101734978824,0.19417677415816198
72,Clin + Rad + RAD-DINO,0.0964703845391367,0.1937997782983598
73,Clin + Rad + RAD-DINO,0.094013694379462,0.20895121373295703
74,Clin + Rad + RAD-DINO,0.0920010496275607,0.1405063178115924
75,Clin + Rad + RAD-DINO,0.0721105779549889,0.19880362193374093
76,Clin + Rad + RAD-DINO,0.0776534029583464,0.12877239234950033
77,Clin + Rad + RAD-DINO,0.0930318665940576,0.201919524544566
78,Clin + Rad + RAD-DINO,0.0708048759069474,0.14533952609572542
79,Clin + Rad + RAD-DINO,0.0617640782274679,0.204230924664581
80,Clin + Rad + RAD-DINO,0.0773235916153079,0.18660794211539938
81,Clin + Rad + RAD-DINO,0.0642294869791507,0.19612287983939006
82,Clin + Rad + RAD-DINO,0.0847090114242605,0.1424958109980935
83,Clin + Rad + RAD-DINO,0.0673897859436088,0.14297405814522576
84,Clin + Rad + RAD-DINO,0.0853882110558276,0.13705502140392256
85,Clin + Rad + RAD-DINO,0.0921993474661993,0.14706955105688393
86,Clin + Rad + RAD-DINO,0.0619878462480402,0.13632399423858124
87,Clin + Rad + RAD-DINO,0.0753741299822763,0.19468631763329897
88,Clin + Rad + RAD-DINO,0.0619104862633649,0.20206043897596945
89,Clin + Rad + RAD-DINO,0.0915726389001371,0.2063945230721454
90,Clin + Rad + RAD-DINO,0.0809815500762236,0.1580185458883202
91,Clin + Rad + RAD-DINO,0.0909036327116578,0.19530743568816078
92,Clin + Rad + RAD-DINO,0.0744368955768044,0.15529994271543637
93,Clin + Rad + RAD-DINO,0.0514262176613457,0.13644169487590324
94,Clin + Rad + RAD-DINO,0.0707822786990834,0.14110667992004372
95,Clin + Rad + RAD-DINO,0.0667801548238011,0.15331694760083286
96,Clin + Rad + RAD-DINO,0.0788260550774322,0.19171589055810506
97,Clin + Rad + RAD-DINO,0.083476555892436,0.19701317670556692
98,Clin + Rad + RAD-DINO,0.0976062047135727,0.1489639607642621
99,Clin + Rad + RAD-DINO,0.069188122440725,0.13617229616387952
100,Clin + Rad + RAD-DINO,0.074521213984466,0.1973770153176339
101,Clin + Rad + RAD-DINO,0.0660539617550628,0.20385044357668056
102,Clin + Rad + RAD-DINO,0.0692362426494292,0.2001491590446999
103,Clin + Rad + RAD-DINO,0.0532769643861562,0.19547589660953954
104,Clin + Rad + RAD-DINO,0.085969149041979,0.1920226034231336
105,Clin + Rad + RAD-DINO,0.0719801534866798,0.13164467337985425
106,Clin + Rad + RAD-DINO,0.0609066501892751,0.1494793845093719
107,Clin + Rad + RAD-DINO,0.0492426502708506,0.13010134696639997
108,Clin + Rad + RAD-DINO,0.0759982560744159,0.1983871312977173
109,Clin + Rad + RAD-DINO,0.0723811382097398,0.14143161163808493
110,Clin + Rad + RAD-DINO,0.0764237310601477,0.19307490277441602
111,Clin + Rad + RAD-DINO,0.0629275959077334,0.14168704549586628
112,Clin + Rad + RAD-DINO,0.0862605545360743,0.1964085925789473
113,Clin + Rad + RAD-DINO,0.0695709984136158,0.20956287593747586
114,Clin + Rad + RAD-DINO,0.0844650508646247,0.16172281512534498
115,Clin + Rad + RAD-DINO,0.0788063108339929,0.1356011633011019
116,Clin + Rad + RAD-DINO,0.0737541289213424,0.1215859620669067
117,Clin + Rad + RAD-DINO,0.0605491679686557,0.19567007165489805
118,Clin + Rad + RAD-DINO,0.0906968210038106,0.2107067191533099
119,Clin + Rad + RAD-DINO,0.0702785985890638,0.18720275839196435
120,Clin + Rad + RAD-DINO,0.0600661190731037,0.2173664194326392
121,Clin + Rad + RAD-DINO,0.0826916588127949,0.21406069257083157
122,Clin + Rad + RAD-DINO,0.0920608640985367,0.14220216801426483
123,Clin + Rad + RAD-DINO,0.0680856010856604,0.15033229274736157
124,Clin + Rad + RAD-DINO,0.061809657579626,0.1992878152151125
125,Clin + Rad + RAD-DINO,0.0838722142532799,0.20889639890792236
126,Clin + Rad + RAD-DINO,0.0751940204216688,0.13800058418308558
127,Clin + Rad + RAD-DINO,0.0720473743772526,0.14429436560496275
128,Clin + Rad + RAD-DINO,0.0819417243549458,0.1873811297396978
129,Clin + Rad + RAD-DINO,0.0774853112208741,0.14976726002897303
130,Clin + Rad + RAD-DINO,0.0705068353134649,0.20192396650888636
131,Clin + Rad + RAD-DINO,0.0528720226195418,0.13284606724324263
132,Clin + Rad + RAD-DINO,0.0732451637284939,0.15617009362389964
133,Clin + Rad + RAD-DINO,0.0789675514873751,0.1404416282603094
134,Clin + Rad + RAD-DINO,0.0948591316120678,0.17578750079147148
135,Clin + Rad + RAD-DINO,0.0799731530141827,0.19717091921744337
136,Clin + Rad + RAD-DINO,0.0668407580910755,0.1381081303922984
137,Clin + Rad + RAD-DINO,0.0765846637820433,0.1296482078651824
138,Clin + Rad + RAD-DINO,0.0822488648035588,0.19916272610807986
139,Clin + Rad + RAD-DINO,0.0845010789710762,0.18812469476646124
140,Clin + Rad + RAD-DINO,0.0817303292736924,0.14681582523047879
141,Clin + Rad + RAD-DINO,0.0518723219104775,0.14728282464008507
142,Clin + Rad + RAD-DINO,0.0658043459915375,0.12655763681223586
143,Clin + Rad + RAD-DINO,0.0712843805768311,0.12355640228299464
144,Clin + Rad + RAD-DINO,0.0704329310915873,0.1854245593410303
145,Clin + Rad + RAD-DINO,0.0788998613977756,0.15350155256457051
146,Clin + Rad + RAD-DINO,0.0619931523058825,0.13177334181041309
147,Clin + Rad + RAD-DINO,0.0830734714267289,0.139950916158134
148,Clin + Rad + RAD-DINO,0.0894027994533283,0.19936218365443828
149,Clin + Rad + RAD-DINO,0.0766892897754986,0.2119022930357312
150,Clin + Rad + RAD-DINO,0.0654927042726011,0.15410868727557
151,Clin + Rad + RAD-DINO,0.0821557772136223,0.15098084983865137
152,Clin + Rad + RAD-DINO,0.0592270135959513,0.15098512007174203
153,Clin + Rad + RAD-DINO,0.0728232773773587,0.1935731311796107
154,Clin + Rad + RAD-DINO,0.0747732028729705,0.1877673560967931
155,Clin + Rad + RAD-DINO,0.0688813666637834,0.20929558898944411
156,Clin + Rad + RAD-DINO,0.0993602243355088,0.1579867879320912
157,Clin + Rad + RAD-DINO,0.0768955386394973,0.17950656960796782
158,Clin + Rad + RAD-DINO,0.0577881054757309,0.19070788945987668
159,Clin + Rad + RAD-DINO,0.0846036157723854,0.14863361730123842
160,Clin + Rad + RAD-DINO,0.061667404697605,0.1344705034805617
161,Clin + Rad + RAD-DINO,0.0672439324163205,0.19025929729227473
162,Clin + Rad + RAD-DINO,0.079608655587994,0.12538750129479892
163,Clin + Rad + RAD-DINO,0.0635142037754849,0.15278556889824943
164,Clin + Rad + RAD-DINO,0.0672903651716921,0.15548158645880078
165,Clin + Rad + RAD-DINO,0.099826126202938,0.22094935820967454
166,Clin + Rad + RAD-DINO,0.060577842642319,0.20095320973321662
167,Clin + Rad + RAD-DINO,0.0551860309154897,0.20199773987737019
168,Clin + Rad + RAD-DINO,0.0857841484224148,0.19592322958290687
169,Clin + Rad + RAD-DINO,0.0669950059372744,0.14733377383273402
170,Clin + Rad + RAD-DINO,0.0860629387732516,0.21611327097385702
171,Clin + Rad + RAD-DINO,0.0860794907448925,0.19488775535797473
172,Clin + Rad + RAD-DINO,0.0825031311453826,0.19418687836104775
173,Clin + Rad + RAD-DINO,0.0934364048994308,0.16158457251821812
174,Clin + Rad + RAD-DINO,0.0694829483565025,0.13676716067964348
175,Clin + Rad + RAD-DINO,0.068599707618741,0.14137613256964765
176,Clin + Rad + RAD-DINO,0.0679207617381615,0.1512133707813138
177,Clin + Rad + RAD-DINO,0.0568573008059028,0.11897512727637273
178,Clin + Rad + RAD-DINO,0.0572604054399593,0.1831239617802587
179,Clin + Rad + RAD-DINO,0.062521828457403,0.18502120942883288
180,Clin + Rad + RAD-DINO,0.0698319807325412,0.1675415447491839
181,Clin + Rad + RAD-DINO,0.0789266899366241,0.17050423886753058
182,Clin + Rad + RAD-DINO,0.0798984295273524,0.15131655715372744
183,Clin + Rad + RAD-DINO,0.0787493571077454,0.20538056486076728
184,Clin + Rad + RAD-DINO,0.0813435847815442,0.12656641573775337
185,Clin + Rad + RAD-DINO,0.0838250307779662,0.201651605599243
186,Clin + Rad + RAD-DINO,0.0538922699526454,0.18596493464055827
187,Clin + Rad + RAD-DINO,0.0726935748744791,0.12491955858877762
188,Clin + Rad + RAD-DINO,0.0760901577278332,0.1388087440894064
189,Clin + Rad + RAD-DINO,0.0639913212664799,0.1458655740948539
190,Clin + Rad + RAD-DINO,0.0484254380677729,0.12714593824463022
191,Clin + Rad + RAD-DINO,0.067259371889567,0.200426809299692
192,Clin + Rad + RAD-DINO,0.0628662853840586,0.1882748022154027
193,Clin + Rad + RAD-DINO,0.0627570762412799,0.188242030815547
194,Clin + Rad + RAD-DINO,0.0753691710120164,0.1883810724666031
195,Clin + Rad + RAD-DINO,0.0644648005026557,0.2105794894096259
196,Clin + Rad + RAD-DINO,0.0598683117815658,0.1466133739938989
197,Clin + Rad + RAD-DINO,0.0698661581795449,0.1896378306572098
198,Clin + Rad + RAD-DINO,0.0617564359701645,0.19363535135499677
199,Clin + Rad + RAD-DINO,0.0651307985520668,0.19062897557588826
200,Clin + Rad + RAD-DINO,0.081035472557746,0.19310232081697037
201,Clin + Rad + RAD-DINO,0.0681465795193214,0.20084510623729845
202,Clin + Rad + RAD-DINO,0.080096695216482,0.18681532927838615
203,Clin + Rad + RAD-DINO,0.0649790593678821,0.15618346710209283
204,Clin + Rad + RAD-DINO,0.0622126973555061,0.2006311899416279
205,Clin + Rad + RAD-DINO,0.0656349098546967,0.18221155142767886
206,Clin + Rad + RAD-DINO,0.0675136402612096,0.13916173496552509
207,Clin + Rad + RAD-DINO,0.0771330406992749,0.21881236334790846
208,Clin + Rad + RAD-DINO,0.088730457849042,0.2023802470723848
209,Clin + Rad + RAD-DINO,0.0680849427819553,0.16105475868835578
210,Clin + Rad + RAD-DINO,0.0602181945200909,0.1809539791373187
211,Clin + Rad + RAD-DINO,0.0744652201299698,0.13951869700858724
212,Clin + Rad + RAD-DINO,0.0716504846002634,0.15975411686666904
213,Clin + Rad + RAD-DINO,0.0765370951821916,0.19612536934586156
214,Clin + Rad + RAD-DINO,0.0798078046127882,0.15882857550145793
215,Clin + Rad + RAD-DINO,0.0969269967622308,0.19908338240434356
216,Clin + Rad + RAD-DINO,0.064971204052153,0.19054409542538675
217,Clin + Rad + RAD-DINO,0.0797428125999602,0.18660516464147528
218,Clin + Rad + RAD-DINO,0.0735528321181688,0.12757035922232238
219,Clin + Rad + RAD-DINO,0.058596860115483,0.1405806747430455
220,Clin + Rad + RAD-DINO,0.0634313898386248,0.1507994887099781
221,Clin + Rad + RAD-DINO,0.0781435719526035,0.19853842290101809
222,Clin + Rad + RAD-DINO,0.0365057502203299,0.19257849535633212
223,Clin + Rad + RAD-DINO,0.0593814397094691,0.1452950744287798
224,Clin + Rad + RAD-DINO,0.0745524325099496,0.1951434158965293
225,Clin + Rad + RAD-DINO,0.0854076584517507,0.18630689425171826
226,Clin + Rad + RAD-DINO,0.0747761497156933,0.14615983810991703
227,Clin + Rad + RAD-DINO,0.0713638267999873,0.140478405116379
228,Clin + Rad + RAD-DINO,0.0553132475713439,0.17831067936467054
229,Clin + Rad + RAD-DINO,0.0898808285676372,0.18235155237898096
230,Clin + Rad + RAD-DINO,0.0605128658187318,0.18704183218212442
231,Clin + Rad + RAD-DINO,0.0524544200124352,0.14725796343309458
232,Clin + Rad + RAD-DINO,0.0706287477749855,0.15741092346491414
233,Clin + Rad + RAD-DINO,0.0834940579990076,0.1396285499607463
234,Clin + Rad + RAD-DINO,0.072824536536674,0.1470551071924349
235,Clin + Rad + RAD-DINO,0.0733636959304528,0.20050985928103807
236,Clin + Rad + RAD-DINO,0.0593307839186125,0.12909037802615714
237,Clin + Rad + RAD-DINO,0.0891877917764191,0.16381544816521834
238,Clin + Rad + RAD-DINO,0.0746659251652249,0.1483540198564041
239,Clin + Rad + RAD-DINO,0.0734338454207173,0.2082976613653607
240,Clin + Rad + RAD-DINO,0.0952130134021417,0.1862780626260618
241,Clin + Rad + RAD-DINO,0.07397597419607,0.14799520052552004
242,Clin + Rad + RAD-DINO,0.0894998649459333,0.17172024085640128
243,Clin + Rad + RAD-DINO,0.0762598753680982,0.13959520179035081
244,Clin + Rad + RAD-DINO,0.0917427976398533,0.20320317191531617
245,Clin + Rad + RAD-DINO,0.0914305246562388,0.13771869812049586
246,Clin + Rad + RAD-DINO,0.0672868954825557,0.1597410510121259
247,Clin + Rad + RAD-DINO,0.0542478339315746,0.1473894441322236
248,Clin + Rad + RAD-DINO,0.0611582878347588,0.20308642145073058
249,Clin + Rad + RAD-DINO,0.0746712442371614,0.14876959978826998
250,Clin + Rad + RAD-DINO,0.0639373695916783,0.19427636766769368
251,Clin + Rad + RAD-DINO,0.0747881523460678,0.14073470005804378
252,Clin + Rad + RAD-DINO,0.063939250591085,0.18735605393339674
253,Clin + Rad + RAD-DINO,0.0689585214879774,0.12812761700061515
254,Clin + Rad + RAD-DINO,0.0675780749917508,0.13747060077638837
255,Clin + Rad + RAD-DINO,0.0820537271282777,0.13949428538612144
256,Clin + Rad + RAD-DINO,0.0794210827502902,0.13249695922496152
257,Clin + Rad + RAD-DINO,0.0686481362558758,0.14011865500373183
258,Clin + Rad + RAD-DINO,0.0628826046545684,0.19965272656371721
259,Clin + Rad + RAD-DINO,0.0531444425047612,0.12605195264717706
260,Clin + Rad + RAD-DINO,0.0705593893478605,0.13949476562432675
261,Clin + Rad + RAD-DINO,0.0680516001624689,0.20449117100782468
262,Clin + Rad + RAD-DINO,0.0702266389460301,0.18993098354180996
263,Clin + Rad + RAD-DINO,0.0536522567571218,0.1389589503455115
264,Clin + Rad + RAD-DINO,0.0850853229284092,0.13821650775620817
265,Clin + Rad + RAD-DINO,0.0606110029851165,0.1702299418385666
266,Clin + Rad + RAD-DINO,0.0885046910200191,0.21561147253020596
267,Clin + Rad + RAD-DINO,0.0731719596659054,0.18041751779409562
268,Clin + Rad + RAD-DINO,0.0965920518242691,0.13201913547939842
269,Clin + Rad + RAD-DINO,0.0780278399044754,0.14980872288500233
270,Clin + Rad + RAD-DINO,0.0764537948947214,0.1383298119914577
271,Clin + Rad + RAD-DINO,0.077454067999483,0.1528834419360991
272,Clin + Rad + RAD-DINO,0.0846190826932234,0.1979018165122495
273,Clin + Rad + RAD-DINO,0.0503511561253753,0.19141066124829256
274,Clin + Rad + RAD-DINO,0.0457880286666381,0.13344215803703877
275,Clin + Rad + RAD-DINO,0.0900865318476541,0.14002420578846023
276,Clin + Rad + RAD-DINO,0.0943522697643328,0.20332678059061643
277,Clin + Rad + RAD-DINO,0.0762331112710818,0.12575301687799595
278,Clin + Rad + RAD-DINO,0.070225211063188,0.15870565332941644
279,Clin + Rad + RAD-DINO,0.0667358431523675,0.1250373519791424
280,Clin + Rad + RAD-DINO,0.0889871406404329,0.21035226569516513
281,Clin + Rad + RAD-DINO,0.0662394908025401,0.14116347063501947
282,Clin + Rad + RAD-DINO,0.0604631033322165,0.19884776193476117
283,Clin + Rad + RAD-DINO,0.0900146681955642,0.20577640891547636
284,Clin + Rad + RAD-DINO,0.0705693905499997,0.18626266725093554
285,Clin + Rad + RAD-DINO,0.0549550883560876,0.1300752476759857
286,Clin + Rad + RAD-DINO,0.0856984711451262,0.18934532666140114
287,Clin + Rad + RAD-DINO,0.063268002282242,0.150545908268716
288,Clin + Rad + RAD-DINO,0.0777482372039519,0.20697142090835646
289,Clin + Rad + RAD-DINO,0.0640862533018899,0.1272352736801337
290,Clin + Rad + RAD-DINO,0.0709940304360221,0.14225424300984243
291,Clin + Rad + RAD-DINO,0.0822791797723963,0.1920110003764818
292,Clin + Rad + RAD-DINO,0.0878642936605261,0.18987921269001115
293,Clin + Rad + RAD-DINO,0.0609003600343165,0.18996136317242476
294,Clin + Rad + RAD-DINO,0.0767710987503183,0.1495998842477381
295,Clin + Rad + RAD-DINO,0.0726063023495294,0.17890990328392734
296,Clin + Rad + RAD-DINO,0.0607305932695178,0.2020069182999263
297,Clin + Rad + RAD-DINO,0.0590344557575355,0.1387002637240257
298,Clin + Rad + RAD-DINO,0.0892992494268762,0.2145728609427019
299,Clin + Rad + RAD-DINO,0.0781581098823244,0.1845625655632405
300,Clin + Rad + RAD-DINO,0.0902515122889195,0.13369931886866407
301,Clin + Rad + RAD-DINO,0.0792581653347079,0.20638032955693963
302,Clin + Rad + RAD-DINO,0.0588656697297267,0.1415139609095763
303,Clin + Rad + RAD-DINO,0.0545302080995254,0.1910047760706765
304,Clin + Rad + RAD-DINO,0.0689252482956829,0.20813982617960924
305,Clin + Rad + RAD-DINO,0.0774733558194208,0.21522663220730895
306,Clin + Rad + RAD-DINO,0.0808588413421017,0.18402464538780774
307,Clin + Rad + RAD-DINO,0.0528099811400431,0.18774033964444184
308,Clin + Rad + RAD-DINO,0.0626002387155025,0.14123173770453026
309,Clin + Rad + RAD-DINO,0.097310185846705,0.16656099736522345
310,Clin + Rad + RAD-DINO,0.0819194727507271,0.1394624576052077
311,Clin + Rad + RAD-DINO,0.0749532831941639,0.12623233123943312
312,Clin + Rad + RAD-DINO,0.062500064642292,0.13364104630779042
313,Clin + Rad + RAD-DINO,0.0740778664986373,0.20603443316925096
314,Clin + Rad + RAD-DINO,0.0810978266699936,0.21528722503645736
315,Clin + Rad + RAD-DINO,0.0886629978714808,0.1570522024226501
316,Clin + Rad + RAD-DINO,0.0575765098882029,0.21194974788265608
317,Clin + Rad + RAD-DINO,0.0699258680560643,0.14178020954754755
318,Clin + Rad + RAD-DINO,0.0829325398502953,0.1734583499278189
319,Clin + Rad + RAD-DINO,0.0786092168645445,0.1802958735870248
320,Clin + Rad + RAD-DINO,0.0954000689673373,0.21390703774554792
321,Clin + Rad + RAD-DINO,0.0988033060670052,0.13258196268147387
322,Clin + Rad + RAD-DINO,0.0909007717225797,0.14493007067297434
323,Clin + Rad + RAD-DINO,0.0803580069440127,0.19676987316387168
324,Clin + Rad + RAD-DINO,0.060554919515985,0.12575533670981617
325,Clin + Rad + RAD-DINO,0.0648005942609025,0.1410400059088902
326,Clin + Rad + RAD-DINO,0.0725140455322373,0.19011416214761376
327,Clin + Rad + RAD-DINO,0.0836051581070362,0.1969107781810767
328,Clin + Rad + RAD-DINO,0.0865496635538581,0.20881901245762854
329,Clin + Rad + RAD-DINO,0.0567300889479229,0.12564358845005044
330,Clin + Rad + RAD-DINO,0.0590830299105388,0.13190028236789444
331,Clin + Rad + RAD-DINO,0.081309857987582,0.1601188957580829
332,Clin + Rad + RAD-DINO,0.0614241435088565,0.1392807303047901
333,Clin + Rad + RAD-DINO,0.0616235293434248,0.19251012634752662
334,Clin + Rad + RAD-DINO,0.0646945964016564,0.19106725643159225
335,Clin + Rad + RAD-DINO,0.0926646843758913,0.18877994654990657
336,Clin + Rad + RAD-DINO,0.0870693778598094,0.20585010728010233
337,Clin + Rad + RAD-DINO,0.0662868588462795,0.13799868252458442
338,Clin + Rad + RAD-DINO,0.0760447530296059,0.12429756991076615
339,Clin + Rad + RAD-DINO,0.0853837087031875,0.17234089655093152
340,Clin + Rad + RAD-DINO,0.0616537180751978,0.1388885411899061
341,Clin + Rad + RAD-DINO,0.0883576129927338,0.21036431591952007
342,Clin + Rad + RAD-DINO,0.0600139732305896,0.1917812896133424
343,Clin + Rad + RAD-DINO,0.0970531105028716,0.199799508188624
344,Clin + Rad + RAD-DINO,0.0776047890804945,0.2047971561944291
345,Clin + Rad + RAD-DINO,0.0633357573319924,0.14528600965208932
346,Clin + Rad + RAD-DINO,0.0713260505393059,0.13641241524383918
347,Clin + Rad + RAD-DINO,0.0701019185830336,0.18511820579777913
348,Clin + Rad + RAD-DINO,0.0760129283401465,0.13208538472587278
349,Clin + Rad + RAD-DINO,0.062357656041368,0.1801318098021449
350,Clin + Rad + RAD-DINO,0.0781460881534919,0.20914176325890002
351,Clin + Rad + RAD-DINO,0.0496566111897251,0.14191843326655262
352,Clin + Rad + RAD-DINO,0.0617566690371218,0.1365897684853215
353,Clin + Rad + RAD-DINO,0.0918881218240328,0.17050723092338504
354,Clin + Rad + RAD-DINO,0.0804121371405203,0.18092561466496324
355,Clin + Rad + RAD-DINO,0.0671511065712144,0.18718163413194425
356,Clin + Rad + RAD-DINO,0.0866715719543171,0.13764134289875773
357,Clin + Rad + RAD-DINO,0.0882078545653075,0.15523261654243445
358,Clin + Rad + RAD-DINO,0.0875084398073119,0.18508540874852067
359,Clin + Rad + RAD-DINO,0.0847864370110716,0.21553790407986156
360,Clin + Rad + RAD-DINO,0.0784016061028211,0.19434374864249299
361,Clin + Rad + RAD-DINO,0.0757304207304007,0.14834622638035247
362,Clin + Rad + RAD-DINO,0.0799155049204352,0.15045403589722317
363,Clin + Rad + RAD-DINO,0.0761300445315806,0.19182440910900514
364,Clin + Rad + RAD-DINO,0.0571714489003791,0.12992551322195028
365,Clin + Rad + RAD-DINO,0.0883067576702344,0.21412304191383047
366,Clin + Rad + RAD-DINO,0.0785151430532479,0.18835311286077203
367,Clin + Rad + RAD-DINO,0.0545854122866892,0.14342652966199393
368,Clin + Rad + RAD-DINO,0.0552040627288644,0.18373902225408764
369,Clin + Rad + RAD-DINO,0.073777845251419,0.1467331006009995
