h1_row,configuration,priority_A,priority_D1,priority_D2,priority_B
1,Clinical only,0.2819691146807946,0.2819691146807947,0.2828832874003941,0.2828832874003941
2,Clinical only,0.27429459045517507,0.27429459045517507,0.2759781445895649,0.2759781445895649
3,Clinical only,0.08843843996774793,0.08843843996774793,0.08976743909339685,0.08976743909339685
4,Clinical only,0.08261802939011367,0.08261802939011367,0.08265424804251466,0.08265424804251466
5,Clinical only,0.08203323996066669,0.0820332399606667,0.08142601955587925,0.08142601955587928
6,Clinical only,0.2738474402400244,0.2738474402400245,0.27530439536467083,0.2753043953646708
7,Clinical only,0.2892910787316857,0.2892910787316857,0.28970560958645253,0.2897056095864524
8,Clinical only,0.12374012918273197,0.12374012918273194,0.12206159606187772,0.12206159606187776
9,Clinical only,0.11717611781935254,0.11717611781935247,0.11648697145697252,0.11648697145697252
10,Clinical only,0.26964958457495886,0.2696495845749589,0.27039738862712065,0.2703973886271208
11,Clinical only,0.09677132791500032,0.09677132791500032,0.09716790338955246,0.09716790338955246
12,Clinical only,0.265495827715656,0.26549582771565605,0.2663636908831906,0.26636369088319073
13,Clinical only,0.08560824802740843,0.08560824802740843,0.08668147725020355,0.08668147725020355
14,Clinical only,0.12615652281195386,0.12615652281195391,0.12456801051574157,0.12456801051574151
15,Clinical only,0.2752157390085888,0.2752157390085888,0.2771981911870467,0.27719819118704675
16,Clinical only,0.10441516720946013,0.10441516720946013,0.10426156795736721,0.10426156795736721
17,Clinical only,0.27505774092346547,0.27505774092346547,0.2752136146391658,0.27521361463916577
18,Clinical only,0.09005973136879594,0.09005973136879594,0.09109444228205395,0.09109444228205395
19,Clinical only,0.10514339134722511,0.10514339134722514,0.10500979406679792,0.1050097940667979
20,Clinical only,0.2930164941952534,0.29301649419525344,0.2931557016583006,0.2931557016583007
21,Clinical only,0.0806115573383614,0.08061155733836141,0.08052826973514172,0.08052826973514172
22,Clinical only,0.08070314824299926,0.08070314824299926,0.08025699434069616,0.08025699434069619
23,Clinical only,0.2814943904159901,0.28149439041599006,0.2823845139557912,0.2823845139557912
24,Clinical only,0.07000110185783406,0.07000110185783406,0.07095567460418559,0.07095567460418559
25,Clinical only,0.2707522530200323,0.2707522530200323,0.27150379516143675,0.27150379516143675
26,Clinical only,0.30212012331924526,0.3021201233192455,0.3012839994949571,0.3012839994949571
27,Clinical only,0.07042378470646346,0.07042378470646347,0.0716606271031411,0.0716606271031411
28,Clinical only,0.28593514011403126,0.28593514011403126,0.2875018867273951,0.28750188672739513
29,Clinical only,0.12301990336458814,0.12301990336458817,0.12110762295322415,0.12110762295322415
30,Clinical only,0.2746418296758426,0.2746418296758426,0.2745509664377361,0.274550966437736
31,Clinical only,0.26103947617135675,0.26103947617135675,0.2628398421912162,0.26283984219121626
32,Clinical only,0.27261307750984326,0.2726130775098433,0.27456506976139633,0.27456506976139633
33,Clinical only,0.2756045986668107,0.2756045986668107,0.27531280346434095,0.27531280346434095
34,Clinical only,0.06911692277045232,0.0691169227704523,0.07010191034798957,0.07010191034798954
35,Clinical only,0.11536066625365626,0.11536066625365621,0.11626160123596796,0.1162616012359679
36,Clinical only,0.09005973136879594,0.09005973136879594,0.09109444228205395,0.09109444228205395
37,Clinical only,0.2854423505506259,0.2854423505506259,0.2870257004166974,0.2870257004166974
38,Clinical only,0.08863252706442647,0.08863252706442647,0.0899396466161937,0.0899396466161937
39,Clinical only,0.06826865329378654,0.06826865329378654,0.069255111071515,0.06925511107151498
40,Clinical only,0.1029964969679062,0.1029964969679062,0.10273501370489195,0.10273501370489195
41,Clinical only,0.07529231915015276,0.07529231915015278,0.07521504750024487,0.07521504750024487
42,Clinical only,0.09180428995987569,0.09180428995987569,0.09285185010162622,0.0928518501016262
43,Clinical only,0.09846017097739583,0.09846017097739583,0.09957039272302755,0.09957039272302755
44,Clinical only,0.2738474402400244,0.2738474402400245,0.27530439536467083,0.2753043953646708
45,Clinical only,0.08233951359949265,0.08233951359949267,0.08177078587690836,0.08177078587690839
46,Clinical only,0.27739086792939466,0.27739086792939466,0.279087158167118,0.279087158167118
47,Clinical only,0.25563205781587933,0.25563205781587933,0.2568079591924549,0.2568079591924549
48,Clinical only,0.07496121057856785,0.07496121057856785,0.07587204678770011,0.07587204678770014
49,Clinical only,0.08000501006060787,0.08000501006060788,0.07953756812510389,0.07953756812510389
50,Clinical only,0.08791080648893818,0.08791080648893819,0.08921625122160505,0.08921625122160506
51,Clinical only,0.2738474402400244,0.2738474402400245,0.27530439536467083,0.2753043953646708
52,Clinical only,0.07071352139065264,0.07071352139065262,0.07167001670342261,0.07167001670342261
53,Clinical only,0.2983479357083541,0.29834793570835416,0.29903137627001,0.2990313762700101
54,Clinical only,0.12581639425515245,0.1258163942551524,0.12419899406623637,0.12419899406623637
55,Clinical only,0.08791080648893818,0.08791080648893819,0.08921625122160505,0.08921625122160506
56,Clinical only,0.1029964969679062,0.1029964969679062,0.10273501370489195,0.10273501370489195
57,Clinical only,0.27826399220072906,0.27826399220072906,0.27997752328502024,0.27997752328502024
58,Clinical only,0.29857364006868303,0.29857364006868303,0.2998788741091572,0.2998788741091571
59,Clinical only,0.2853206748866159,0.2853206748866159,0.28690888913158535,0.2869088891315853
60,Clinical only,0.2951553880074601,0.29515538800746016,0.29643421190824626,0.2964342119082462
61,Clinical only,0.30171298252583273,0.30171298252583284,0.30162033161185936,0.30162033161185925
62,Clinical only,0.2707522530200323,0.2707522530200323,0.27150379516143675,0.27150379516143675
63,Clinical only,0.27826399220072906,0.27826399220072906,0.27997752328502024,0.27997752328502024
64,Clinical only,0.1114607843407355,0.1114607843407355,0.11048054749063328,0.11048054749063328
65,Clinical only,0.07815486057236357,0.07815486057236357,0.07771660871542597,0.07771660871542597
66,Clinical only,0.07364288194181666,0.07364288194181665,0.07288174245117192,0.07288174245117192
67,Clinical only,0.12615652281195386,0.12615652281195391,0.12456801051574157,0.12456801051574151
68,Clinical only,0.08428744314302386,0.08428744314302386,0.08500607195278592,0.08500607195278592
69,Clinical only,0.2964027069074312,0.2964027069074311,0.29550416422088793,0.2955041642208879
70,Clinical only,0.10697612988210459,0.10697612988210459,0.10819039084292302,0.10819039084292303
71,Clinical only,0.27429459045517507,0.27429459045517507,0.2759781445895649,0.2759781445895649
72,Clinical only,0.25863298451387606,0.2586329845138761,0.25946974144638907,0.2594697414463892
73,Clinical only,0.2775143147529407,0.2775143147529407,0.277902575524658,0.27790257552465797
74,Clinical only,0.26968172609641555,0.26968172609641555,0.26925894320826305,0.26925894320826305
75,Clinical only,0.06826865329378654,0.06826865329378654,0.069255111071515,0.06925511107151498
76,Clinical only,0.2736063233441456,0.2736063233441456,0.2755666006118503,0.2755666006118502
77,Clinical only,0.07000110185783406,0.07000110185783406,0.07095567460418559,0.07095567460418559
78,Clinical only,0.08233951359949265,0.08233951359949267,0.08177078587690836,0.08177078587690839
79,Clinical only,0.10465819918722633,0.10465819918722635,0.10372891980755439,0.10372891980755437
80,Clinical only,0.27826399220072906,0.27826399220072906,0.27997752328502024,0.27997752328502024
81,Clinical only,0.07343068211420546,0.07343068211420545,0.07267019556002356,0.07267019556002355
82,Clinical only,0.08843843996774793,0.08843843996774793,0.08976743909339685,0.08976743909339685
83,Clinical only,0.2545235628488888,0.2545235628488888,0.2556945049348072,0.2556945049348072
84,Clinical only,0.30395916276106744,0.30395916276106744,0.3041266279075309,0.30412662790753087
85,Clinical only,0.28760559036852573,0.2876055903685258,0.2892029772634121,0.289202977263412
86,Clinical only,0.2951553880074601,0.29515538800746016,0.29643421190824626,0.2964342119082462
87,Clinical only,0.12374012918273197,0.12374012918273194,0.12206159606187772,0.12206159606187776
88,Clinical only,0.3001413563713073,0.3001413563713072,0.30029553772955414,0.300295537729554
89,Clinical only,0.2592813888402443,0.2592813888402443,0.2605323432398496,0.26053234323984953
90,Clinical only,0.08817808866520806,0.08817808866520806,0.08904747270862426,0.08904747270862426
91,Clinical only,0.2738474402400244,0.2738474402400245,0.27530439536467083,0.2753043953646708
92,Clinical only,0.27473172978078053,0.2747317297807805,0.27669549893225265,0.27669549893225265
93,Clinical only,0.12374012918273197,0.12374012918273194,0.12206159606187772,0.12206159606187776
94,Clinical only,0.09073788857758619,0.09073788857758618,0.09180142577290437,0.09180142577290433
95,Clinical only,0.1029964969679062,0.1029964969679062,0.10273501370489195,0.10273501370489195
96,Clinical only,0.08551985137813259,0.0855198513781326,0.08365954202731923,0.08365954202731923
97,Clinical only,0.2713487866310504,0.2713487866310504,0.27330246663820945,0.27330246663820945
98,Clinical only,0.12374012918273197,0.12374012918273194,0.12206159606187772,0.12206159606187776
99,Clinical only,0.07071352139065264,0.07071352139065262,0.07167001670342261,0.07167001670342261
100,Clinical only,0.07665340013519827,0.07665340013519827,0.07657586061019227,0.07657586061019228
101,Clinical only,0.27429459045517507,0.27429459045517507,0.2759781445895649,0.2759781445895649
102,Clinical only,0.08000501006060787,0.08000501006060788,0.07953756812510389,0.07953756812510389
103,Clinical only,0.27429459045517507,0.27429459045517507,0.2759781445895649,0.2759781445895649
104,Clinical only,0.2906543400446508,0.29065434004465085,0.2917390414548469,0.2917390414548469
105,Clinical only,0.07976672722515352,0.0797667272251535,0.07958921910290684,0.07958921910290684
106,Clinical only,0.1068914773120837,0.10689147731208365,0.10812316425243546,0.10812316425243546
107,Clinical only,0.30225107768335086,0.3022510776833508,0.3016524975885263,0.30165249758852636
108,Clinical only,0.07906076116524538,0.07906076116524535,0.07887729421013386,0.07887729421013387
109,Clinical only,0.28037628882965854,0.28037628882965854,0.2812625187557997,0.28126251875579966
110,Clinical only,0.09005973136879594,0.09005973136879594,0.09109444228205395,0.09109444228205395
111,Clinical only,0.27505774092346547,0.27505774092346547,0.2752136146391658,0.27521361463916577
112,Clinical only,0.2853206748866159,0.2853206748866159,0.28690888913158535,0.2869088891315853
113,Clinical only,0.2713487866310504,0.2713487866310504,0.27330246663820945,0.27330246663820945
114,Clinical only,0.3095058992215285,0.3095058992215285,0.30897561622928205,0.308975616229282
115,Clinical only,0.09005973136879594,0.09005973136879594,0.09109444228205395,0.09109444228205395
116,Clinical only,0.08178080253204235,0.08178080253204234,0.07999513112903281,0.0799951311290328
117,Clinical only,0.08533904992739379,0.08533904992739377,0.0862113734077734,0.0862113734077734
118,Clinical only,0.07976672722515352,0.0797667272251535,0.07958921910290684,0.07958921910290684
119,Clinical only,0.09626719379439658,0.09626719379439659,0.09708429045900445,0.09708429045900445
120,Clinical only,0.07917904286511113,0.07917904286511113,0.07946626049669352,0.07946626049669352
121,Clinical only,0.2713487866310504,0.2713487866310504,0.27330246663820945,0.27330246663820945
122,Clinical only,0.07976672722515352,0.0797667272251535,0.07958921910290684,0.07958921910290684
123,Clinical only,0.10229360775006778,0.1022936077500678,0.10202766087733467,0.10202766087733467
124,Clinical only,0.2545235628488888,0.2545235628488888,0.2556945049348072,0.2556945049348072
125,Clinical only,0.296539852154681,0.2965398521546809,0.2958823300152827,0.2958823300152827
126,Clinical only,0.2724814628128073,0.2724814628128073,0.27443863594403006,0.2744386359440301
127,Clinical only,0.27708934058044515,0.27708934058044526,0.27747703830370435,0.27747703830370435
128,Clinical only,0.2707522530200323,0.2707522530200323,0.27150379516143675,0.27150379516143675
129,Clinical only,0.09005973136879594,0.09005973136879594,0.09109444228205395,0.09109444228205395
130,Clinical only,0.1029964969679062,0.1029964969679062,0.10273501370489195,0.10273501370489195
131,Clinical only,0.3076622119278018,0.3076622119278018,0.3068775910581787,0.3068775910581787
132,Clinical only,0.2782371457493907,0.2782371457493907,0.2791997605319649,0.2791997605319649
133,Clinical only,0.2707522530200323,0.2707522530200323,0.27150379516143675,0.27150379516143675
134,Clinical only,0.3076622119278018,0.3076622119278018,0.3068775910581787,0.3068775910581787
135,Clinical only,0.3076622119278018,0.3076622119278018,0.3068775910581787,0.3068775910581787
136,Clinical only,0.0880961479582316,0.0880961479582316,0.08894149387128332,0.08894149387128335
137,Clinical only,0.27909627553075095,0.2790962755307509,0.2794658029463676,0.2794658029463677
138,Clinical only,0.07496121057856785,0.07496121057856785,0.07587204678770011,0.07587204678770014
139,Clinical only,0.07976672722515352,0.0797667272251535,0.07958921910290684,0.07958921910290684
140,Clinical only,0.26968172609641555,0.26968172609641555,0.26925894320826305,0.26925894320826305
141,Clinical only,0.2667814888051979,0.2667814888051979,0.2682082587198702,0.26820825871987003
142,Clinical only,0.08715687563676516,0.08715687563676519,0.08571609326237407,0.0857160932623741
143,Clinical only,0.296539852154681,0.2965398521546809,0.2958823300152827,0.2958823300152827
144,Clinical only,0.2736063233441456,0.2736063233441456,0.2755666006118503,0.2755666006118502
145,Clinical only,0.08000501006060787,0.08000501006060788,0.07953756812510389,0.07953756812510389
146,Clinical only,0.1029964969679062,0.1029964969679062,0.10273501370489195,0.10273501370489195
147,Clinical only,0.10396032374237407,0.10396032374237409,0.10375781141654263,0.10375781141654263
148,Clinical only,0.27738894417199805,0.27738894417199805,0.2771000703578493,0.2771000703578493
149,Clinical only,0.09005973136879594,0.09005973136879594,0.09109444228205395,0.09109444228205395
150,Clinical only,0.11879943665721075,0.11879943665721075,0.11680448158957746,0.11680448158957746
151,Clinical only,0.07836969910910291,0.0783696991091029,0.07750853881961321,0.07750853881961324
152,Clinical only,0.09005973136879594,0.09005973136879594,0.09109444228205395,0.09109444228205395
153,Clinical only,0.11187421182005242,0.11187421182005235,0.11281269066575998,0.11281269066575998
154,Clinical only,0.30225107768335086,0.3022510776833508,0.3016524975885263,0.30165249758852636
155,Clinical only,0.07111417995235636,0.07111417995235635,0.06993520463075718,0.06993520463075717
156,Clinical only,0.07815486057236357,0.07815486057236357,0.07771660871542597,0.07771660871542597
157,Clinical only,0.11879943665721075,0.11879943665721075,0.11680448158957746,0.11680448158957746
158,Clinical only,0.296539852154681,0.2965398521546809,0.2958823300152827,0.2958823300152827
159,Clinical only,0.10711648152688794,0.10711648152688794,0.10695236514602044,0.10695236514602044
160,Clinical only,0.08551985137813259,0.0855198513781326,0.08365954202731923,0.08365954202731923
161,Clinical only,0.08843843996774793,0.08843843996774793,0.08976743909339685,0.08976743909339685
162,Clinical only,0.08863252706442647,0.08863252706442647,0.0899396466161937,0.0899396466161937
163,Clinical only,0.2814943904159901,0.28149439041599006,0.2823845139557912,0.2823845139557912
164,Clinical only,0.08791080648893818,0.08791080648893819,0.08921625122160505,0.08921625122160506
165,Clinical only,0.2775143147529407,0.2775143147529407,0.277902575524658,0.27790257552465797
166,Clinical only,0.08863252706442647,0.08863252706442647,0.0899396466161937,0.0899396466161937
167,Clinical only,0.3076622119278018,0.3076622119278018,0.3068775910581787,0.3068775910581787
168,Clinical only,0.2706071005067729,0.2706071005067729,0.27211878791616334,0.27211878791616334
169,Clinical only,0.08906956685148944,0.08906956685148945,0.09037215330041681,0.09037215330041684
170,Clinical only,0.3075983489886229,0.3075983489886229,0.3070801624434291,0.30708016244342906
171,Clinical only,0.2738474402400244,0.2738474402400245,0.27530439536467083,0.2753043953646708
172,Clinical only,0.11879943665721075,0.11879943665721075,0.11680448158957746,0.11680448158957746
173,Clinical only,0.2724814628128073,0.2724814628128073,0.27443863594403006,0.2744386359440301
174,Clinical only,0.2545235628488888,0.2545235628488888,0.2556945049348072,0.2556945049348072
175,Clinical only,0.09785916885640901,0.09785916885640897,0.09867372947828303,0.09867372947828303
176,Clinical only,0.07106269413218147,0.07106269413218148,0.07029433072690038,0.07029433072690038
177,Clinical only,0.309470360274479,0.30947036027447905,0.30895109152067457,0.30895109152067446
178,Clinical only,0.2710996393655705,0.2710996393655705,0.2726763177207688,0.2726763177207687
179,Clinical only,0.29495852665584604,0.29495852665584604,0.2958425336491061,0.2958425336491061
180,Clinical only,0.11536066625365626,0.11536066625365621,0.11626160123596796,0.1162616012359679
181,Clinical only,0.2724814628128073,0.2724814628128073,0.27443863594403006,0.2744386359440301
182,Clinical only,0.08353454241573265,0.08353454241573265,0.08305242479288491,0.08305242479288492
183,Clinical only,0.07496121057856785,0.07496121057856785,0.07587204678770011,0.07587204678770014
184,Clinical only,0.2713487866310504,0.2713487866310504,0.27330246663820945,0.27330246663820945
185,Clinical only,0.2738474402400244,0.2738474402400245,0.27530439536467083,0.2753043953646708
186,Clinical only,0.29669043968956266,0.2966904396895627,0.2977370363976768,0.2977370363976768
187,Clinical only,0.26250979960468174,0.26250979960468174,0.26429501311321346,0.26429501311321346
188,Clinical only,0.09714377049924089,0.09714377049924086,0.0979590708251348,0.0979590708251348
189,Clinical only,0.2707522530200323,0.2707522530200323,0.27150379516143675,0.27150379516143675
190,Clinical only,0.12374012918273197,0.12374012918273194,0.12206159606187772,0.12206159606187776
191,Clinical only,0.296539852154681,0.2965398521546809,0.2958823300152827,0.2958823300152827
192,Clinical only,0.09005973136879594,0.09005973136879594,0.09109444228205395,0.09109444228205395
193,Clinical only,0.07817052038391421,0.0781705203839142,0.07767767333971361,0.07767767333971361
194,Clinical only,0.2811702989573763,0.2811702989573763,0.2821023005405944,0.2821023005405944
195,Clinical only,0.2714678587097291,0.271467858709729,0.2722875482325051,0.27228754823250506
196,Clinical only,0.2740943838810444,0.2740943838810443,0.27607329327108027,0.27607329327108027
197,Clinical only,0.1142089104376317,0.1142089104376317,0.1136408203391851,0.1136408203391851
198,Clinical only,0.11536066625365626,0.11536066625365621,0.11626160123596796,0.1162616012359679
199,Clinical only,0.06897812330278583,0.06897812330278583,0.06996532003465047,0.06996532003465046
200,Clinical only,0.296539852154681,0.2965398521546809,0.2958823300152827,0.2958823300152827
201,Clinical only,0.11536066625365626,0.11536066625365621,0.11626160123596796,0.1162616012359679
202,Clinical only,0.1029964969679062,0.1029964969679062,0.10273501370489195,0.10273501370489195
203,Clinical only,0.08261802939011367,0.08261802939011367,0.08265424804251466,0.08265424804251466
204,Clinical only,0.12480454501088634,0.12480454501088638,0.1232255730476878,0.12322557304768776
205,Clinical only,0.26841197175308273,0.2684119717530827,0.26996430190813797,0.26996430190813797
206,Clinical only,0.2748659986010203,0.2748659986010203,0.2768556458561712,0.27685564585617123
207,Clinical only,0.26180759377772217,0.26180759377772217,0.2625994840165473,0.26259948401654737
208,Clinical only,0.09005973136879594,0.09005973136879594,0.09109444228205395,0.09109444228205395
209,Clinical only,0.1029964969679062,0.1029964969679062,0.10273501370489195,0.10273501370489195
210,Clinical only,0.07900162835994265,0.07900162835994269,0.07849164786983547,0.07849164786983545
211,Clinical only,0.09263995974721209,0.09263995974721206,0.09349559946434022,0.09349559946434019
212,Clinical only,0.2951553880074601,0.29515538800746016,0.29643421190824626,0.2964342119082462
213,Clinical only,0.2951553880074601,0.29515538800746016,0.29643421190824626,0.2964342119082462
214,Clinical only,0.11536066625365626,0.11536066625365621,0.11626160123596796,0.1162616012359679
215,Clinical only,0.10882792156272476,0.10882792156272476,0.11004598045938041,0.1100459804593804
216,Clinical only,0.10224090255319555,0.10224090255319554,0.1009008571673784,0.1009008571673784
217,Clinical only,0.30937069906558534,0.30937069906558534,0.3086082459808455,0.30860824598084546
218,Clinical only,0.07987782816896521,0.07987782816896524,0.08062889570687862,0.08062889570687862
219,Clinical only,0.2738474402400244,0.2738474402400245,0.27530439536467083,0.2753043953646708
220,Clinical only,0.26522136783498435,0.26522136783498435,0.2672716455174032,0.26727164551740307
221,Clinical only,0.2738474402400244,0.2738474402400245,0.27530439536467083,0.2753043953646708
222,Clinical only,0.28470668685152095,0.284706686851521,0.2850124195772235,0.2850124195772236
223,Clinical only,0.11879943665721075,0.11879943665721075,0.11680448158957746,0.11680448158957746
224,Clinical only,0.2724814628128073,0.2724814628128073,0.27443863594403006,0.2744386359440301
225,Clinical only,0.27422858427819935,0.2742285842781993,0.27583035280730456,0.2758303528073045
226,Clinical only,0.27826399220072906,0.27826399220072906,0.27997752328502024,0.27997752328502024
227,Clinical only,0.27429459045517507,0.27429459045517507,0.2759781445895649,0.2759781445895649
228,Clinical only,0.2964027069074312,0.2964027069074311,0.29550416422088793,0.2955041642208879
229,Clinical only,0.27429459045517507,0.27429459045517507,0.2759781445895649,0.2759781445895649
230,Clinical only,0.08863252706442647,0.08863252706442647,0.0899396466161937,0.0899396466161937
231,Clinical only,0.296539852154681,0.2965398521546809,0.2958823300152827,0.2958823300152827
232,Clinical only,0.08863252706442647,0.08863252706442647,0.0899396466161937,0.0899396466161937
233,Clinical only,0.07071352139065264,0.07071352139065262,0.07167001670342261,0.07167001670342261
234,Clinical only,0.1029964969679062,0.1029964969679062,0.10273501370489195,0.10273501370489195
235,Clinical only,0.282575337748099,0.28257533774809884,0.28350428460742805,0.28350428460742816
236,Clinical only,0.1029964969679062,0.1029964969679062,0.10273501370489195,0.10273501370489195
237,Clinical only,0.2724814628128073,0.2724814628128073,0.27443863594403006,0.2744386359440301
238,Clinical only,0.2707522530200323,0.2707522530200323,0.27150379516143675,0.27150379516143675
239,Clinical only,0.27429459045517507,0.27429459045517507,0.2759781445895649,0.2759781445895649
240,Clinical only,0.08863252706442647,0.08863252706442647,0.0899396466161937,0.0899396466161937
241,Clinical only,0.08090482327304192,0.08090482327304192,0.08045801694208421,0.08045801694208424
242,Clinical only,0.1029964969679062,0.1029964969679062,0.10273501370489195,0.10273501370489195
243,Clinical only,0.11879943665721075,0.11879943665721075,0.11680448158957746,0.11680448158957746
244,Clinical only,0.1051234412821164,0.1051234412821164,0.10497427802310626,0.10497427802310626
245,Clinical only,0.2753193274548297,0.27531932745482973,0.27546822363944434,0.27546822363944423
246,Clinical only,0.2791542456605081,0.2791542456605082,0.27910597271318766,0.27910597271318754
247,Clinical only,0.27429459045517507,0.27429459045517507,0.2759781445895649,0.2759781445895649
248,Clinical only,0.2778586903812189,0.2778586903812189,0.2793429704135656,0.2793429704135656
249,Clinical only,0.2958861163285514,0.2958861163285514,0.29652935304520484,0.29652935304520484
250,Clinical only,0.10625394082148445,0.10625394082148444,0.10705381309367351,0.10705381309367347
251,Clinical only,0.08715687563676516,0.08715687563676519,0.08571609326237407,0.0857160932623741
252,Clinical only,0.07987782816896521,0.07987782816896524,0.08062889570687862,0.08062889570687862
253,Clinical only,0.08551985137813259,0.0855198513781326,0.08365954202731923,0.08365954202731923
254,Clinical only,0.09072334788215217,0.09072334788215217,0.08929356031929304,0.08929356031929306
255,Clinical only,0.27374493944997064,0.27374493944997064,0.27573102855419973,0.2757310285541998
256,Clinical only,0.08090482327304192,0.08090482327304192,0.08045801694208421,0.08045801694208424
257,Clinical only,0.27551792102532746,0.27551792102532735,0.27720116431921044,0.27720116431921044
258,Clinical only,0.10812385581186458,0.10812385581186464,0.10758619554876943,0.10758619554876941
259,Clinical only,0.07815486057236357,0.07815486057236357,0.07771660871542597,0.07771660871542597
260,Clinical only,0.2707522530200323,0.2707522530200323,0.27150379516143675,0.27150379516143675
261,Clinical only,0.10989968140848243,0.10989968140848239,0.10926626307934491,0.10926626307934491
262,Clinical only,0.28224823921191505,0.28224823921191516,0.2836121120531592,0.2836121120531594
263,Clinical only,0.26841197175308273,0.2684119717530827,0.26996430190813797,0.26996430190813797
264,Clinical only,0.2964027069074312,0.2964027069074311,0.29550416422088793,0.2955041642208879
265,Clinical only,0.2611439168697076,0.2611439168697077,0.262484719891051,0.262484719891051
266,Clinical only,0.09376044021866208,0.09376044021866206,0.09491521615657632,0.09491521615657632
267,Clinical only,0.2814943904159901,0.28149439041599006,0.2823845139557912,0.2823845139557912
268,Clinical only,0.07703628057038715,0.07703628057038714,0.07689012139219746,0.07689012139219742
269,Clinical only,0.0897820251113121,0.08978202511131207,0.0910956446703553,0.0910956446703553
270,Clinical only,0.08791080648893818,0.08791080648893819,0.08921625122160505,0.08921625122160506
271,Clinical only,0.07906076116524538,0.07906076116524535,0.07887729421013386,0.07887729421013387
272,Clinical only,0.11223831630169742,0.1122383163016974,0.1115742464913261,0.11157424649132613
273,Clinical only,0.07000110185783406,0.07000110185783406,0.07095567460418559,0.07095567460418559
274,Clinical only,0.11536066625365626,0.11536066625365621,0.11626160123596796,0.1162616012359679
275,Clinical only,0.08543500146621495,0.08543500146621492,0.08632821222910972,0.08632821222910975
276,Clinical only,0.2999284221982843,0.29992842219828436,0.30098503961060663,0.3009850396106066
277,Clinical only,0.2767500447148955,0.2767500447148955,0.27688075287445857,0.27688075287445857
278,Clinical only,0.11009326042435066,0.11009326042435064,0.10945858420356241,0.10945858420356241
279,Clinical only,0.26180759377772217,0.26180759377772217,0.2625994840165473,0.26259948401654737
280,Clinical only,0.2773853128786699,0.27738531287866974,0.27733535818146837,0.2773353581814683
281,Clinical only,0.07327125465715781,0.07327125465715781,0.07374609603632985,0.07374609603632985
282,Clinical only,0.26362265983170224,0.26362265983170224,0.2654111768180115,0.26541117681801135
283,Clinical only,0.258170873055534,0.258170873055534,0.25941683029265744,0.25941683029265755
284,Clinical only,0.12615652281195386,0.12615652281195391,0.12456801051574157,0.12456801051574151
285,Clinical only,0.2714678587097291,0.271467858709729,0.2722875482325051,0.27228754823250506
286,Clinical only,0.3077878041692033,0.30778780416920326,0.3072382819051767,0.30723828190517666
287,Clinical only,0.2795366421196307,0.27953664211963064,0.2795065602338931,0.2795065602338931
288,Clinical only,0.296539852154681,0.2965398521546809,0.2958823300152827,0.2958823300152827
289,Clinical only,0.1088718760235682,0.10887187602356818,0.10791631129235,0.10791631129234998
290,Clinical only,0.08863252706442647,0.08863252706442647,0.0899396466161937,0.0899396466161937
291,Clinical only,0.2851990399443058,0.2851990399443059,0.28680297602744503,0.28680297602744503
292,Clinical only,0.11434107991756187,0.11434107991756187,0.11483886583216238,0.11483886583216234
293,Clinical only,0.09180428995987569,0.09180428995987569,0.09285185010162622,0.0928518501016262
294,Clinical only,0.08400688347944286,0.08400688347944286,0.08222571402063797,0.08222571402063798
295,Clinical only,0.296539852154681,0.2965398521546809,0.2958823300152827,0.2958823300152827
296,Clinical only,0.2707522530200323,0.2707522530200323,0.27150379516143675,0.27150379516143675
297,Clinical only,0.2748052787637004,0.2748052787637004,0.2756198673520369,0.2756198673520369
298,Clinical only,0.2710996393655705,0.2710996393655705,0.2726763177207688,0.2726763177207687
299,Clinical only,0.30225107768335086,0.3022510776833508,0.3016524975885263,0.30165249758852636
300,Clinical only,0.2632066941470168,0.2632066941470168,0.2645399622161231,0.26453996221612325
301,Clinical only,0.1029964969679062,0.1029964969679062,0.10273501370489195,0.10273501370489195
302,Clinical only,0.07836969910910291,0.0783696991091029,0.07750853881961321,0.07750853881961324
303,Clinical only,0.10439113730012584,0.10439113730012586,0.10426504553565566,0.10426504553565567
304,Clinical only,0.2707522530200323,0.2707522530200323,0.27150379516143675,0.27150379516143675
305,Clinical only,0.08329671577168805,0.08329671577168805,0.08313829739474964,0.08313829739474964
306,Clinical only,0.2976384119944049,0.2976384119944049,0.29891276275032447,0.2989127627503243
307,Clinical only,0.08709906940741514,0.08709906940741519,0.08532491404705374,0.08532491404705375
308,Clinical only,0.27698641191302353,0.27698641191302353,0.2784536298177075,0.27845362981770744
309,Clinical only,0.1072508606492655,0.1072508606492655,0.10663319209815168,0.10663319209815166
310,Clinical only,0.09245036217217753,0.09245036217217753,0.09331713845758768,0.0933171384575877
311,Clinical only,0.07052162035225239,0.07052162035225239,0.07061597051348056,0.0706159705134806
312,Clinical only,0.2738474402400244,0.2738474402400245,0.27530439536467083,0.2753043953646708
313,Clinical only,0.11536066625365626,0.11536066625365621,0.11626160123596796,0.1162616012359679
314,Clinical only,0.08791080648893818,0.08791080648893819,0.08921625122160505,0.08921625122160506
315,Clinical only,0.1211805802365707,0.12118058023657073,0.11927735959742437,0.11927735959742436
316,Clinical only,0.27429459045517507,0.27429459045517507,0.2759781445895649,0.2759781445895649
317,Clinical only,0.2890529166217755,0.2890529166217754,0.28982183460990735,0.2898218346099073
318,Clinical only,0.08551985137813259,0.0855198513781326,0.08365954202731923,0.08365954202731923
319,Clinical only,0.07111417995235636,0.07111417995235635,0.06993520463075718,0.06993520463075717
320,Clinical only,0.09005973136879594,0.09005973136879594,0.09109444228205395,0.09109444228205395
321,Clinical only,0.07906076116524538,0.07906076116524535,0.07887729421013386,0.07887729421013387
322,Clinical only,0.27826399220072906,0.27826399220072906,0.27997752328502024,0.27997752328502024
323,Clinical only,0.27429459045517507,0.27429459045517507,0.2759781445895649,0.2759781445895649
324,Clinical only,0.26964958457495886,0.2696495845749589,0.27039738862712065,0.2703973886271208
325,Clinical only,0.07006944343576563,0.07006944343576563,0.07060706233021556,0.07060706233021555
326,Clinical only,0.09263995974721209,0.09263995974721206,0.09349559946434022,0.09349559946434019
327,Clinical only,0.2798911128542746,0.2798911128542745,0.2807563078313958,0.2807563078313958
328,Clinical only,0.2707522530200323,0.2707522530200323,0.27150379516143675,0.27150379516143675
329,Clinical only,0.2964027069074312,0.2964027069074311,0.29550416422088793,0.2955041642208879
330,Clinical only,0.11165963395784635,0.11165963395784635,0.11067822783319949,0.1106782278331994
331,Clinical only,0.06911692277045232,0.0691169227704523,0.07010191034798957,0.07010191034798954
332,Clinical only,0.07802647585377004,0.07802647585377004,0.07795001423713284,0.07795001423713285
333,Clinical only,0.08364847923892237,0.08364847923892235,0.08314090402005957,0.08314090402005955
334,Clinical only,0.1029964969679062,0.1029964969679062,0.10273501370489195,0.10273501370489195
335,Clinical only,0.2674343435525131,0.267434343552513,0.2690223250398425,0.2690223250398425
336,Clinical only,0.2724814628128073,0.2724814628128073,0.27443863594403006,0.2744386359440301
337,Clinical only,0.07815486057236357,0.07815486057236357,0.07771660871542597,0.07771660871542597
338,Clinical only,0.09376044021866208,0.09376044021866206,0.09491521615657632,0.09491521615657632
339,Clinical only,0.08791080648893818,0.08791080648893819,0.08921625122160505,0.08921625122160506
340,Clinical only,0.11879943665721075,0.11879943665721075,0.11680448158957746,0.11680448158957746
341,Clinical only,0.2714275186402089,0.2714275186402089,0.27124921311675787,0.27124921311675804
342,Clinical only,0.08863252706442647,0.08863252706442647,0.0899396466161937,0.0899396466161937
343,Clinical only,0.07906076116524538,0.07906076116524535,0.07887729421013386,0.07887729421013387
344,Clinical only,0.08000501006060787,0.08000501006060788,0.07953756812510389,0.07953756812510389
345,Clinical only,0.09005973136879594,0.09005973136879594,0.09109444228205395,0.09109444228205395
346,Clinical only,0.1116787969528129,0.1116787969528129,0.11227735117497205,0.11227735117497205
347,Clinical only,0.2707522530200323,0.2707522530200323,0.27150379516143675,0.27150379516143675
348,Clinical only,0.2724814628128073,0.2724814628128073,0.27443863594403006,0.2744386359440301
349,Clinical only,0.26964958457495886,0.2696495845749589,0.27039738862712065,0.2703973886271208
350,Clinical only,0.1029964969679062,0.1029964969679062,0.10273501370489195,0.10273501370489195
351,Clinical only,0.08261802939011367,0.08261802939011367,0.08265424804251466,0.08265424804251466
352,Clinical only,0.08863252706442647,0.08863252706442647,0.0899396466161937,0.0899396466161937
353,Clinical only,0.08843843996774793,0.08843843996774793,0.08976743909339685,0.08976743909339685
354,Clinical only,0.11536066625365626,0.11536066625365621,0.11626160123596796,0.1162616012359679
355,Clinical only,0.11127860975305051,0.11127860975305051,0.11179978384009086,0.11179978384009093
356,Clinical only,0.27429459045517507,0.27429459045517507,0.2759781445895649,0.2759781445895649
357,Clinical only,0.08791080648893818,0.08791080648893819,0.08921625122160505,0.08921625122160506
358,Clinical only,0.09005973136879594,0.09005973136879594,0.09109444228205395,0.09109444228205395
359,Clinical only,0.27708934058044515,0.27708934058044526,0.27747703830370435,0.27747703830370435
360,Clinical only,0.11407550082607666,0.11407550082607666,0.11352183009778803,0.11352183009778805
361,Clinical only,0.12374012918273197,0.12374012918273194,0.12206159606187772,0.12206159606187776
362,Clinical only,0.11928324382828746,0.11928324382828746,0.12017650993110132,0.12017650993110132
363,Clinical only,0.09068062032107534,0.09068062032107531,0.09112951626070107,0.09112951626070108
364,Clinical only,0.27473172978078053,0.2747317297807805,0.27669549893225265,0.27669549893225265
365,Clinical only,0.2930164941952534,0.29301649419525344,0.2931557016583006,0.2931557016583007
366,Clinical only,0.09288579436920782,0.09288579436920782,0.09144595878327827,0.09144595878327827
367,Clinical only,0.0908695890662363,0.09086958906623627,0.09173865392945253,0.09173865392945252
368,Clinical only,0.07736275031946835,0.07736275031946835,0.07729116690133903,0.07729116690133904
369,Clinical only,0.12374012918273197,0.12374012918273194,0.12206159606187772,0.12206159606187776
370,Clinical only,0.2713487866310504,0.2713487866310504,0.27330246663820945,0.27330246663820945
1,Clin + Radiomics,0.1993949364923585,0.2066247005275166,0.20022580256472705,0.20597637815466568
2,Clin + Radiomics,0.18619238651041414,0.21106050358763154,0.18634712702125564,0.2111008210423106
3,Clin + Radiomics,0.14132463749593688,0.13409144891095903,0.14083973128211605,0.13440798423826641
4,Clin + Radiomics,0.13223784349196457,0.10972543507600625,0.13215173496864688,0.10986303913472122
5,Clin + Radiomics,0.1314889716995237,0.1183162917555526,0.13191997512989712,0.11806416053813627
6,Clin + Radiomics,0.1859491769065984,0.19272026178318438,0.18664599073703422,0.19348496897918005
7,Clin + Radiomics,0.19286341765523654,0.1971060184366127,0.19317073287281628,0.19651245250315613
8,Clin + Radiomics,0.14000629914363646,0.13324146110909418,0.14067749537692026,0.132796029089436
9,Clin + Radiomics,0.13617491689712669,0.12706022842715542,0.1365300491854475,0.12729956486101207
10,Clin + Radiomics,0.19249950422394804,0.20797335221682695,0.1928555177004209,0.20807246624321507
11,Clin + Radiomics,0.13181057678706318,0.11157036833991531,0.1313184360606479,0.11146894937990984
12,Clin + Radiomics,0.1910495014240153,0.1967707507088677,0.19162835531974617,0.196023834463055
13,Clin + Radiomics,0.13983496537815898,0.1481108473642609,0.1393096136999409,0.1484835033210033
14,Clin + Radiomics,0.1288903504443035,0.14533393780405116,0.12863547637382503,0.14521272785597253
15,Clin + Radiomics,0.20489340452589538,0.22699345607215216,0.20550010378496636,0.22657382765024808
16,Clin + Radiomics,0.1260058838036044,0.14676459577443943,0.12554325899853627,0.14656854245886083
17,Clin + Radiomics,0.2000251497774511,0.20819853573043454,0.20033226492502895,0.20824212835855196
18,Clin + Radiomics,0.17032085387459903,0.15480920727640118,0.17004958813655338,0.15408076349385574
19,Clin + Radiomics,0.14689785533092767,0.15041605945594086,0.14604631615970545,0.15016218418131283
20,Clin + Radiomics,0.19323381637221645,0.2236883856900113,0.19381363983964858,0.2232363621283963
21,Clin + Radiomics,0.12465699155872281,0.1328059968588291,0.12440099092327783,0.13298985725866186
22,Clin + Radiomics,0.12088545004408985,0.12098761560670557,0.12001615434610102,0.12178670337988382
23,Clin + Radiomics,0.22278935094806807,0.23181305870563768,0.2229142770316045,0.23160372782224328
24,Clin + Radiomics,0.12544725020245406,0.12282169588674456,0.12428411723450077,0.12252288360513576
25,Clin + Radiomics,0.2049240925313901,0.23140813583741443,0.20437234627423218,0.23204026684249143
26,Clin + Radiomics,0.2043692514685281,0.20899986812399776,0.20419668569550153,0.20945802718706744
27,Clin + Radiomics,0.12668337132052024,0.13775784713506073,0.1258537127586013,0.13799963306325969
28,Clin + Radiomics,0.18701693689592686,0.20449399228894344,0.1877162923003123,0.20387182262710413
29,Clin + Radiomics,0.13615757474114065,0.12883777834069074,0.13530252428243741,0.1291713772645918
30,Clin + Radiomics,0.18367382275949426,0.20198632472822234,0.18437762830082746,0.20328062998557914
31,Clin + Radiomics,0.20130884884476546,0.21633837207053094,0.202092934449754,0.21647257559641692
32,Clin + Radiomics,0.21543790331195986,0.24012605097838613,0.21530024826905175,0.24082242751421076
33,Clin + Radiomics,0.18378895252069558,0.19081025118042455,0.1846320955834226,0.1920746196288485
34,Clin + Radiomics,0.13019658483903232,0.12241444131949891,0.12923913534882342,0.1232370571709723
35,Clin + Radiomics,0.11772931240351532,0.12873561337225983,0.1167095313533688,0.12901672069644388
36,Clin + Radiomics,0.12178359059272308,0.12717157248727717,0.12083076220691784,0.12730000468778177
37,Clin + Radiomics,0.20706175400505633,0.21542131881804796,0.20731092710380986,0.21615248823213207
38,Clin + Radiomics,0.16367043638524076,0.14747279914359643,0.1632267632786434,0.14785382156531063
39,Clin + Radiomics,0.13533436705346588,0.1418830920191819,0.13448148666629522,0.14155243259707537
40,Clin + Radiomics,0.15864684687215796,0.15259242168469803,0.1584964274165428,0.15191800212353287
41,Clin + Radiomics,0.14714757230425302,0.1493917128350297,0.1466233970214613,0.14926049084687884
42,Clin + Radiomics,0.13881987089929568,0.15031407862227483,0.13816827674590829,0.150731855136942
43,Clin + Radiomics,0.1592160299556932,0.13895884051648105,0.15824112262942208,0.13857125681705554
44,Clin + Radiomics,0.1992437827724362,0.21599382513150203,0.19951742080513105,0.2161175833707717
45,Clin + Radiomics,0.12732769040714775,0.11802178101946736,0.12740895812186492,0.1177441237609996
46,Clin + Radiomics,0.20418263410804272,0.22794819465008787,0.20418485835180675,0.2286212264364874
47,Clin + Radiomics,0.19545730749218462,0.21267356541691312,0.19532860660657955,0.21283035394639147
48,Clin + Radiomics,0.12167594795045285,0.12542812183687166,0.12157063636220342,0.12565958460646792
49,Clin + Radiomics,0.14619712129503024,0.14108708887849283,0.1459866918939942,0.14077909130540336
50,Clin + Radiomics,0.1371454032858268,0.14055284300396365,0.13619958205388336,0.14033643390826533
51,Clin + Radiomics,0.19534685343148495,0.20236815482197695,0.1955693383516509,0.20271094411095508
52,Clin + Radiomics,0.14620593333432616,0.12669926854917862,0.14528407702887497,0.1263988799410791
53,Clin + Radiomics,0.18678196663824873,0.18996117302935858,0.18658517521655624,0.18982000803305243
54,Clin + Radiomics,0.1423756650444785,0.14230762855144138,0.14232070961982232,0.14320883856530264
55,Clin + Radiomics,0.1302415175751737,0.13393934242923924,0.12936518775879544,0.1342671744283426
56,Clin + Radiomics,0.13250969929013756,0.1315938893410336,0.1319833574598253,0.13132104237338996
57,Clin + Radiomics,0.2125648852193473,0.22218186554279376,0.21284261811352465,0.22283139221887194
58,Clin + Radiomics,0.20548773142973478,0.24064062801011332,0.20556775852776046,0.2411511158328449
59,Clin + Radiomics,0.18918335848435106,0.1888584499639435,0.19016337530723731,0.18832400328035706
60,Clin + Radiomics,0.19103952044387715,0.19551690218294027,0.1913864877595151,0.1957327185978583
61,Clin + Radiomics,0.19703572425994553,0.20719711448719744,0.19737848299630273,0.20715937492512282
62,Clin + Radiomics,0.1877051735784247,0.21048775849395107,0.18820918736367764,0.2104385022566521
63,Clin + Radiomics,0.1918650088209127,0.21005759806904453,0.1927145088949599,0.20943366407670094
64,Clin + Radiomics,0.1386060787952776,0.13953572872494874,0.13802580763130387,0.13948274674680264
65,Clin + Radiomics,0.12012388983942009,0.12036707555303122,0.11949968481820045,0.12056013970092425
66,Clin + Radiomics,0.12545241917906963,0.11058771018596314,0.1258493671763709,0.11028831442916558
67,Clin + Radiomics,0.14172541341528605,0.1275091146176053,0.14105134766817298,0.1272445720720263
68,Clin + Radiomics,0.15102028733214906,0.1463878776086718,0.15043429593566837,0.14563074240724136
69,Clin + Radiomics,0.21327121618506534,0.20760089261064088,0.21312992824277543,0.20890834122933472
70,Clin + Radiomics,0.15248979663064208,0.15154079397720993,0.15204381844506235,0.15089050739610854
71,Clin + Radiomics,0.19965777761956782,0.2133497024577841,0.19997163463774015,0.21460911681697478
72,Clin + Radiomics,0.20693239015864173,0.21431043390002313,0.20683753299557567,0.2143163831141476
73,Clin + Radiomics,0.19208361050627074,0.19518404683051555,0.19231168617836422,0.1959554930976032
74,Clin + Radiomics,0.18983919254892556,0.20595117391824533,0.1896612300864487,0.20670651820183278
75,Clin + Radiomics,0.12752172637055964,0.1321287387883728,0.12641241894596614,0.13185046325928945
76,Clin + Radiomics,0.19647354367363234,0.20754790088061686,0.19652967237693866,0.20726302938461355
77,Clin + Radiomics,0.1301274975857113,0.127795290524585,0.1299886093260624,0.12778077426316928
78,Clin + Radiomics,0.13269519199156618,0.14896013480924666,0.13297223566966354,0.14856882449929668
79,Clin + Radiomics,0.14203286892743267,0.13146721680968765,0.1414072833106517,0.13127335648124444
80,Clin + Radiomics,0.2106103416951661,0.20896655675944156,0.21081275834266391,0.20870573597242786
81,Clin + Radiomics,0.13645362728276883,0.12373623299322678,0.13580817126802924,0.1234987008817611
82,Clin + Radiomics,0.15165385591034264,0.1264253111248078,0.15111380690429427,0.12657268703422464
83,Clin + Radiomics,0.20985333138972742,0.23383865250080899,0.2097635220687865,0.23451678366937995
84,Clin + Radiomics,0.18802967914961843,0.19776321611827694,0.18784474107389332,0.19719186920411505
85,Clin + Radiomics,0.1968696234915413,0.20214921097060112,0.19685045440644697,0.20247334293429156
86,Clin + Radiomics,0.19038413997509573,0.21519109020076954,0.19111780605604664,0.21468535696510696
87,Clin + Radiomics,0.14376217396489682,0.12805128951729164,0.14386560791299627,0.12781238766505706
88,Clin + Radiomics,0.21132040666079518,0.22367983953045897,0.21157365662380584,0.2237887833914027
89,Clin + Radiomics,0.20169758019594508,0.23769601575096067,0.2011045281426881,0.2381040844390232
90,Clin + Radiomics,0.13363808607200775,0.12255800255396619,0.13270436165176083,0.12241284257117381
91,Clin + Radiomics,0.21540946323453453,0.225787166049956,0.21566857852203714,0.22704691239723696
92,Clin + Radiomics,0.17559576369155222,0.189146372612485,0.17552192647444942,0.18988774694925906
93,Clin + Radiomics,0.13745663214634518,0.13297821382346964,0.13685835030683782,0.1331975279335292
94,Clin + Radiomics,0.14338456658660367,0.14392474749349435,0.1428214371875209,0.1436681025130891
95,Clin + Radiomics,0.15387063972005668,0.13950454261374065,0.15380362082532767,0.1393076212169292
96,Clin + Radiomics,0.15126330090651613,0.14363870374300725,0.15117388196600776,0.1433697041349478
97,Clin + Radiomics,0.1841798763754077,0.1983719646945005,0.18407133571502246,0.19905398034333183
98,Clin + Radiomics,0.1426356182181928,0.1350769678027019,0.14245929493475196,0.13483613966800043
99,Clin + Radiomics,0.124207662224284,0.1327705237249928,0.12390468367229863,0.1325042271981927
100,Clin + Radiomics,0.16743052396570546,0.15838303028836792,0.16685781193339982,0.1577676866678099
101,Clin + Radiomics,0.1948793416417134,0.2018942141176195,0.19508131025926237,0.2017195172057069
102,Clin + Radiomics,0.12440351231862234,0.13880512753077207,0.12464309819710345,0.1381561201696047
103,Clin + Radiomics,0.21213121670503196,0.22810995539331047,0.21232703923016616,0.22750464876317694
104,Clin + Radiomics,0.210144014666037,0.23273823295630133,0.21040526494885478,0.23407821286950029
105,Clin + Radiomics,0.12764178606886561,0.11914544543022619,0.12671252429384702,0.11896260063171495
106,Clin + Radiomics,0.1345219796360341,0.14255890543546376,0.13358515065969176,0.1424748307656389
107,Clin + Radiomics,0.20730301270644055,0.22948211490994058,0.20711983680635193,0.22882371484394434
108,Clin + Radiomics,0.15210285859876188,0.13406985198920693,0.15157628058063985,0.13423748539288677
109,Clin + Radiomics,0.2113779314682367,0.22462578746994685,0.21212319197401044,0.22525648976790916
110,Clin + Radiomics,0.1319810935875904,0.12254142978243067,0.1313504513451524,0.12288549432660077
111,Clin + Radiomics,0.21073193644772661,0.23314649196531712,0.21097440258172986,0.23373001161895862
112,Clin + Radiomics,0.21338980842807564,0.21374155263846617,0.21360115435861698,0.21349857566209554
113,Clin + Radiomics,0.19344943057827457,0.19305694509587,0.19375467020852177,0.1925265289186326
114,Clin + Radiomics,0.21167400734267686,0.21821246683175605,0.21179175969697278,0.21859947611921596
115,Clin + Radiomics,0.1267608155476567,0.1116757960790297,0.12671150867672898,0.11247439556762981
116,Clin + Radiomics,0.14193905835656243,0.14435951625279306,0.14215008145447955,0.14395404951160748
117,Clin + Radiomics,0.11886360675081731,0.11863355564327784,0.11773499688219957,0.11883919509475517
118,Clin + Radiomics,0.13632842912275422,0.12148321630705551,0.1358140943474976,0.12127061231934907
119,Clin + Radiomics,0.14698471820541054,0.1272299267090116,0.1464332489764785,0.12703683358610574
120,Clin + Radiomics,0.12108664632224542,0.12443877209160342,0.12091055592222698,0.12479694935498903
121,Clin + Radiomics,0.1854365147574081,0.19672946758655088,0.18617399702616116,0.19736618195778502
122,Clin + Radiomics,0.13524058471527228,0.14730002688013477,0.13559089856509865,0.14691032901255952
123,Clin + Radiomics,0.1310714313409254,0.12122979128024365,0.1302786411207688,0.12094723332182375
124,Clin + Radiomics,0.18934908517130183,0.20008254326063404,0.18890651110089085,0.19997987402764142
125,Clin + Radiomics,0.20147412833955486,0.21453748783713136,0.2018685293470592,0.21515888239792844
126,Clin + Radiomics,0.2140579877996647,0.23322572426642382,0.21469488268511985,0.23269660882891538
127,Clin + Radiomics,0.1946950113496218,0.18784203271443473,0.19540248681565137,0.18804862981732023
128,Clin + Radiomics,0.20823707213614664,0.21735270258065986,0.20844965813057414,0.21671396660484796
129,Clin + Radiomics,0.12778789370397464,0.1287893672923761,0.12782796375498495,0.12845025348330738
130,Clin + Radiomics,0.1280094005883321,0.1322427266523353,0.12808326362894826,0.13309028934512668
131,Clin + Radiomics,0.19998722016446674,0.21744755744841424,0.2002843931068374,0.2173810016878766
132,Clin + Radiomics,0.18922160112732517,0.19949894988067368,0.1890660682346865,0.19974086910799752
133,Clin + Radiomics,0.18930960701255625,0.19098014727316096,0.18874904523853875,0.1916633150523541
134,Clin + Radiomics,0.1876236683859845,0.20621579571930027,0.18743841322441177,0.20669908226724384
135,Clin + Radiomics,0.18880176458132808,0.2058116835651454,0.18861736083656733,0.20663887486715404
136,Clin + Radiomics,0.11089934808279214,0.11616096552456116,0.10958519483592362,0.11632539928669927
137,Clin + Radiomics,0.20527221196131168,0.23608196647975793,0.20516048548411878,0.23711217689906966
138,Clin + Radiomics,0.15311037660345322,0.14576357594361622,0.15324672234001727,0.1467295783773943
139,Clin + Radiomics,0.13195445575127995,0.11262533056939586,0.13241440346095934,0.11227325441052037
140,Clin + Radiomics,0.19913923815000573,0.19160851214872746,0.19891925902156207,0.19223865775049395
141,Clin + Radiomics,0.21206941384778888,0.2295509947209645,0.21234461168980687,0.22906438835099846
142,Clin + Radiomics,0.14012000163362875,0.1475759685176868,0.1397242415404126,0.14834847508355345
143,Clin + Radiomics,0.2117273470191768,0.22048510294934856,0.2116041405296566,0.22050350283012887
144,Clin + Radiomics,0.18401061892173853,0.2083451573135854,0.18489783452637215,0.20844903717654864
145,Clin + Radiomics,0.15151505972382973,0.13788621661017894,0.15089713474968605,0.13814191017293784
146,Clin + Radiomics,0.1681360251076257,0.15647560309571534,0.168129549282963,0.15684580673939036
147,Clin + Radiomics,0.12350093192552168,0.1389611621904869,0.12260989916541244,0.13877603085676876
148,Clin + Radiomics,0.20570906067982564,0.21048157084335675,0.20598832605266634,0.21031204360606942
149,Clin + Radiomics,0.12395079947157767,0.12234234779486498,0.12331362441857928,0.12212024063969716
150,Clin + Radiomics,0.12273770172147092,0.1259717567400357,0.1223311729552266,0.1257351828372052
151,Clin + Radiomics,0.12760622940816907,0.11286609963164446,0.12788367548652976,0.1131145708307527
152,Clin + Radiomics,0.1384115778651908,0.13871981961046803,0.13782795010446627,0.1384945308944378
153,Clin + Radiomics,0.11838850300944424,0.12572317529328808,0.11739088692569317,0.1259944863651018
154,Clin + Radiomics,0.1820383890271595,0.19407459459150642,0.18157566901812,0.1948150116102086
155,Clin + Radiomics,0.1371399517306043,0.1350742782986824,0.1365007895358881,0.13474693385657702
156,Clin + Radiomics,0.13685694993735328,0.14583026931700285,0.1369803667737019,0.1457520113141476
157,Clin + Radiomics,0.15232336988454118,0.13500505085123596,0.15218233006386733,0.13484034762599012
158,Clin + Radiomics,0.20215706014263743,0.21345085208979941,0.20198931305648374,0.2134164473133522
159,Clin + Radiomics,0.12080016968039359,0.1300169167402775,0.11950162386961652,0.13092797989927185
160,Clin + Radiomics,0.14959655517984907,0.1501895473468304,0.14980510858561108,0.14980953695038962
161,Clin + Radiomics,0.1413335562951279,0.14615938234070833,0.14117159570856383,0.14616521167534502
162,Clin + Radiomics,0.12174771574339367,0.11594834659963736,0.1205024267361948,0.11566316883912561
163,Clin + Radiomics,0.19584698006800255,0.20726702830421642,0.19668257151883445,0.20790477263120946
164,Clin + Radiomics,0.11598927155382667,0.11713077112259729,0.1147254869046454,0.11755235673117832
165,Clin + Radiomics,0.19058099672875436,0.217631152678825,0.19051796925372236,0.21895975166394133
166,Clin + Radiomics,0.15675014090181194,0.1569564714197716,0.1562504371499653,0.15736463735411063
167,Clin + Radiomics,0.20554231027515743,0.2141316654122012,0.20575388260764826,0.21486206368630034
168,Clin + Radiomics,0.21772486931684523,0.2364520056810226,0.21793948951285855,0.23702614090872826
169,Clin + Radiomics,0.14301693316274852,0.1444434933000891,0.1429206443761042,0.14470324557259628
170,Clin + Radiomics,0.21287304158869322,0.23958454767853551,0.21268046612471456,0.2406106752119664
171,Clin + Radiomics,0.18674143342404825,0.18606821978016902,0.18757989947392645,0.1855206524885436
172,Clin + Radiomics,0.15365909553663198,0.14511877230325373,0.15352873289684152,0.14489665765248436
173,Clin + Radiomics,0.18878735258288315,0.20212765419254525,0.18953121451631832,0.20205636396408672
174,Clin + Radiomics,0.1971043149689784,0.20515237823778898,0.19652461681028413,0.20539883963493963
175,Clin + Radiomics,0.1325190096304512,0.1341659604265526,0.13252590984132853,0.13411037274956436
176,Clin + Radiomics,0.13372516589429986,0.12690740825468302,0.13313465251198214,0.12783886304042358
177,Clin + Radiomics,0.21610972280170657,0.22765865424456713,0.21617112619298798,0.22809434082804986
178,Clin + Radiomics,0.19035319591280705,0.1987341510380868,0.19058806789924282,0.19821676482712877
179,Clin + Radiomics,0.18786747368017456,0.1991795869415468,0.18782105551594133,0.19905870663326608
180,Clin + Radiomics,0.1507422114010895,0.1516046759975015,0.15014170831778936,0.15244111018929757
181,Clin + Radiomics,0.18401360484928234,0.19661012163472474,0.18468353714289526,0.19665288123879687
182,Clin + Radiomics,0.14377417578170304,0.13214992786379065,0.1435842422983063,0.1317066739399759
183,Clin + Radiomics,0.1385043115476904,0.12546702514965136,0.13751901520654353,0.12569202950550282
184,Clin + Radiomics,0.22067851568563374,0.2274472970244162,0.22096180347221447,0.2281074055628878
185,Clin + Radiomics,0.18568071635974723,0.19747668278845423,0.18546197462322042,0.19829188862131802
186,Clin + Radiomics,0.20298000637508903,0.2096873442663318,0.20388754652887991,0.20973792082115694
187,Clin + Radiomics,0.21922813357485815,0.21849132781821953,0.21945596445470117,0.21914125223330747
188,Clin + Radiomics,0.14355575539216137,0.14173987162172502,0.14308080762084113,0.14208706836731727
189,Clin + Radiomics,0.20628184803490354,0.22256466333465666,0.20664647144317733,0.22322015656484753
190,Clin + Radiomics,0.1425740828314869,0.13838141126803047,0.14292776144881944,0.1388179706599574
191,Clin + Radiomics,0.19794735698938934,0.21932538594438158,0.19831363043455424,0.21997040926212894
192,Clin + Radiomics,0.12910703377327531,0.12492008885193658,0.12912988898767594,0.12423061637806505
193,Clin + Radiomics,0.15350733364418728,0.1529009218997067,0.15282997455784367,0.15274021479447467
194,Clin + Radiomics,0.2127615684930597,0.23989562062509048,0.21264952423880498,0.24094864769122654
195,Clin + Radiomics,0.1801654958861129,0.1811666197275135,0.18094361290710625,0.18188984632362318
196,Clin + Radiomics,0.2065856075121402,0.1923926225425546,0.2069299777797359,0.191823445325775
197,Clin + Radiomics,0.1274020935381635,0.1261331566672367,0.1263817659367593,0.1269902832605211
198,Clin + Radiomics,0.1341092895364551,0.12350720294468129,0.1331862429296634,0.12439736004730581
199,Clin + Radiomics,0.14609923016683624,0.1476380216196055,0.1455387855258571,0.14794576114566976
200,Clin + Radiomics,0.2204746856891873,0.21753174054880045,0.22026394195254753,0.21741897876132288
201,Clin + Radiomics,0.1194906972271638,0.12000314235682263,0.11943132312506378,0.1202625659785459
202,Clin + Radiomics,0.140529986839714,0.12309787436026663,0.13990193484295432,0.12394884268426438
203,Clin + Radiomics,0.1322894709337637,0.11727001678540744,0.13252151669887077,0.11693985975618909
204,Clin + Radiomics,0.15684310313344393,0.1493248803072072,0.15712288715742087,0.1489001626826856
205,Clin + Radiomics,0.20122362868470614,0.23661842035424988,0.20200466771368053,0.23682019592536624
206,Clin + Radiomics,0.192425718167859,0.1955365510652688,0.1930314883011213,0.1968229578997087
207,Clin + Radiomics,0.1967944211741917,0.19609079162472026,0.19720604240711845,0.196647259561441
208,Clin + Radiomics,0.1353274947033148,0.11735216937493766,0.13483126244007218,0.11705452426501278
209,Clin + Radiomics,0.14608468175203035,0.13967286592046665,0.14653504493450564,0.13956002598744396
210,Clin + Radiomics,0.14747297934118944,0.15022114309847168,0.14650531291292787,0.150536404985878
211,Clin + Radiomics,0.13334661887967658,0.12491945144975097,0.13259478989622403,0.12513601168488805
212,Clin + Radiomics,0.20950181831966766,0.21456746467467366,0.20941653329876903,0.21463071599116984
213,Clin + Radiomics,0.19642314091397384,0.20759896294995853,0.19720340225958663,0.20697891029043866
214,Clin + Radiomics,0.11513125298885309,0.12550061207728958,0.11423933745892335,0.1262800326039169
215,Clin + Radiomics,0.143731030760599,0.14365670427382654,0.14240998499595936,0.14346176487678655
216,Clin + Radiomics,0.14655491484384714,0.14002190063101255,0.14537298817114372,0.13985358065911052
217,Clin + Radiomics,0.22943924020768147,0.2326120678358131,0.22974542535231993,0.23251592442806138
218,Clin + Radiomics,0.12498641723239477,0.1297272791048732,0.12485706278886344,0.12964404937353408
219,Clin + Radiomics,0.1871376867252813,0.19572797760905636,0.18779065294918607,0.195779337757576
220,Clin + Radiomics,0.1855416188062882,0.19037574949273334,0.18643343375841995,0.1903327085528203
221,Clin + Radiomics,0.18340867215377446,0.21483282349926097,0.1832870688901251,0.21469795600612038
222,Clin + Radiomics,0.21345057564806416,0.2062403071599496,0.21371030937901397,0.20552875932005868
223,Clin + Radiomics,0.12576078548875347,0.11920063355646078,0.1252168348594835,0.11946362071806589
224,Clin + Radiomics,0.20495626938765657,0.2321783222890651,0.20559773186145966,0.23222749310973706
225,Clin + Radiomics,0.19737916475043227,0.20888080314667315,0.19808280657109695,0.209731647986418
226,Clin + Radiomics,0.20690034993437806,0.2283770503904449,0.20690743036604475,0.2290647889814542
227,Clin + Radiomics,0.18887825856725604,0.19457224375732673,0.18910149422054442,0.19534495140641556
228,Clin + Radiomics,0.19214098299563098,0.21673898370988262,0.1925133805405468,0.21662930254964696
229,Clin + Radiomics,0.20260540571106558,0.21742090507051176,0.20287661935434242,0.21820688516285566
230,Clin + Radiomics,0.14812383711182006,0.13310681935617968,0.1472251795472621,0.1329264728545752
231,Clin + Radiomics,0.21073707322289156,0.22388712278807354,0.2100673707424316,0.2248845085113545
232,Clin + Radiomics,0.138835325661147,0.15289373310676846,0.13886831273333414,0.15286590065860506
233,Clin + Radiomics,0.14106321997997034,0.12834178098935436,0.14012563013416787,0.12792658818176195
234,Clin + Radiomics,0.14898421293773553,0.13356183437743924,0.14849781946285714,0.13408911121556794
235,Clin + Radiomics,0.19502224713089264,0.20573020410017448,0.1948157035287115,0.20651474941044437
236,Clin + Radiomics,0.14739281995479558,0.14022698589395485,0.1469882735397818,0.14124696699277528
237,Clin + Radiomics,0.19848166965612102,0.20660318529620358,0.19873590096197807,0.20744106563135464
238,Clin + Radiomics,0.20181795892066334,0.20610316042926416,0.20162761766143167,0.20612946319752531
239,Clin + Radiomics,0.1866893654789927,0.20045046706465178,0.18700560815448408,0.20060683695270828
240,Clin + Radiomics,0.13513723451795628,0.12503025620496885,0.135193973715413,0.1260017681444042
241,Clin + Radiomics,0.14032130578120566,0.1447135112710451,0.13980936096672733,0.14509147189352647
242,Clin + Radiomics,0.13827357800004747,0.1279913168675512,0.13853264186418318,0.1276558630137506
243,Clin + Radiomics,0.13375786569035183,0.13262128664579897,0.13427132188643828,0.1324752383838832
244,Clin + Radiomics,0.15661956769356616,0.1575528402260987,0.15603700615181376,0.1575544188869507
245,Clin + Radiomics,0.20828447968450456,0.2075211723437039,0.20918202185582552,0.2068929403945554
246,Clin + Radiomics,0.19905870787942692,0.22316145358836695,0.19994189350542027,0.22310535312212715
247,Clin + Radiomics,0.2177177438407672,0.24334757243747915,0.21761362539261073,0.24397445333082232
248,Clin + Radiomics,0.21317611662827404,0.22552947327603814,0.2135444098338571,0.2259104015971724
249,Clin + Radiomics,0.1892053507157795,0.20716321709024899,0.18943905320816976,0.20762173899319852
250,Clin + Radiomics,0.15663297719844185,0.14869544573640953,0.15609266153922485,0.14899810081590037
251,Clin + Radiomics,0.13763025855134361,0.12346423535473838,0.1369816583037215,0.12378178508220138
252,Clin + Radiomics,0.1541805559456248,0.1432225674856199,0.15359451841288857,0.14414184745123115
253,Clin + Radiomics,0.1475967804835632,0.1469197937332078,0.1475342287138204,0.14717673273467238
254,Clin + Radiomics,0.13826214756885805,0.1343018702428165,0.1386797241085367,0.13352154657564394
255,Clin + Radiomics,0.22111238234980612,0.23764289825873394,0.22142202919577814,0.23824401491032018
256,Clin + Radiomics,0.12729185963090967,0.13221881569397795,0.12661602531628405,0.13200610619223338
257,Clin + Radiomics,0.1931403339905628,0.22652947226891215,0.19373587488442126,0.22721328687133827
258,Clin + Radiomics,0.12631068557894026,0.11726962541928242,0.1250840209838239,0.11761365530711274
259,Clin + Radiomics,0.15828624240997033,0.15533919733623222,0.15760581210125774,0.15516938443424355
260,Clin + Radiomics,0.21262972252087925,0.22211005441771398,0.21253714282043767,0.2224025185421272
261,Clin + Radiomics,0.1608592101468682,0.15462497418354545,0.1606846854378308,0.1542113025237766
262,Clin + Radiomics,0.18985470280838737,0.18872385394918545,0.19058651240635635,0.18882964250488152
263,Clin + Radiomics,0.20102718205497092,0.2010421659098771,0.20130481851622578,0.20097869024562365
264,Clin + Radiomics,0.21075496372330407,0.214578964064781,0.2109672210136527,0.21457419836704608
265,Clin + Radiomics,0.19732227922693757,0.18663086891121064,0.19736303328579047,0.186969942779625
266,Clin + Radiomics,0.13910624559621,0.14908584552351695,0.139019103194231,0.14843494141849006
267,Clin + Radiomics,0.21758650826494708,0.23592317107929212,0.218242896099018,0.23594269185621608
268,Clin + Radiomics,0.12249070937711581,0.11826114150464098,0.12120297762276691,0.11855002478196489
269,Clin + Radiomics,0.14937318495333188,0.14638766283333207,0.14847685096514623,0.14634141098338552
270,Clin + Radiomics,0.12199293062004322,0.1355457569626845,0.12148143226116231,0.13583728912418092
271,Clin + Radiomics,0.1598460259428946,0.15278157162990652,0.1598020379691832,0.1531022021817349
272,Clin + Radiomics,0.13981319876159967,0.14113162105984697,0.13939207842112897,0.14202172649063316
273,Clin + Radiomics,0.13834404945886625,0.12338102708054431,0.13780008706553365,0.12392076201523085
274,Clin + Radiomics,0.15418266962904242,0.15668420790759924,0.15348491296613012,0.15752450443402943
275,Clin + Radiomics,0.13362420066514877,0.12833778662946285,0.13239548210402835,0.12801562971769892
276,Clin + Radiomics,0.19826311571848462,0.21132919863236302,0.19845693957798122,0.21196157219550577
277,Clin + Radiomics,0.21314330344958876,0.22563897871114433,0.2134156390250593,0.2262771308401202
278,Clin + Radiomics,0.13732501789998022,0.12434014964897996,0.13675826952647455,0.12411738919918171
279,Clin + Radiomics,0.20222510161985519,0.22372574755291194,0.2017169815984818,0.224483008192248
280,Clin + Radiomics,0.19892604742529119,0.21912259319623154,0.19879874032280612,0.2209388122155684
281,Clin + Radiomics,0.135807646653301,0.14431159416060937,0.1348994243913541,0.14403306003823946
282,Clin + Radiomics,0.20991110630175044,0.22602951804472374,0.2101571719215133,0.22645986222211445
283,Clin + Radiomics,0.19944980671604204,0.21005546027175165,0.19932968934368223,0.21083540111457705
284,Clin + Radiomics,0.15994096536162464,0.15742052847066226,0.15938359228404023,0.1577320690264116
285,Clin + Radiomics,0.2219775314532506,0.23317527764802573,0.22218420675454606,0.23330827349027813
286,Clin + Radiomics,0.21167120524426455,0.2366602793598575,0.2124863616367152,0.2359576846973725
287,Clin + Radiomics,0.1843958158220304,0.19777520766515877,0.18460115451266174,0.19785304569622092
288,Clin + Radiomics,0.21390354740046535,0.24152661477132895,0.21412843127629583,0.24213688707596642
289,Clin + Radiomics,0.13599594783710603,0.13440317160405818,0.13597605048651532,0.13432898233925458
290,Clin + Radiomics,0.1549606609323454,0.15263093104663314,0.1544421321582611,0.15251670196039283
291,Clin + Radiomics,0.22949108466795795,0.2238617727742662,0.2297995492408342,0.2238887034982959
292,Clin + Radiomics,0.1540503904416303,0.14360248184646737,0.1535096580460293,0.14387541300348528
293,Clin + Radiomics,0.1362232197424918,0.13037658478700834,0.13585640959364298,0.1305438958567096
294,Clin + Radiomics,0.12133488325314286,0.12342556533473181,0.12026456298221407,0.12371126369364985
295,Clin + Radiomics,0.2045616651690959,0.22497005187295083,0.2044480334996507,0.22495198298464772
296,Clin + Radiomics,0.21912760114874422,0.21782280349601865,0.2189409140678688,0.21826089981352978
297,Clin + Radiomics,0.20642319036251297,0.21865815095315289,0.20627107263317293,0.2192996354038339
298,Clin + Radiomics,0.19982473588159202,0.23420303647312757,0.2004658633389714,0.23370393405764547
299,Clin + Radiomics,0.20457083205636337,0.20472946566335903,0.20399110575834892,0.20598316153306545
300,Clin + Radiomics,0.20689772767179862,0.22169541105494936,0.20720967066375598,0.22190921859303991
301,Clin + Radiomics,0.1454639243460033,0.13246505204475928,0.14486055723164182,0.13226565269970397
302,Clin + Radiomics,0.14384838288448418,0.14811192903436227,0.14322170406088544,0.1477582298574719
303,Clin + Radiomics,0.145440407194784,0.15183500688397664,0.1445734887829653,0.15172916662840144
304,Clin + Radiomics,0.20384809494416065,0.21712388566524898,0.2037594388262952,0.21741973638274578
305,Clin + Radiomics,0.1277431030007299,0.135576090598259,0.12773776441645024,0.1357278035816179
306,Clin + Radiomics,0.21557796906867002,0.2388721855904416,0.21621417470915785,0.23829984303277552
307,Clin + Radiomics,0.11447103688513487,0.11630929732353874,0.11342420000567498,0.11720484962913401
308,Clin + Radiomics,0.17680183308384168,0.18543038665799788,0.1775220694298312,0.1855943036368516
309,Clin + Radiomics,0.15743307738852502,0.15776541467236754,0.15722875567930197,0.1579794835780476
310,Clin + Radiomics,0.13578005123159675,0.15236340711384988,0.13476655837283957,0.15274348248344957
311,Clin + Radiomics,0.12777501949667713,0.14359171680015348,0.1268865601186648,0.14396892301205869
312,Clin + Radiomics,0.20064651139762857,0.2229935800063331,0.20096687738228547,0.22247880641565426
313,Clin + Radiomics,0.14550900496118976,0.14926352650228447,0.1449660173484613,0.14950775197687657
314,Clin + Radiomics,0.14553578180038673,0.12462589337046039,0.14454006502387065,0.12451153792553558
315,Clin + Radiomics,0.13329106280840092,0.13585388309860333,0.13317990566931975,0.135967364473784
316,Clin + Radiomics,0.196923329364578,0.22665261500188558,0.1977249031526463,0.2260885057007607
317,Clin + Radiomics,0.1907190881936822,0.19141846604809673,0.1910543125760473,0.1915036354917077
318,Clin + Radiomics,0.13371563098298817,0.12122759760048793,0.13352135290274572,0.1214482525269931
319,Clin + Radiomics,0.12060726795436369,0.11755073323923772,0.11969781584588676,0.11848674755353882
320,Clin + Radiomics,0.13561676354642632,0.1389249177495693,0.13602323780995243,0.1386129257435264
321,Clin + Radiomics,0.1287451807006681,0.11975663618844998,0.12796612488840484,0.11998736405438055
322,Clin + Radiomics,0.21449975507306962,0.24534274774981824,0.2143836390172936,0.24528263228812977
323,Clin + Radiomics,0.19584181835619258,0.22799084511149603,0.19658303162663948,0.22801255016346283
324,Clin + Radiomics,0.2089666957645247,0.23548592078972,0.20882036823209252,0.2366576683120866
325,Clin + Radiomics,0.1277443218363676,0.12507246049613596,0.12684156970122265,0.12538278371662914
326,Clin + Radiomics,0.13348391888949962,0.12499926305589637,0.1325681392640682,0.12477602336053115
327,Clin + Radiomics,0.19202584580477655,0.199071204083649,0.1917800359247028,0.19925995684491396
328,Clin + Radiomics,0.17605322877353702,0.18814056024900588,0.17657178012223582,0.18884068254221484
329,Clin + Radiomics,0.2042560951919582,0.1984858380485488,0.20378729854488686,0.19927575034923412
330,Clin + Radiomics,0.12603928189294852,0.12319608686620302,0.12509364704952544,0.12412129930801954
331,Clin + Radiomics,0.1406422619895688,0.13721402934679094,0.14067038421685177,0.13687066778651655
332,Clin + Radiomics,0.12262068120594864,0.12768203896890346,0.12160379353295382,0.12862024264537203
333,Clin + Radiomics,0.1417439899861607,0.12539711012694688,0.14110262573067497,0.1263763374272317
334,Clin + Radiomics,0.16082575460911566,0.15780667958481726,0.1607671506233316,0.15877933733288785
335,Clin + Radiomics,0.21398030840116003,0.2182748042915436,0.21424507825639796,0.2189492866030575
336,Clin + Radiomics,0.20051530122983777,0.2222481213155161,0.20115619656309408,0.22235043780984395
337,Clin + Radiomics,0.11094024311368905,0.1138923458849537,0.10999199595302615,0.11370745750186038
338,Clin + Radiomics,0.15737968663785606,0.15005899124834762,0.15647417134357722,0.1503768011918512
339,Clin + Radiomics,0.1317439933687784,0.1311558902090961,0.13181883678651432,0.13144490537572742
340,Clin + Radiomics,0.13766928580346313,0.1390306765354878,0.13747612701768464,0.138865891727943
341,Clin + Radiomics,0.2035426763567001,0.22472582288927137,0.20376715217869326,0.224715492533891
342,Clin + Radiomics,0.1143234666684224,0.12335719535258687,0.11387622210782664,0.12334462233806325
343,Clin + Radiomics,0.12260446318276048,0.11274439650388857,0.12259744178828044,0.11289736111008411
344,Clin + Radiomics,0.1288413476670259,0.1343507668418529,0.12827498227737716,0.1352120001444409
345,Clin + Radiomics,0.13076976644358232,0.13364237685089145,0.1311097338007979,0.13386991210326749
346,Clin + Radiomics,0.14706621820401508,0.1437917941178027,0.14650722832281568,0.1440301411123009
347,Clin + Radiomics,0.20426340309594754,0.22357425062257702,0.204658289060463,0.22358394106117996
348,Clin + Radiomics,0.18650853722860586,0.1873047465603619,0.18675343375171544,0.18748909276773196
349,Clin + Radiomics,0.18744922009334358,0.19019315979642354,0.18697933174705492,0.1909372372908289
350,Clin + Radiomics,0.13961489346428904,0.12854682924224084,0.13905292398900548,0.12879970201681426
351,Clin + Radiomics,0.1516318256195788,0.1340378987906258,0.1509685560586801,0.1344356952533878
352,Clin + Radiomics,0.13664668248885575,0.14371444720681625,0.13673618213532993,0.14406470972841331
353,Clin + Radiomics,0.11643818320480456,0.11087176056392273,0.11532443569813032,0.11176910946693906
354,Clin + Radiomics,0.15390039907439607,0.14570596115265302,0.15431415476091087,0.145951279237196
355,Clin + Radiomics,0.15532694740451788,0.14542150542227794,0.15482469334044005,0.1457075226680057
356,Clin + Radiomics,0.19516957244140143,0.21131601698457944,0.1959907343236684,0.21200839352932718
357,Clin + Radiomics,0.14038230970575893,0.15175537170223577,0.13944861555195928,0.15153080505755187
358,Clin + Radiomics,0.1298766182148157,0.12387038917007345,0.12931748266081505,0.12359113559500996
359,Clin + Radiomics,0.19774658302991047,0.20968214756943013,0.19802784697246875,0.2103812671270241
360,Clin + Radiomics,0.11926116583727393,0.1247624158979333,0.11802496419624849,0.1245324939831741
361,Clin + Radiomics,0.1383004152128848,0.13385068014166895,0.13765966081649458,0.13409296283185454
362,Clin + Radiomics,0.13010288026855352,0.14327989027589583,0.1305171515907124,0.1430314330405893
363,Clin + Radiomics,0.13415300836862715,0.12494600913931585,0.13417275704567824,0.12521010977690564
364,Clin + Radiomics,0.2193124195912056,0.22662302908034937,0.21956978093883983,0.22615358725103096
365,Clin + Radiomics,0.19644045074126598,0.2209762937467505,0.1970423486650004,0.221127909221111
366,Clin + Radiomics,0.14069781972839016,0.13429525387691427,0.14065373821833893,0.13451499480215273
367,Clin + Radiomics,0.11912196343922894,0.12445620422887534,0.11857799386634997,0.12469392510225977
368,Clin + Radiomics,0.11711975308109249,0.11724483792433608,0.11664595535716044,0.11690463531644442
369,Clin + Radiomics,0.16429150289322833,0.14809632799523587,0.1646087134919904,0.14780372227523264
370,Clin + Radiomics,0.1960240278555292,0.19588090611307404,0.19687091555976532,0.19602426538291232
1,Clin + BiomedCLIP,0.20796525371156865,0.23565470979839329,0.20858256201280412,0.23513502639937245
2,Clin + BiomedCLIP,0.21203135107959836,0.24088744704531004,0.21188026280916217,0.23985622148052396
3,Clin + BiomedCLIP,0.14129159309595782,0.15785063416981024,0.14092538311306674,0.1584921945240676
4,Clin + BiomedCLIP,0.14065160874956734,0.15668019329802688,0.14140153426773672,0.15663794248332455
5,Clin + BiomedCLIP,0.14615078208307172,0.17232034785740674,0.14616497551515673,0.1725114366424329
6,Clin + BiomedCLIP,0.20573753307892134,0.21563239174074242,0.20579479144068438,0.21536224403537163
7,Clin + BiomedCLIP,0.21703269248446835,0.23433240417592263,0.21774351484479604,0.2333896882513133
8,Clin + BiomedCLIP,0.14105402701157674,0.16519148259144562,0.14081354375315114,0.16520344546365442
9,Clin + BiomedCLIP,0.15462542340209742,0.16318676951303548,0.15425958442259174,0.16356129689936827
10,Clin + BiomedCLIP,0.21454127075887716,0.23085621170887108,0.21436288472455273,0.23059666484167776
11,Clin + BiomedCLIP,0.14255187449478773,0.16057276015608934,0.14235977471727673,0.16129510384810578
12,Clin + BiomedCLIP,0.20871563581045258,0.22749678734659548,0.2080850437919666,0.2273134117241292
13,Clin + BiomedCLIP,0.13493998492942763,0.15530322221803217,0.13512947790475324,0.15611815725432554
14,Clin + BiomedCLIP,0.14858597861710324,0.15834357898494517,0.148630377819755,0.15934099447460023
15,Clin + BiomedCLIP,0.20314049027733744,0.20591442532983145,0.20337266232277657,0.20513590002879128
16,Clin + BiomedCLIP,0.13792535004709383,0.15580699974220263,0.13815400825244903,0.15677456732698553
17,Clin + BiomedCLIP,0.21513834460109144,0.22133288928047845,0.21500726819280327,0.22043770980321722
18,Clin + BiomedCLIP,0.13653552022183668,0.14252764071284116,0.13635606618093093,0.1431635991422917
19,Clin + BiomedCLIP,0.13330067126763118,0.14366632196370946,0.13261543710989193,0.14483443537986163
20,Clin + BiomedCLIP,0.21181865572707403,0.23579998732469482,0.21193896514853336,0.23581628732029264
21,Clin + BiomedCLIP,0.1464485964391982,0.17293894364366003,0.14645874408317405,0.1732076665571704
22,Clin + BiomedCLIP,0.15279471974969697,0.17877447996654877,0.15302552822197726,0.17874501313780014
23,Clin + BiomedCLIP,0.20185267505650073,0.2075420428786411,0.20178034651483762,0.2071778376681566
24,Clin + BiomedCLIP,0.13740620166918846,0.15930014574283616,0.13737614686286295,0.16012773554406595
25,Clin + BiomedCLIP,0.21172792372632623,0.21813626927583216,0.2120840220402537,0.21763099091467764
26,Clin + BiomedCLIP,0.2064067990985655,0.23945369154494262,0.20663101334678666,0.23915191110181314
27,Clin + BiomedCLIP,0.148878511930989,0.16526228875715518,0.1488065259347434,0.16560964533174646
28,Clin + BiomedCLIP,0.215822563719003,0.2311611504879918,0.21645747953728228,0.2305621126265372
29,Clin + BiomedCLIP,0.1480959685011667,0.16339178237777666,0.14808036442410008,0.16449776741351949
30,Clin + BiomedCLIP,0.20510470268736725,0.21658077127165734,0.20522403136023318,0.21631486240248338
31,Clin + BiomedCLIP,0.20857989641794214,0.22596785035976028,0.20801762393645654,0.22526042721863324
32,Clin + BiomedCLIP,0.21826203039129835,0.23490469791871382,0.2180630886980541,0.23414612448163274
33,Clin + BiomedCLIP,0.19946788556346154,0.2224657501327009,0.19977258909928974,0.22239500972845877
34,Clin + BiomedCLIP,0.1342596767363835,0.1659196095966194,0.13382439822490466,0.16633994641629013
35,Clin + BiomedCLIP,0.1387331990038877,0.15386772559290499,0.13869271374943962,0.15450753329326164
36,Clin + BiomedCLIP,0.15756311776013948,0.1651435568951996,0.15841050449834032,0.16513542520459676
37,Clin + BiomedCLIP,0.20041397057611152,0.22422013413042657,0.20012502392590018,0.2233117135442836
38,Clin + BiomedCLIP,0.1311932177379943,0.13782431857065486,0.13130261695192924,0.13861831820260886
39,Clin + BiomedCLIP,0.13985812277032034,0.15151242274179438,0.13970274632275542,0.15188099697203056
40,Clin + BiomedCLIP,0.13027413818141936,0.1482917945910608,0.13037662689869273,0.14901442500742607
41,Clin + BiomedCLIP,0.1476993617586516,0.15488467355572225,0.14772241214024986,0.15558049078918137
42,Clin + BiomedCLIP,0.13683813921132212,0.16172583270075017,0.13678664846681307,0.16178416862799824
43,Clin + BiomedCLIP,0.14056155709733434,0.16799294616679664,0.14108420417371947,0.16836180724158825
44,Clin + BiomedCLIP,0.20954158558402444,0.21722593823293482,0.20994115643242764,0.21657082838361758
45,Clin + BiomedCLIP,0.13251035966207583,0.14019167536767774,0.13251199846219144,0.14086422564421197
46,Clin + BiomedCLIP,0.19608346441132052,0.23868636356387754,0.19641633285872176,0.23840699177051325
47,Clin + BiomedCLIP,0.2266328551344841,0.22838212823231058,0.22640342284300896,0.22780178106421498
48,Clin + BiomedCLIP,0.1385598250533015,0.16092684082776754,0.13954779360875272,0.1613649798928382
49,Clin + BiomedCLIP,0.14701574674114126,0.16346831236367634,0.14701104192653927,0.16412614639724799
50,Clin + BiomedCLIP,0.14478994233919268,0.15854402666211798,0.14462605900241515,0.15938180628605245
51,Clin + BiomedCLIP,0.21080777118799543,0.22428562751408004,0.2108024146105571,0.22406776591598834
52,Clin + BiomedCLIP,0.1527317557551459,0.15548156177253208,0.15353622625513683,0.15525629456590861
53,Clin + BiomedCLIP,0.2176180660631213,0.234699760085116,0.21713365116989208,0.2344295039668412
54,Clin + BiomedCLIP,0.14555801264470117,0.15202398605775966,0.14552714388830584,0.15303081817516095
55,Clin + BiomedCLIP,0.15233619123248643,0.15767102524923635,0.15277469720515088,0.15775928138228593
56,Clin + BiomedCLIP,0.154026606953439,0.1760719835280202,0.15433723285767506,0.17672258337664568
57,Clin + BiomedCLIP,0.20237696164017566,0.2281821963040198,0.20190527277247622,0.22744447563174794
58,Clin + BiomedCLIP,0.1876453087479391,0.22233819687340428,0.18786888245898178,0.22246528547276279
59,Clin + BiomedCLIP,0.2034975145427751,0.2242462326278929,0.20339275972015594,0.2240142783808216
60,Clin + BiomedCLIP,0.21833512145005504,0.2313809033327824,0.21854979155463822,0.23040403005903165
61,Clin + BiomedCLIP,0.2016085187679919,0.21546394137461727,0.20166204406094007,0.21520305510429108
62,Clin + BiomedCLIP,0.21722340138653487,0.2277366668763161,0.217279157618783,0.22746179305400438
63,Clin + BiomedCLIP,0.19321933230629051,0.2111158685056654,0.19336995247320773,0.21016830795370836
64,Clin + BiomedCLIP,0.1505003764177917,0.1497887052962647,0.1505204176751864,0.1500613770933278
65,Clin + BiomedCLIP,0.13890033546371672,0.1455499488142467,0.139052720025366,0.14617760069659025
66,Clin + BiomedCLIP,0.15395197397465094,0.16836949834894033,0.15420598404706354,0.1690128106612433
67,Clin + BiomedCLIP,0.1526294171107777,0.15107914221598448,0.15286367504516912,0.15161710196207956
68,Clin + BiomedCLIP,0.15282713208026838,0.1701718486726259,0.15218287443011963,0.16982615116843985
69,Clin + BiomedCLIP,0.19562693504033282,0.23386399939520836,0.1962692738214091,0.23360164197371866
70,Clin + BiomedCLIP,0.1395170564932522,0.16323490729110926,0.1392485093088361,0.16426090617130049
71,Clin + BiomedCLIP,0.23421044575671746,0.2293349233484305,0.2341525630049303,0.22869042666506986
72,Clin + BiomedCLIP,0.20202384165923623,0.23178297677260326,0.20197592967501005,0.23158993637290273
73,Clin + BiomedCLIP,0.21157466310004686,0.22334856212611542,0.2117772588820347,0.22325556405380315
74,Clin + BiomedCLIP,0.2029096204323609,0.23264212257780167,0.2026642526909955,0.2318759883915786
75,Clin + BiomedCLIP,0.13061966279975168,0.14146988554472045,0.1310609862029008,0.1420985825961884
76,Clin + BiomedCLIP,0.20956666545715244,0.22045891513994603,0.2095121757424502,0.2201958270538429
77,Clin + BiomedCLIP,0.15449825862726774,0.15596442124714663,0.1547975612785426,0.15594842580066856
78,Clin + BiomedCLIP,0.14223319084887134,0.16851748879068792,0.14250871095916712,0.16834363468169858
79,Clin + BiomedCLIP,0.1300322596292497,0.16022549757589996,0.13016240905411863,0.1608682763597302
80,Clin + BiomedCLIP,0.21629976841578596,0.22832736474878026,0.21652515111323503,0.22730714000106672
81,Clin + BiomedCLIP,0.12773235770272848,0.14005818044258067,0.12810378134465755,0.1408908478687423
82,Clin + BiomedCLIP,0.1358923935876066,0.14345455000077628,0.1357731786051172,0.1438541897440645
83,Clin + BiomedCLIP,0.2038263186569403,0.20077686950950832,0.2034590666119604,0.20007657324319045
84,Clin + BiomedCLIP,0.20542666644414,0.20753770075932684,0.20544450341421028,0.20711356923287885
85,Clin + BiomedCLIP,0.20878349235790225,0.2283052179353646,0.20896467640248673,0.2274557333392034
86,Clin + BiomedCLIP,0.2056583862513498,0.22497650602671537,0.20522951319207092,0.22428513646556864
87,Clin + BiomedCLIP,0.14451980062276354,0.15350424835795146,0.1447184183371572,0.1544923753454474
88,Clin + BiomedCLIP,0.20829713736622127,0.24081582748920305,0.20844611898871301,0.23979282023964138
89,Clin + BiomedCLIP,0.21395774871196033,0.23514381447388913,0.2139265316728133,0.23407602039148126
90,Clin + BiomedCLIP,0.1398310366865937,0.15576388984557193,0.14082034306779964,0.15666167650806367
91,Clin + BiomedCLIP,0.19599928358713176,0.21812259840012838,0.19618950204275643,0.21736120954348248
92,Clin + BiomedCLIP,0.1988195796160358,0.21465977350291648,0.19912673216643287,0.21440226505919655
93,Clin + BiomedCLIP,0.16321042298360122,0.17234563416212045,0.16257681108865152,0.1730634727524823
94,Clin + BiomedCLIP,0.14008897016084945,0.15390757898608468,0.1406436422183133,0.15466619371048645
95,Clin + BiomedCLIP,0.13425720036494815,0.15919180054397003,0.13400573430327783,0.16028133477954223
96,Clin + BiomedCLIP,0.14175124471639056,0.16751023588483485,0.1419696764180009,0.1678683788077553
97,Clin + BiomedCLIP,0.19020834421460434,0.2259146699775162,0.18983914593973353,0.2253077967724071
98,Clin + BiomedCLIP,0.1291807818198427,0.15456583216914813,0.12883510191233333,0.15492914910661543
99,Clin + BiomedCLIP,0.1289140182080886,0.14170529758597128,0.12965354058188988,0.14251148817337408
100,Clin + BiomedCLIP,0.15258542810690734,0.17044399699964444,0.15213898220860586,0.17082195215421397
101,Clin + BiomedCLIP,0.21657305286204415,0.23204425618233532,0.2166035909819695,0.2310391408791921
102,Clin + BiomedCLIP,0.13928192946548087,0.16453616855846748,0.13901176567887433,0.16528285715201893
103,Clin + BiomedCLIP,0.21509447160584458,0.23661355457314898,0.2149025673793969,0.2359111716776044
104,Clin + BiomedCLIP,0.20847224642448892,0.21978773676411362,0.20889224815988297,0.21961574092914427
105,Clin + BiomedCLIP,0.1309813930472289,0.1643148296646792,0.1309808329794108,0.1652403297548388
106,Clin + BiomedCLIP,0.15188851455489608,0.14694818064217924,0.1525176294698431,0.147674530231352
107,Clin + BiomedCLIP,0.20117724072883716,0.23302755188808688,0.20121630142788996,0.23304410173283577
108,Clin + BiomedCLIP,0.14357585197424852,0.15303171107995767,0.14363533744417173,0.1533456272495079
109,Clin + BiomedCLIP,0.21356604641355276,0.21146136379792846,0.21320125638212356,0.21148251533821635
110,Clin + BiomedCLIP,0.16507906876063777,0.18029359064613806,0.16515460743059196,0.18037242462028222
111,Clin + BiomedCLIP,0.19933979019774203,0.2172453276941652,0.1996104467158132,0.21724993864760836
112,Clin + BiomedCLIP,0.2023226726875944,0.2283844973738146,0.2026721023325007,0.22735329827970094
113,Clin + BiomedCLIP,0.19719931256379641,0.22362054178321894,0.1975934173994921,0.2233784221468005
114,Clin + BiomedCLIP,0.2068026341398303,0.22976123134982251,0.20674599547116737,0.22969761350321
115,Clin + BiomedCLIP,0.1565597675354471,0.16749163287861216,0.15716108568781967,0.16842387120257646
116,Clin + BiomedCLIP,0.14255341984927314,0.15721615518293755,0.1431440492591594,0.1574384993761375
117,Clin + BiomedCLIP,0.124065209419835,0.14808301339915134,0.12413595675768092,0.1486990379320116
118,Clin + BiomedCLIP,0.12889598143389105,0.15653722128582057,0.128888997005532,0.15747137463577293
119,Clin + BiomedCLIP,0.1511674652154488,0.16382311426993387,0.15134121681000748,0.16381511599878584
120,Clin + BiomedCLIP,0.15894298058781706,0.15465811604245072,0.1587521673425044,0.1550154222934222
121,Clin + BiomedCLIP,0.19368116710291822,0.22077604969662776,0.19317718352526203,0.22089000194561734
122,Clin + BiomedCLIP,0.15310639525213324,0.16745295164624519,0.15330409491375108,0.16847785325379933
123,Clin + BiomedCLIP,0.1432649205927621,0.16090654344820457,0.14350684423219917,0.16180664275443957
124,Clin + BiomedCLIP,0.22306354723728963,0.22215292307907467,0.22298986289304892,0.22218857078210674
125,Clin + BiomedCLIP,0.21927854834646654,0.24078282236369886,0.21909132213354954,0.2401088514302757
126,Clin + BiomedCLIP,0.20239990754166445,0.21573180125856814,0.20240314631537829,0.21577801510415473
127,Clin + BiomedCLIP,0.22304369665288576,0.2409708655541323,0.22328740252728332,0.24022203328005323
128,Clin + BiomedCLIP,0.20928746442782828,0.23021115729909009,0.20883479872300595,0.22997770791801364
129,Clin + BiomedCLIP,0.13151342560744175,0.15878707094874153,0.13108078002510226,0.1595070741403907
130,Clin + BiomedCLIP,0.17220130234779704,0.1745594888325145,0.17267879304018852,0.17529796518437699
131,Clin + BiomedCLIP,0.20385962054151358,0.22751553398761762,0.20366885034365986,0.22716845004991768
132,Clin + BiomedCLIP,0.20325545824107197,0.23876773379499538,0.20395408479924204,0.2382484367143674
133,Clin + BiomedCLIP,0.21509936662211168,0.2162154944292158,0.2150484218591594,0.21581550457739493
134,Clin + BiomedCLIP,0.21990485972754983,0.2455601152052013,0.22055455802570534,0.24480766093574516
135,Clin + BiomedCLIP,0.21947417909440567,0.22510181920657757,0.2197564703636287,0.224339610018702
136,Clin + BiomedCLIP,0.13770929541855914,0.15401506925860517,0.13816513171286765,0.15511711113152404
137,Clin + BiomedCLIP,0.19744649591045849,0.22316099329703284,0.19662925848427343,0.22297796375308337
138,Clin + BiomedCLIP,0.14390200288334007,0.15226459890772603,0.1439348531309782,0.15271991946197297
139,Clin + BiomedCLIP,0.1393249820061474,0.16174817807569108,0.13946825148271033,0.16211782263890118
140,Clin + BiomedCLIP,0.19838717993473412,0.2228542572025308,0.19791441370176155,0.22296296522071196
141,Clin + BiomedCLIP,0.2035557569123893,0.2349724933265899,0.20404919862726403,0.23472243367193724
142,Clin + BiomedCLIP,0.14205327525026948,0.13477325380878954,0.14243462744629787,0.1357036982196189
143,Clin + BiomedCLIP,0.2093783526649809,0.20790973647283945,0.20987120967846684,0.20746100512151733
144,Clin + BiomedCLIP,0.22348048671518286,0.2294191447652056,0.22333080843146086,0.22810576275059088
145,Clin + BiomedCLIP,0.14791613012250215,0.16167783406061595,0.14770956778343133,0.16270024396530988
146,Clin + BiomedCLIP,0.13448966551110395,0.1445274955313853,0.1345094977003244,0.1450066612238577
147,Clin + BiomedCLIP,0.1559462887277243,0.17119979231218843,0.1559074562207112,0.17191794538986305
148,Clin + BiomedCLIP,0.21265430891112105,0.2189519267196368,0.21286625564609007,0.21864097843519606
149,Clin + BiomedCLIP,0.14398103852300947,0.1607861295530229,0.14404122949815765,0.1615076268690318
150,Clin + BiomedCLIP,0.15365545152036622,0.1792332725118787,0.15372455947728977,0.17986945002680063
151,Clin + BiomedCLIP,0.14382603527615154,0.15206120037068646,0.14380200885350314,0.15296383093480614
152,Clin + BiomedCLIP,0.15318757648069614,0.14864571287019773,0.1529920776046168,0.14939230029356265
153,Clin + BiomedCLIP,0.14346446187971626,0.1469867168563746,0.14338426203748644,0.14798832516261456
154,Clin + BiomedCLIP,0.23782517198839281,0.23733929248492716,0.23804043764928445,0.23759286485347272
155,Clin + BiomedCLIP,0.14129640118879766,0.1445849890185212,0.1413238168371178,0.1452197701033609
156,Clin + BiomedCLIP,0.1458242532988571,0.1555973196071131,0.14590443734751804,0.15601194571577817
157,Clin + BiomedCLIP,0.15486611029022493,0.16683432187075836,0.1557109823532843,0.16730694199693097
158,Clin + BiomedCLIP,0.20013349278199902,0.21700420750895952,0.2002923411992382,0.21717462757378084
159,Clin + BiomedCLIP,0.15583515749807564,0.16941054222810487,0.15624838514414358,0.16931888163637804
160,Clin + BiomedCLIP,0.15123998807605862,0.15887137520106073,0.15167693209161018,0.15945650713863593
161,Clin + BiomedCLIP,0.16199855620753464,0.1707956702823337,0.16251579211542924,0.17079736752928315
162,Clin + BiomedCLIP,0.1407385112102688,0.1616426536966324,0.1409111998914787,0.1623913451983975
163,Clin + BiomedCLIP,0.20318082295939321,0.2276924663619096,0.20367786692454082,0.2273457840691176
164,Clin + BiomedCLIP,0.1294246402053653,0.15829202350913413,0.12897383115592087,0.15892500437614934
165,Clin + BiomedCLIP,0.19927941589094425,0.21217382800099083,0.1985966822713989,0.21224170238124357
166,Clin + BiomedCLIP,0.1487995218805652,0.16566338631870858,0.1493221776441157,0.16580047285165603
167,Clin + BiomedCLIP,0.20625257021275628,0.2414671555446752,0.2066382732974463,0.24077007817289733
168,Clin + BiomedCLIP,0.20267419670810194,0.21956817534836576,0.20405421128866671,0.21852711820400225
169,Clin + BiomedCLIP,0.13576246458133487,0.1581061673214492,0.1353192584989476,0.15837169318598138
170,Clin + BiomedCLIP,0.23031368463415924,0.2511028297099789,0.23027511794554817,0.24997222572583472
171,Clin + BiomedCLIP,0.20578728395531226,0.22424952161265885,0.20540705169654275,0.22425457748299352
172,Clin + BiomedCLIP,0.14855775164470916,0.15848212465911887,0.1482754604191007,0.15982766487263644
173,Clin + BiomedCLIP,0.21069686155254358,0.2366712477171903,0.21092277663415726,0.23574807862466413
174,Clin + BiomedCLIP,0.22225005250451071,0.2443831819490538,0.22241745930924875,0.2441370368143935
175,Clin + BiomedCLIP,0.1444313895673398,0.13412496748449293,0.1442658661762163,0.13524798740199592
176,Clin + BiomedCLIP,0.141013373014721,0.16766411501097017,0.14122875044722638,0.16809215900587912
177,Clin + BiomedCLIP,0.22718473495123967,0.23851810627501854,0.2268049211243721,0.23887080263510574
178,Clin + BiomedCLIP,0.21375261094716236,0.22701783656844657,0.21371934500641074,0.22676351905752234
179,Clin + BiomedCLIP,0.2145083690372248,0.2326982152983814,0.2145723403074493,0.23202406439652462
180,Clin + BiomedCLIP,0.14155199413783068,0.17131436810765946,0.1421315885808729,0.17204508447551464
181,Clin + BiomedCLIP,0.2026815105081351,0.21048670491337673,0.20279755217142248,0.21022754581619446
182,Clin + BiomedCLIP,0.12346535563534172,0.15532326163090976,0.12383324277675775,0.15639053740876513
183,Clin + BiomedCLIP,0.12867470152062604,0.15228997985383774,0.12913205650582363,0.15293408097729197
184,Clin + BiomedCLIP,0.2283966416592607,0.24554302789288376,0.22813708187231463,0.24490418703177433
185,Clin + BiomedCLIP,0.21042624738603816,0.22449526290502034,0.21037745914477649,0.22319428544012931
186,Clin + BiomedCLIP,0.20037864818630374,0.2226854869892604,0.2004338019327614,0.22241508658815196
187,Clin + BiomedCLIP,0.2180189865441472,0.22946166133085566,0.21734650283502213,0.22885258628527363
188,Clin + BiomedCLIP,0.14580114575512979,0.15000396077314496,0.14608719157090455,0.15025387517589725
189,Clin + BiomedCLIP,0.20906585129090882,0.233212806826029,0.2089092373000764,0.23252868216683062
190,Clin + BiomedCLIP,0.13531737784645598,0.15920697563365677,0.13586490181527502,0.15950157569582818
191,Clin + BiomedCLIP,0.22118191117811828,0.23349687289273002,0.22128325024375584,0.23309470327405102
192,Clin + BiomedCLIP,0.14033119629817056,0.14981058532290054,0.14007400014590962,0.1505377862878326
193,Clin + BiomedCLIP,0.15529887848225515,0.16457247427893118,0.15471170199302292,0.16512836791243596
194,Clin + BiomedCLIP,0.22391068787944862,0.23140568463612476,0.22410254301445798,0.2302415795483103
195,Clin + BiomedCLIP,0.20918263686653918,0.22335570137915764,0.20936709621557895,0.2224266012712255
196,Clin + BiomedCLIP,0.1982358222683295,0.22376574677339303,0.1975878683372218,0.22342234978671213
197,Clin + BiomedCLIP,0.14439587956590952,0.16871358761137686,0.14457804698070598,0.16953805396562263
198,Clin + BiomedCLIP,0.14205987938254402,0.15310719607701398,0.14179728220297727,0.1528217587119058
199,Clin + BiomedCLIP,0.13206892799124548,0.15063049182416455,0.13233052247441954,0.15163458665229365
200,Clin + BiomedCLIP,0.20574323779437603,0.21913062009771542,0.206021486906004,0.21922146976070472
201,Clin + BiomedCLIP,0.12281829985202053,0.14948863871102555,0.12349957220205299,0.14970782815336983
202,Clin + BiomedCLIP,0.14056676494217643,0.15016537545366818,0.1407352963454574,0.15129330372096922
203,Clin + BiomedCLIP,0.1410235833038432,0.15140090615858406,0.14164935022586006,0.15169582290294212
204,Clin + BiomedCLIP,0.13438454056725094,0.16002112432255744,0.13410696985686432,0.1608774144181098
205,Clin + BiomedCLIP,0.2034342565292569,0.20520097005546598,0.20363035372531826,0.20482011370622114
206,Clin + BiomedCLIP,0.20060425759867265,0.22239328802900835,0.20100976454680777,0.22152778618525595
207,Clin + BiomedCLIP,0.20218289093117411,0.2378321443806115,0.2021404226422037,0.23781341166734157
208,Clin + BiomedCLIP,0.15985259562005566,0.15831303043291078,0.16036904460897886,0.1584853655501262
209,Clin + BiomedCLIP,0.14906770147788156,0.15822757546236896,0.14921123911908954,0.1588395668842946
210,Clin + BiomedCLIP,0.14213647774010013,0.16226662252874452,0.14232813675446904,0.1634329820614646
211,Clin + BiomedCLIP,0.1318760572844872,0.1743236438719819,0.13274277605467563,0.17516844764467354
212,Clin + BiomedCLIP,0.2154253743446848,0.22543655973673418,0.21536162702577924,0.22520685574880012
213,Clin + BiomedCLIP,0.20332149282575981,0.2242534662770707,0.20340320934208803,0.22388846534224388
214,Clin + BiomedCLIP,0.13747234077907988,0.15960292585852043,0.13788220867963408,0.16020279641937762
215,Clin + BiomedCLIP,0.14995969267147266,0.1600981670750477,0.14981065026249368,0.160527693233257
216,Clin + BiomedCLIP,0.14705534604636286,0.15303503735610957,0.1472927117802033,0.1536582361423795
217,Clin + BiomedCLIP,0.19640203110274448,0.20488771582788531,0.19622982175713702,0.20451472973387844
218,Clin + BiomedCLIP,0.14316657181342088,0.15611195063571018,0.14335313911466202,0.15683146057884417
219,Clin + BiomedCLIP,0.2093865879720579,0.22554074529816182,0.2098961308044972,0.225400024772303
220,Clin + BiomedCLIP,0.21477481373367263,0.21802565076053249,0.21475991884701837,0.21733267279667498
221,Clin + BiomedCLIP,0.21869157859822635,0.23435707895049493,0.21891139124204673,0.23291019414013464
222,Clin + BiomedCLIP,0.21203370720022927,0.22938210175704163,0.21181917018026808,0.22912285989656553
223,Clin + BiomedCLIP,0.14032325219723268,0.1471270312909284,0.14025463842163483,0.14783395860562393
224,Clin + BiomedCLIP,0.20644506866444626,0.2122731368459909,0.20640882999334786,0.21191067779300737
225,Clin + BiomedCLIP,0.20711452882182343,0.23153710515667286,0.20705871279696023,0.23127822448787522
226,Clin + BiomedCLIP,0.18820484636571222,0.23190332082035284,0.18834132764497688,0.23155409338974173
227,Clin + BiomedCLIP,0.22179964035131614,0.21660845374545926,0.22128561055525078,0.21585415687378276
228,Clin + BiomedCLIP,0.21699426421324303,0.24338405163613905,0.21705201544662223,0.24269529881980384
229,Clin + BiomedCLIP,0.2037951664571198,0.2392368820146838,0.20400494092156915,0.23853729700656176
230,Clin + BiomedCLIP,0.12372262245408137,0.15381840091459872,0.12393858814544553,0.15461359874652256
231,Clin + BiomedCLIP,0.2157970066534154,0.2325374614944194,0.21514000699682156,0.23130671341236161
232,Clin + BiomedCLIP,0.13287868563563676,0.1501180719661871,0.13227310805121306,0.15039282999497458
233,Clin + BiomedCLIP,0.14033637227627535,0.14984283608719923,0.14080672806943503,0.1502623111757369
234,Clin + BiomedCLIP,0.13952946748431697,0.1483725900927714,0.13889561550822244,0.1485490602451438
235,Clin + BiomedCLIP,0.2062110577069386,0.21243375568744188,0.20664997273983216,0.21164535322556768
236,Clin + BiomedCLIP,0.13823235427623193,0.15563314610699866,0.13783830206377637,0.15687850079493942
237,Clin + BiomedCLIP,0.1831424839760694,0.20042491329297377,0.1827435521923467,0.20016727814632188
238,Clin + BiomedCLIP,0.20243782340635735,0.25652109675168294,0.2029089195885403,0.2562594647361927
239,Clin + BiomedCLIP,0.1868538119199974,0.19986086391407284,0.1863438237706343,0.19944898610782233
240,Clin + BiomedCLIP,0.14381748391415436,0.150785247177696,0.14316469673336182,0.15048728914150356
241,Clin + BiomedCLIP,0.13526254883291872,0.15217676021040713,0.13477486679074988,0.1524424334190987
242,Clin + BiomedCLIP,0.14520684019535396,0.16713205820568477,0.14516763633397545,0.16732207940112803
243,Clin + BiomedCLIP,0.14583050826399588,0.14843349886598284,0.14612053838718986,0.1494231782711015
244,Clin + BiomedCLIP,0.12988712126705862,0.15638122877607452,0.13031747223313253,0.15717112346053635
245,Clin + BiomedCLIP,0.18943482723921384,0.22710110096069452,0.19046217596521384,0.22581291570867387
246,Clin + BiomedCLIP,0.21267198726378087,0.22869558490310737,0.21309098716276684,0.22843647346662613
247,Clin + BiomedCLIP,0.1987726407002656,0.23890261245542876,0.19959511858690726,0.2389096935205728
248,Clin + BiomedCLIP,0.20862888354508557,0.22442292736555053,0.20817042754807885,0.22427095231366312
249,Clin + BiomedCLIP,0.20136914436918432,0.2255300983019643,0.20100330972120098,0.22532519955489985
250,Clin + BiomedCLIP,0.14982593454731544,0.16738888062461418,0.14953349064386973,0.16698689074572792
251,Clin + BiomedCLIP,0.13766108033054397,0.1715815739701461,0.13788365663387997,0.17186928195819726
252,Clin + BiomedCLIP,0.14177827363743847,0.14446786990339405,0.1427909598902413,0.14490550577180972
253,Clin + BiomedCLIP,0.12857496621905778,0.13840428184025144,0.12799385322805784,0.1394783153960135
254,Clin + BiomedCLIP,0.15331015955796787,0.16592377305534464,0.15417107143491512,0.166137239214483
255,Clin + BiomedCLIP,0.22396380822974338,0.24407173037925578,0.2241277788037777,0.24312900720392705
256,Clin + BiomedCLIP,0.13398436151601759,0.16810706656514482,0.13411247146556576,0.16816612132806788
257,Clin + BiomedCLIP,0.2124878208730408,0.23815430265719364,0.21232241782699007,0.2368396033101945
258,Clin + BiomedCLIP,0.1516861332809277,0.16794148161291586,0.15228084530777983,0.16881286938840773
259,Clin + BiomedCLIP,0.1513330670478093,0.16042549378588578,0.1518092648552272,0.16046356808838194
260,Clin + BiomedCLIP,0.22167036291818817,0.22417579584320754,0.2218475086621603,0.22433718617389162
261,Clin + BiomedCLIP,0.14295868485445784,0.15462573614781097,0.14309259373325112,0.1552483821453947
262,Clin + BiomedCLIP,0.20460200233052092,0.23080562090676968,0.20540605403550935,0.2304922366229031
263,Clin + BiomedCLIP,0.1993466953847664,0.21315547073921806,0.2001938909041813,0.21240857558350026
264,Clin + BiomedCLIP,0.20665789639053042,0.22631723642914575,0.2060110877519976,0.22614239977372375
265,Clin + BiomedCLIP,0.21883670561921942,0.2418119839627537,0.21881276719936252,0.24115429969803506
266,Clin + BiomedCLIP,0.15334230254246514,0.1581542705667212,0.15331196056650923,0.15849053464526514
267,Clin + BiomedCLIP,0.22036065837982252,0.22377544640826455,0.22054237471172472,0.22380851313706873
268,Clin + BiomedCLIP,0.15199138239772256,0.1577826300707054,0.15202399403830072,0.15805858168108394
269,Clin + BiomedCLIP,0.14441690072152627,0.15446511805938706,0.14455186435937636,0.15517991128009684
270,Clin + BiomedCLIP,0.1439803676491047,0.17593115109610144,0.14415984128896095,0.17602182849279363
271,Clin + BiomedCLIP,0.1348292836149531,0.15373557244883584,0.1349692520546677,0.15454648186294279
272,Clin + BiomedCLIP,0.14766366960867092,0.16106163481700816,0.1478839687794133,0.1611607554674376
273,Clin + BiomedCLIP,0.13000863905350063,0.16098424434990635,0.1294714238171103,0.16076215125221316
274,Clin + BiomedCLIP,0.13826585078184087,0.15524585385768017,0.1381930917013152,0.15557514008220225
275,Clin + BiomedCLIP,0.15317192364134138,0.15814516223933248,0.15367577751897765,0.15809076922889256
276,Clin + BiomedCLIP,0.19937387135885382,0.22702015417939345,0.1998483473061615,0.22710757693316225
277,Clin + BiomedCLIP,0.2043739713383701,0.23126137141882835,0.20467763771309436,0.23103055238152145
278,Clin + BiomedCLIP,0.1356565970865044,0.15036650515100455,0.13685058214790002,0.15051537728036918
279,Clin + BiomedCLIP,0.20224698364303986,0.20738744518719288,0.2022419928432228,0.20743592067020622
280,Clin + BiomedCLIP,0.20991874714539827,0.23252070477803335,0.2100012774330263,0.23253100961974885
281,Clin + BiomedCLIP,0.127759984026954,0.1396887640891641,0.12788798945443058,0.1406140785844657
282,Clin + BiomedCLIP,0.21959112690549307,0.24233447169601097,0.21984316041005023,0.24095594051764435
283,Clin + BiomedCLIP,0.2249198483917231,0.2258522663824915,0.22490140922895185,0.22480822555590899
284,Clin + BiomedCLIP,0.14370639662819062,0.1648598311426932,0.14441248541719157,0.16599147874874165
285,Clin + BiomedCLIP,0.21157856318721066,0.23857535833017196,0.21135168818179279,0.23824980010782892
286,Clin + BiomedCLIP,0.22608412235342906,0.2419187018020677,0.22659985871146615,0.24149115069369634
287,Clin + BiomedCLIP,0.21360512814396015,0.24435817929428244,0.21371155950887552,0.24420508030119314
288,Clin + BiomedCLIP,0.21248178658708006,0.21230828570962493,0.21267695991465327,0.21229530706571115
289,Clin + BiomedCLIP,0.14353646180647847,0.15499197496959882,0.14376008925889452,0.15543795843384184
290,Clin + BiomedCLIP,0.14538791040657023,0.16264780809417856,0.14564137066368552,0.16369241851779273
291,Clin + BiomedCLIP,0.20674140230713578,0.22134307340270676,0.20656518939472826,0.2200317293656212
292,Clin + BiomedCLIP,0.14857934162548248,0.12941908824820006,0.14814429209797655,0.12974704954747562
293,Clin + BiomedCLIP,0.14009437817122886,0.14631413973159285,0.1401041237946016,0.1466905826873159
294,Clin + BiomedCLIP,0.14077000538675313,0.17409837604839126,0.14094110155714745,0.17472010364816493
295,Clin + BiomedCLIP,0.19398415709292094,0.20523060872678847,0.19423584497939944,0.205209737835114
296,Clin + BiomedCLIP,0.19030204396330785,0.22354644598700535,0.19050268170643603,0.22291204573137596
297,Clin + BiomedCLIP,0.2093998221196994,0.22995876651805958,0.21022776172372207,0.22989240231167532
298,Clin + BiomedCLIP,0.21089450409787322,0.22738273556802885,0.2112509672843772,0.2270663981600178
299,Clin + BiomedCLIP,0.21435866500950418,0.22984678203650907,0.21464734552380946,0.2287650394278377
300,Clin + BiomedCLIP,0.20409072420059687,0.24163867104318862,0.20416559701463946,0.24156712563390295
301,Clin + BiomedCLIP,0.13677428520911808,0.1538419450082385,0.13648712723196435,0.15492564881767082
302,Clin + BiomedCLIP,0.13485243812865885,0.1550232896364211,0.13552764549784654,0.15479682569919062
303,Clin + BiomedCLIP,0.14571002405047348,0.15792548337397397,0.14525495203970995,0.15840282093711824
304,Clin + BiomedCLIP,0.20585881618879814,0.24000021183138626,0.20667143144982555,0.23976764008108506
305,Clin + BiomedCLIP,0.12284533529819773,0.15939936374549069,0.1221239776156484,0.16046901200509234
306,Clin + BiomedCLIP,0.19794570102111644,0.2158620925140493,0.19808202973874375,0.21588744799010703
307,Clin + BiomedCLIP,0.1490441039239702,0.15139739564408175,0.1491004458217349,0.15132871504418896
308,Clin + BiomedCLIP,0.21053364501986313,0.21731216626289576,0.21027285585418437,0.21707877326708294
309,Clin + BiomedCLIP,0.1406626619863351,0.13489915846323355,0.14094285443801174,0.13556389981984462
310,Clin + BiomedCLIP,0.15089199280644758,0.1434824311659489,0.15134492040895647,0.14410332511480203
311,Clin + BiomedCLIP,0.1434254866489993,0.15031358171671536,0.1435094149080189,0.150023753310516
312,Clin + BiomedCLIP,0.1879063250367067,0.2208592354706774,0.18759314815074687,0.220656710016762
313,Clin + BiomedCLIP,0.13927690809548673,0.16082538005579736,0.13934205105270397,0.16079123403140755
314,Clin + BiomedCLIP,0.11615247681492825,0.13714749401603846,0.11606563301646268,0.13758500731428572
315,Clin + BiomedCLIP,0.14817489669296155,0.1631248835332164,0.14833244141754434,0.1636775406082731
316,Clin + BiomedCLIP,0.22415371585130942,0.23818657704789575,0.22487266834896874,0.23669535523583443
317,Clin + BiomedCLIP,0.2039517864725916,0.23558906345952185,0.20436430184135498,0.23537702303255686
318,Clin + BiomedCLIP,0.13771923902774352,0.1537072678013278,0.13772912860375724,0.1544627968283653
319,Clin + BiomedCLIP,0.15435620090468524,0.16219825271511318,0.15461843276915266,0.16294131272026943
320,Clin + BiomedCLIP,0.1324449880978648,0.15857444838038104,0.1326562469426386,0.15827897458757328
321,Clin + BiomedCLIP,0.15056532515217713,0.16090918323712536,0.15051916841965973,0.16122877058735774
322,Clin + BiomedCLIP,0.2231294159854599,0.22238081667432572,0.22350282897584126,0.22151258178794314
323,Clin + BiomedCLIP,0.23613046533347137,0.24844991108496875,0.2363653816881473,0.24822212857753445
324,Clin + BiomedCLIP,0.22360369493223045,0.24274260858036456,0.22365905942608713,0.24198990500613965
325,Clin + BiomedCLIP,0.13996881977822845,0.1511619203396683,0.14010248965125974,0.15218814375700626
326,Clin + BiomedCLIP,0.14259389375300222,0.1710069336998494,0.1435495194824028,0.17192430099865774
327,Clin + BiomedCLIP,0.2137587104796247,0.22640070342558752,0.213963850281223,0.22589472659817464
328,Clin + BiomedCLIP,0.2052412994349794,0.2171811585885737,0.20495618140674815,0.21690500990451478
329,Clin + BiomedCLIP,0.21628044744866365,0.24072278650209727,0.21601088320516723,0.24078674558355007
330,Clin + BiomedCLIP,0.14318269211290033,0.16921082580087557,0.14401234453386427,0.16898716526681357
331,Clin + BiomedCLIP,0.14053530089398722,0.15363514329444844,0.14029201706204172,0.15387702561685596
332,Clin + BiomedCLIP,0.15313993214526814,0.17346144790873147,0.15334231269280382,0.17368046440621285
333,Clin + BiomedCLIP,0.12909710330416355,0.14272583076041026,0.1288645925894952,0.14362701602308187
334,Clin + BiomedCLIP,0.1447631888671795,0.17022651797429195,0.144801941826679,0.1705680566114062
335,Clin + BiomedCLIP,0.20754313329652585,0.24864661196858984,0.20755141755156442,0.24789878056194545
336,Clin + BiomedCLIP,0.2009137147272121,0.22722833446699914,0.20152511009521573,0.22687260950064173
337,Clin + BiomedCLIP,0.13939705359348284,0.1640836631793429,0.1397818690849634,0.16489822023661985
338,Clin + BiomedCLIP,0.13254140938273004,0.1683156829910475,0.13325606254869862,0.16852632687397195
339,Clin + BiomedCLIP,0.1435367992373643,0.13999317035071773,0.14379578519541,0.14046059179528242
340,Clin + BiomedCLIP,0.14359082290088182,0.14429783997401135,0.1439730092295359,0.145382227016806
341,Clin + BiomedCLIP,0.21276629431778057,0.23666105706386065,0.21312835799999602,0.23625112686469663
342,Clin + BiomedCLIP,0.14452234691250213,0.16822089681657365,0.14476330409530444,0.16906675781486036
343,Clin + BiomedCLIP,0.14656192821538575,0.17591047791264144,0.1467777210973594,0.17647557839881373
344,Clin + BiomedCLIP,0.1359192313212677,0.1546082943592956,0.1361764218026389,0.15457157796364335
345,Clin + BiomedCLIP,0.13578592929285863,0.15336454987505593,0.13604929215349,0.15411767833004572
346,Clin + BiomedCLIP,0.14058839763107148,0.14926926398558005,0.14139870758698117,0.14886107925015143
347,Clin + BiomedCLIP,0.19429449225461204,0.2323975886685851,0.1951438902409567,0.2323133375358014
348,Clin + BiomedCLIP,0.2004934319579581,0.22602565830957985,0.2005032408206767,0.22577531342489512
349,Clin + BiomedCLIP,0.21395170683019457,0.24662338448895268,0.21480149640741011,0.24624408033195047
350,Clin + BiomedCLIP,0.14996043490251768,0.15013372923625043,0.14959246455182498,0.15135603480810117
351,Clin + BiomedCLIP,0.1308626902070031,0.1612819220424871,0.13100168135257093,0.1619299480946638
352,Clin + BiomedCLIP,0.13719766019574448,0.149616017990755,0.13750844121448363,0.14989576903344984
353,Clin + BiomedCLIP,0.1460167059913135,0.1650796432869884,0.14601755103067954,0.16505292393719748
354,Clin + BiomedCLIP,0.14221907977565598,0.1711237609602293,0.14243601524087304,0.171539859778163
355,Clin + BiomedCLIP,0.1423908159183815,0.1462823251530536,0.142261842198889,0.14663355759065302
356,Clin + BiomedCLIP,0.20098000362415872,0.2110909481587579,0.2011966925253659,0.21075493061569314
357,Clin + BiomedCLIP,0.1369671807903567,0.1436175550982368,0.13667540437507145,0.14462285364810784
358,Clin + BiomedCLIP,0.1262666631803937,0.16010408295850748,0.12693320236274042,0.16006678446019043
359,Clin + BiomedCLIP,0.197971420889358,0.22290134345773388,0.19819287914155828,0.2221610358739606
360,Clin + BiomedCLIP,0.15730322826019866,0.15805617926508195,0.15753106794826358,0.15826495335854968
361,Clin + BiomedCLIP,0.1619570170213164,0.16391366306448638,0.16175264754252083,0.16417814449469437
362,Clin + BiomedCLIP,0.1399051896004156,0.14791371679926105,0.14004833941329242,0.14852683847247042
363,Clin + BiomedCLIP,0.1373648943514772,0.15863191867297202,0.1367484646435665,0.1587796919152149
364,Clin + BiomedCLIP,0.18727880924441936,0.22017472873010946,0.18786101402312644,0.21997489013285187
365,Clin + BiomedCLIP,0.19944644670041226,0.23087933910314468,0.1994590322125065,0.23058054474526207
366,Clin + BiomedCLIP,0.1659307006565895,0.1584528683395469,0.1659614486595499,0.15970524461457558
367,Clin + BiomedCLIP,0.14324790208819918,0.16116077706486565,0.1432655048561872,0.1611205593271347
368,Clin + BiomedCLIP,0.13998171431188813,0.1642276872628979,0.14027062259235873,0.1648832537769512
369,Clin + BiomedCLIP,0.15129787955374288,0.14904020648143118,0.1506326469786175,0.1493523467648441
370,Clin + BiomedCLIP,0.19890502923356304,0.22646367576102722,0.19932759264365946,0.22589060998519964
1,Clin + RAD-DINO,0.23674917632181644,0.22628568344581437,0.23602897209816057,0.2251749836780506
2,Clin + RAD-DINO,0.23094525380630967,0.20563149266646633,0.23212831973554834,0.20568872431750904
3,Clin + RAD-DINO,0.1413687826744801,0.12117712700371473,0.14150805839696173,0.12143028587635829
4,Clin + RAD-DINO,0.12748049664816058,0.11968734560061084,0.12715164887882965,0.11953408108921817
5,Clin + RAD-DINO,0.16265842957586488,0.1198952682159857,0.16280943592844463,0.12044524598165623
6,Clin + RAD-DINO,0.23017916884858203,0.212795268108104,0.22957915053135353,0.2117643130846477
7,Clin + RAD-DINO,0.22331386280510762,0.2113915891859252,0.22255785088452149,0.21097483917561163
8,Clin + RAD-DINO,0.15665796318682731,0.14249670327422695,0.15675848942136847,0.14157203436079005
9,Clin + RAD-DINO,0.15674090440844318,0.13624663040050686,0.15715126900052143,0.13632851211674282
10,Clin + RAD-DINO,0.2053579792473709,0.20804311171757256,0.2050499011463305,0.2085992617359377
11,Clin + RAD-DINO,0.13544897902267916,0.14195043141441543,0.13645797293434528,0.14098303806844562
12,Clin + RAD-DINO,0.2117114900951439,0.2114310964961512,0.21169691575222913,0.21192338461483182
13,Clin + RAD-DINO,0.14486464500889545,0.1380611081577108,0.14557829383696572,0.13807775774310993
14,Clin + RAD-DINO,0.14448973102130813,0.12971622528690166,0.1455475349930605,0.1291476344182836
15,Clin + RAD-DINO,0.21277586496242246,0.21839762915734975,0.2129222517261499,0.21870661259039986
16,Clin + RAD-DINO,0.15716667951382196,0.1287878082428799,0.15688387870288592,0.12875403171556996
17,Clin + RAD-DINO,0.20817061775071252,0.19805924001388922,0.2085777372903375,0.19803967539280004
18,Clin + RAD-DINO,0.15407823032347376,0.12844464662287922,0.15520556636640223,0.12953585261254233
19,Clin + RAD-DINO,0.15116521936128335,0.1429816634382702,0.15154687678294868,0.1444370358092353
20,Clin + RAD-DINO,0.21812916640247854,0.21584574649783478,0.21737823859692507,0.21623565166796427
21,Clin + RAD-DINO,0.12846151851546153,0.11571489334981742,0.1291589057515442,0.11598049600266894
22,Clin + RAD-DINO,0.13252082103816845,0.11892739046027204,0.13237268694466797,0.11887248729931732
23,Clin + RAD-DINO,0.20878308172697235,0.2082342164053861,0.20882577182555723,0.2095222352917352
24,Clin + RAD-DINO,0.15013487907983059,0.13241098331799525,0.15028843118183566,0.13149480669806415
25,Clin + RAD-DINO,0.20498396904222393,0.19979788200647847,0.20494301550779137,0.2006239271932185
26,Clin + RAD-DINO,0.22159326468364396,0.2010660471925327,0.2218036626291322,0.2024827155695372
27,Clin + RAD-DINO,0.14563297411431053,0.13138087389950998,0.14451344359541446,0.13173308298594627
28,Clin + RAD-DINO,0.2252817257906584,0.2092113389572423,0.22453492669027872,0.2083949501970535
29,Clin + RAD-DINO,0.1423541644495569,0.1365900297897273,0.14145792696574647,0.13651844166724877
30,Clin + RAD-DINO,0.21524789177481,0.20334370118208683,0.21546107140852053,0.2035501217763965
31,Clin + RAD-DINO,0.21064080024084275,0.18584962608267855,0.2111120627030234,0.18626976448510751
32,Clin + RAD-DINO,0.21776158114737199,0.2054460013805895,0.21819185152766193,0.20460643772911666
33,Clin + RAD-DINO,0.20028499858418503,0.2094883028474541,0.19945084380786202,0.20984894239300994
34,Clin + RAD-DINO,0.17027710840406116,0.13403499051410164,0.17064541747392487,0.13440204978480547
35,Clin + RAD-DINO,0.14194359362301587,0.10888457641649765,0.14292765331126514,0.10810169238985694
36,Clin + RAD-DINO,0.15554259222633407,0.12615542737203173,0.15597522698754313,0.1270937669223155
37,Clin + RAD-DINO,0.21609300155321218,0.21073748902279052,0.21761764787014892,0.21089697152274203
38,Clin + RAD-DINO,0.12246313660487222,0.11705908339812389,0.12291077378448695,0.11733154574718825
39,Clin + RAD-DINO,0.1686961600789975,0.1558487487763506,0.16978779185895504,0.15495069225000402
40,Clin + RAD-DINO,0.14387123986135295,0.1404433802211266,0.14398268782997437,0.1407931053842645
41,Clin + RAD-DINO,0.14979198360819754,0.13540370522083883,0.14906346568439688,0.13512407021663692
42,Clin + RAD-DINO,0.12344893531205353,0.11048514538882474,0.12351582783517512,0.11035387423960004
43,Clin + RAD-DINO,0.1398189757568241,0.11667717768310039,0.14111645647892032,0.11658848265465659
44,Clin + RAD-DINO,0.22344659027942967,0.21677429554661437,0.22357602480961086,0.2170964175815437
45,Clin + RAD-DINO,0.14722175052347866,0.13620367845961978,0.14737232993489216,0.1361331225973171
46,Clin + RAD-DINO,0.2096935286500554,0.20663124740488917,0.20931447798386046,0.20691357043819866
47,Clin + RAD-DINO,0.21213620220623922,0.19695252367185223,0.21286887492538947,0.19645357530734792
48,Clin + RAD-DINO,0.14029344440865119,0.1258655702681273,0.1409362900258388,0.1258675997976755
49,Clin + RAD-DINO,0.1451080019334376,0.1326979551613362,0.14485007104348113,0.13267569180259267
50,Clin + RAD-DINO,0.14495565502729582,0.13767598442686432,0.14537308642392807,0.13675629842591774
51,Clin + RAD-DINO,0.20739975910747033,0.20877323143363016,0.20758558036750016,0.20926165543191141
52,Clin + RAD-DINO,0.15247111680728964,0.13829169361820354,0.15239359090351468,0.13738049255708856
53,Clin + RAD-DINO,0.22281431025410103,0.22404790469696717,0.22204287494696362,0.22399115142138637
54,Clin + RAD-DINO,0.15112913370573075,0.14230800776435198,0.15125110587070392,0.14277211567410986
55,Clin + RAD-DINO,0.14181120174049613,0.12728412427944802,0.1419513291079219,0.1271955214822133
56,Clin + RAD-DINO,0.1556177173823066,0.14404794782309724,0.1555016859588637,0.14434178019845084
57,Clin + RAD-DINO,0.2088672702516947,0.21972096022373924,0.20925831940371153,0.21980062095563183
58,Clin + RAD-DINO,0.21426230216793699,0.20297375867505119,0.2133545253874102,0.20301115344497603
59,Clin + RAD-DINO,0.2119960675273386,0.21462694124945922,0.21218659878942936,0.2144946104346303
60,Clin + RAD-DINO,0.2174920398985411,0.23025325771047098,0.21730207077456973,0.23076739695110676
61,Clin + RAD-DINO,0.22105016182045117,0.2033689356563441,0.22074817622322154,0.2034405971106111
62,Clin + RAD-DINO,0.20481311485848708,0.20933772145586665,0.20435106068771533,0.20984335217044708
63,Clin + RAD-DINO,0.2160502040298211,0.2193397231337595,0.21646674155637338,0.21945357311020214
64,Clin + RAD-DINO,0.16366491284463233,0.12288493216938899,0.16248444669177192,0.12268733108446439
65,Clin + RAD-DINO,0.14325704218500893,0.11435912474277717,0.14295965721518433,0.11409450277316094
66,Clin + RAD-DINO,0.13169279651680008,0.11213782194386698,0.13318944058503926,0.11227184883451755
67,Clin + RAD-DINO,0.1525284231663811,0.13504528505923916,0.15289864066434622,0.13510750563111107
68,Clin + RAD-DINO,0.14221867602914215,0.1338639347737539,0.1415929350158451,0.13389611971223506
69,Clin + RAD-DINO,0.20433243309603027,0.19899600697309605,0.20495551191869443,0.19787863843540812
70,Clin + RAD-DINO,0.12975037097848185,0.12352282618974522,0.13004271417599308,0.12237017111935414
71,Clin + RAD-DINO,0.2012579639080359,0.20487112836857724,0.2017134880746539,0.20538590903173554
72,Clin + RAD-DINO,0.21923228336312692,0.22116379697313804,0.21929213568213504,0.22128096014357443
73,Clin + RAD-DINO,0.19293886570486868,0.1782077468183042,0.1939952730703516,0.17869166969096142
74,Clin + RAD-DINO,0.20426891423198937,0.21218597015574805,0.20447260705187706,0.21387001679118106
75,Clin + RAD-DINO,0.14538774290272732,0.11512066780796307,0.1448030862750222,0.11550276112957801
76,Clin + RAD-DINO,0.2097984359632755,0.20654902583276355,0.21049860411493204,0.20700532078070016
77,Clin + RAD-DINO,0.1285415226973519,0.14262781561871554,0.12738218075800092,0.14371609861664422
78,Clin + RAD-DINO,0.158534343814667,0.14299363205807453,0.15824040486183574,0.14208181238002351
79,Clin + RAD-DINO,0.17052953057857023,0.12470663450273074,0.17070160614985191,0.12357978453198758
80,Clin + RAD-DINO,0.2257497645752912,0.20780838478829636,0.22664944914838378,0.20945407718450182
81,Clin + RAD-DINO,0.1448443929862866,0.14001447621246918,0.14470216740259634,0.13913715192353282
82,Clin + RAD-DINO,0.151658984667691,0.11486284539659496,0.15183578580984713,0.11514180773571807
83,Clin + RAD-DINO,0.21014269503512054,0.21146229377929154,0.21092484968659111,0.2116931856283634
84,Clin + RAD-DINO,0.23584286279467623,0.22071689976044315,0.2355702691449648,0.2210206300604161
85,Clin + RAD-DINO,0.21683023605822357,0.20791693018522026,0.21705068961506427,0.20699623071614406
86,Clin + RAD-DINO,0.20995844174923972,0.203876506210131,0.21059812444718345,0.20469077286902773
87,Clin + RAD-DINO,0.16081352017527903,0.15239344121143314,0.1618661911143529,0.15154566550449022
88,Clin + RAD-DINO,0.20604943868212894,0.19746152620122934,0.2057497582861953,0.19746707334995947
89,Clin + RAD-DINO,0.1995284551578413,0.18602772648549526,0.2001756210612809,0.18643615738007616
90,Clin + RAD-DINO,0.14610567240095054,0.13006085769206735,0.1457859020929072,0.12988173663444313
91,Clin + RAD-DINO,0.20957156447112743,0.20608908377563823,0.20934568551435048,0.20649887815358384
92,Clin + RAD-DINO,0.22217511830727038,0.22674780587313267,0.22131074722811125,0.22759650649177146
93,Clin + RAD-DINO,0.15748117365247785,0.12821009729574404,0.15853468565437795,0.12749497547923985
94,Clin + RAD-DINO,0.15341857715504015,0.1391519518750275,0.15397347848416068,0.13910381771749714
95,Clin + RAD-DINO,0.14322713934268905,0.12563307800671833,0.14165850957207263,0.12545631992514258
96,Clin + RAD-DINO,0.14829022684179938,0.12408932469819195,0.14806488718326788,0.1250732284931126
97,Clin + RAD-DINO,0.22788788842977928,0.20966463563531776,0.22833619571018768,0.20883625283029122
98,Clin + RAD-DINO,0.14282493616932168,0.13445059449206,0.14321839281499033,0.13418557684764088
99,Clin + RAD-DINO,0.138602214345369,0.11975566411418793,0.13848673960853122,0.11873202255251435
100,Clin + RAD-DINO,0.14977830223704366,0.14318235820403957,0.15043733122705905,0.1435545806813103
101,Clin + RAD-DINO,0.2136833654485921,0.225518261615738,0.21409859508190243,0.22598695140800995
102,Clin + RAD-DINO,0.14904711961752112,0.1431638079807628,0.14935387425854177,0.1439025102625781
103,Clin + RAD-DINO,0.20566692430070216,0.20758280697616643,0.20505925524512728,0.2066580866084779
104,Clin + RAD-DINO,0.20977932147661194,0.20005940276174086,0.2102225788175124,0.20057026274758805
105,Clin + RAD-DINO,0.16304976900905968,0.136829525156849,0.16282375048627198,0.1367073360805702
106,Clin + RAD-DINO,0.17638465316644225,0.14678414814387303,0.17648325750311913,0.14577051426623577
107,Clin + RAD-DINO,0.2290916041712678,0.21775167878998541,0.22918991834176777,0.21826180759675984
108,Clin + RAD-DINO,0.14168703926175513,0.12081184187009138,0.142093750184289,0.12147795795330375
109,Clin + RAD-DINO,0.2386151418238672,0.2275038704271356,0.2397388730835515,0.229143934158871
110,Clin + RAD-DINO,0.14146231186508515,0.1588668905541887,0.14201678854178226,0.15887108959865331
111,Clin + RAD-DINO,0.2081915497023608,0.21123852594930692,0.2075680603592748,0.2113792280976817
112,Clin + RAD-DINO,0.21689030945268822,0.21052940013759272,0.21708794781114882,0.21037029320562953
113,Clin + RAD-DINO,0.2107170322963929,0.19826813867512763,0.21081273748357432,0.19877572820410833
114,Clin + RAD-DINO,0.20658668633158872,0.1930227417023701,0.20580656126295896,0.19353378865661572
115,Clin + RAD-DINO,0.14992165834138646,0.1278127492405856,0.15003617214641882,0.1278777939510082
116,Clin + RAD-DINO,0.14808226102252423,0.14552462081469272,0.14860781080539864,0.1469456597714562
117,Clin + RAD-DINO,0.1350456853256063,0.12288923724166968,0.13574643212513235,0.1232568358082066
118,Clin + RAD-DINO,0.16231405340189883,0.12680615620904634,0.162198671088456,0.12578385582827892
119,Clin + RAD-DINO,0.16078719661807994,0.1266970767761709,0.16143862603725395,0.12596937879036288
120,Clin + RAD-DINO,0.16477903383268636,0.13225569359311232,0.1646524739906014,0.13233193954099506
121,Clin + RAD-DINO,0.22656927083964673,0.21795072911199243,0.2249687433092084,0.21939539326929863
122,Clin + RAD-DINO,0.13960202513506464,0.12562318558194646,0.13902297235857938,0.12541073287540197
123,Clin + RAD-DINO,0.16436493109979156,0.14159296213008732,0.1645070406151477,0.14121077678025265
124,Clin + RAD-DINO,0.2072651483756455,0.20703978575012497,0.20645697237599747,0.20622455330635314
125,Clin + RAD-DINO,0.21168837646013072,0.20636945793653516,0.211600800032185,0.2067989143483549
126,Clin + RAD-DINO,0.19780058669817124,0.21063444683840507,0.19900031265437118,0.21089349825961617
127,Clin + RAD-DINO,0.21011730328842818,0.20898528140453745,0.21072824316287456,0.20905168118661124
128,Clin + RAD-DINO,0.22967714993710234,0.22028873694236134,0.22889563343947006,0.22186504143527971
129,Clin + RAD-DINO,0.13303355242152462,0.12245077756864126,0.13274066715907215,0.12217577387017506
130,Clin + RAD-DINO,0.17470708173353777,0.15428646876292246,0.1744143333175279,0.15323783232976304
131,Clin + RAD-DINO,0.23171538134710803,0.22055341343184598,0.2314862853993153,0.22202853860625962
132,Clin + RAD-DINO,0.20731874369187273,0.2005197537574866,0.2079584928953387,0.20204192544680882
133,Clin + RAD-DINO,0.21329323492761856,0.2198660136302701,0.21320043861788918,0.21991729108226227
134,Clin + RAD-DINO,0.2257085461587584,0.19953494277162365,0.22665771511190416,0.19978457223994658
135,Clin + RAD-DINO,0.21514041224740243,0.21223694888698155,0.2160259396963014,0.2139349465208655
136,Clin + RAD-DINO,0.15062993396211266,0.1501237814741278,0.1498257359352159,0.15014374086421636
137,Clin + RAD-DINO,0.20663399712663405,0.21786167410007984,0.20613126961485947,0.21779772193483196
138,Clin + RAD-DINO,0.12724140585925459,0.13789882097334313,0.1283602698201992,0.13782740705169524
139,Clin + RAD-DINO,0.156559455853202,0.14815204603067092,0.15601848369627808,0.14713749273531077
140,Clin + RAD-DINO,0.2152450614516585,0.23615125595217878,0.21543769652069994,0.2362204593145944
141,Clin + RAD-DINO,0.2179200583159373,0.21890421631906365,0.21795333064044523,0.21882416633348
142,Clin + RAD-DINO,0.1378444045886637,0.12896625350800242,0.1371669071245055,0.1289496294026697
143,Clin + RAD-DINO,0.1967159809018702,0.20988265028713338,0.19772443188802452,0.2089730503349777
144,Clin + RAD-DINO,0.2044518211784704,0.22281303091755536,0.20583152454548967,0.22332187518736446
145,Clin + RAD-DINO,0.17489782835067808,0.1366917209124991,0.17461115706059122,0.13567506626638176
146,Clin + RAD-DINO,0.1483601663492553,0.13665914542129542,0.14809151642629056,0.1364512430818015
147,Clin + RAD-DINO,0.14883460711112895,0.13800580068927454,0.1477288175811563,0.13781407558659445
148,Clin + RAD-DINO,0.20103426965751806,0.18268380153592206,0.2008179666877132,0.18275099503427047
149,Clin + RAD-DINO,0.15953452990596292,0.13392299029801746,0.159580537747036,0.13300498843033406
150,Clin + RAD-DINO,0.1681164982972118,0.143799662977726,0.16825078759385323,0.14280039455417226
151,Clin + RAD-DINO,0.14619275127088416,0.13159631749449996,0.1459777697269131,0.13162461131355513
152,Clin + RAD-DINO,0.14587649610922973,0.13580114879783878,0.14687918880695297,0.1361730563563821
153,Clin + RAD-DINO,0.13169961586653428,0.14319328283067334,0.1321190875679413,0.14355533718776456
154,Clin + RAD-DINO,0.21837071161342048,0.22180649399406385,0.21923764852889685,0.22198075983510174
155,Clin + RAD-DINO,0.1660731893116024,0.146290173991876,0.1660112565247472,0.14609356421461137
156,Clin + RAD-DINO,0.15926321491905146,0.1431734406153245,0.15898521857185147,0.14339894262678715
157,Clin + RAD-DINO,0.16567973030228,0.1369832970274978,0.16583142749865246,0.13716046017307512
158,Clin + RAD-DINO,0.22138494684827312,0.21106335002989046,0.2204738725960583,0.21103898284974235
159,Clin + RAD-DINO,0.14683970299663812,0.13322264625621036,0.14791598460700522,0.13222492380346
160,Clin + RAD-DINO,0.1485072917525146,0.1213515353787131,0.14836561503747514,0.1206000020099459
161,Clin + RAD-DINO,0.1324403049145934,0.13822870497842804,0.13259432621123496,0.13803871938896628
162,Clin + RAD-DINO,0.14361984801978905,0.13682922405093337,0.14339827330256738,0.1373017807673585
163,Clin + RAD-DINO,0.21422268918405604,0.21535876860462194,0.21493047980683244,0.21542399541014443
164,Clin + RAD-DINO,0.15365909869017544,0.12696800199145075,0.1537994200945185,0.12606601099739478
165,Clin + RAD-DINO,0.18700417600198332,0.2048099263350688,0.1862002459709299,0.2048925844433065
166,Clin + RAD-DINO,0.13219840170560915,0.13329230418830645,0.13392738997159231,0.1333507400508685
167,Clin + RAD-DINO,0.20594724122846655,0.21454419836351524,0.20545493767478742,0.21502297566724726
168,Clin + RAD-DINO,0.21079757298089194,0.18770809364271288,0.21060044919969417,0.18776412200117917
169,Clin + RAD-DINO,0.14215528807224165,0.12771974315622042,0.14251217383888048,0.12802259460601736
170,Clin + RAD-DINO,0.21852999889538988,0.2004279037757833,0.21828286653640014,0.20199975792411712
171,Clin + RAD-DINO,0.20476466837465937,0.21893242459407497,0.20416487207941153,0.21875681273859196
172,Clin + RAD-DINO,0.1391067960820462,0.13730566562427227,0.14015141232798564,0.13617485147937106
173,Clin + RAD-DINO,0.20873806355393698,0.2091562030112811,0.20754971538889763,0.20928869465783345
174,Clin + RAD-DINO,0.21338145634250785,0.2214152675398541,0.21429393297309443,0.22101571154114014
175,Clin + RAD-DINO,0.14015215402775885,0.1155143640747158,0.13969057609631583,0.11592451236710567
176,Clin + RAD-DINO,0.16185509947539192,0.12587216062042692,0.1622787305969624,0.12475450313690323
177,Clin + RAD-DINO,0.21174399324114707,0.21078004331316932,0.21222834124374562,0.21126569995404887
178,Clin + RAD-DINO,0.20929496834649908,0.20071786270144037,0.20823898370962077,0.20111020945427793
179,Clin + RAD-DINO,0.20834583800975626,0.2033662306812457,0.20763577831898103,0.2034271034909779
180,Clin + RAD-DINO,0.147254862493308,0.13816530463602558,0.14802186695089367,0.13725988251087035
181,Clin + RAD-DINO,0.19792571410679513,0.21440939548343754,0.1990512858000275,0.21486824357706089
182,Clin + RAD-DINO,0.16121979760632713,0.1225174355252713,0.16104206419987588,0.12136303096797159
183,Clin + RAD-DINO,0.16493074078509332,0.1323919399066202,0.16472175528807692,0.13264933049576083
184,Clin + RAD-DINO,0.20041067609179436,0.2180521331658934,0.2011363239790827,0.218379643165454
185,Clin + RAD-DINO,0.19146949760473736,0.20787574369953787,0.1915510577989691,0.20832780756619243
186,Clin + RAD-DINO,0.20970401468690922,0.21927137557274387,0.21043975772771203,0.21961113602732255
187,Clin + RAD-DINO,0.22077734982902464,0.21339979566128406,0.21969514767286344,0.21390952872311894
188,Clin + RAD-DINO,0.176352015866455,0.13789576817711732,0.1760955670711842,0.1379786805539185
189,Clin + RAD-DINO,0.204612551784033,0.20798688860097256,0.2034695496566667,0.2083754855977739
190,Clin + RAD-DINO,0.14179839974577824,0.12996101702898905,0.14154967727016213,0.12989375865612363
191,Clin + RAD-DINO,0.20846585282334676,0.2102438126995578,0.207872758924642,0.21020882445164593
192,Clin + RAD-DINO,0.14252165780447346,0.14296730098257132,0.14236555945234025,0.14297025177864475
193,Clin + RAD-DINO,0.15283045798572223,0.13235128572358715,0.15344838692495946,0.1326733929421682
194,Clin + RAD-DINO,0.24045282894340553,0.22242437740842175,0.2411846878343213,0.22159808979565185
195,Clin + RAD-DINO,0.21523327296752554,0.20577289482838002,0.2151389299572654,0.2062563622170426
196,Clin + RAD-DINO,0.20016865617239304,0.1990379032943661,0.20061165246184343,0.19821664320978885
197,Clin + RAD-DINO,0.16083829894562623,0.15364661283800568,0.16035249328594586,0.15366866013540312
198,Clin + RAD-DINO,0.1539192257742313,0.1494475233952896,0.15398342659229977,0.14988666061830205
199,Clin + RAD-DINO,0.1579819433768104,0.14498578779418034,0.1583998255589174,0.14407708926626486
200,Clin + RAD-DINO,0.23366489517259903,0.21911169127864616,0.23402150256009474,0.21806068606406773
201,Clin + RAD-DINO,0.1411577763230468,0.13579302950079528,0.14070809611052754,0.13485392953718942
202,Clin + RAD-DINO,0.15819944903735195,0.14049384875299561,0.1578892841581547,0.14144359192624048
203,Clin + RAD-DINO,0.15201955173943685,0.1343748010687822,0.1526059041905622,0.13511051740103067
204,Clin + RAD-DINO,0.14128515922983553,0.1392810335984782,0.14132007881948153,0.13902567695364842
205,Clin + RAD-DINO,0.2157022835338205,0.20045383093572686,0.21543695864309484,0.2006800022183949
206,Clin + RAD-DINO,0.23817585198048763,0.22169186657548107,0.2381267962551382,0.2221630566770102
207,Clin + RAD-DINO,0.22440993958531327,0.22420563365607651,0.22393643785263334,0.22469642148952496
208,Clin + RAD-DINO,0.14000105491649648,0.14150422005343116,0.1405490222442487,0.14151883154458628
209,Clin + RAD-DINO,0.16948701169089392,0.13988531130113746,0.16991850178805512,0.1397250192983866
210,Clin + RAD-DINO,0.13834918633174473,0.12225290033510083,0.13782501893969457,0.12231893323962677
211,Clin + RAD-DINO,0.1601241904266355,0.14108368842462016,0.1598359347948667,0.14097887913276766
212,Clin + RAD-DINO,0.20755604566713748,0.21952962208603322,0.20684745997049894,0.22115018878291848
213,Clin + RAD-DINO,0.21722225004403603,0.214872750211178,0.21734542786191915,0.21657429653441068
214,Clin + RAD-DINO,0.14679477077333936,0.12160926483952865,0.14804247983835464,0.12200295307448548
215,Clin + RAD-DINO,0.17048182995016112,0.14553551433429468,0.17084244963990752,0.1457887734907659
216,Clin + RAD-DINO,0.15775752270934104,0.15150608710386232,0.15745111137688889,0.15044880946844036
217,Clin + RAD-DINO,0.22550709478296785,0.21883987180185088,0.22613629242099348,0.21794615873371997
218,Clin + RAD-DINO,0.15666382235706466,0.12843215705659763,0.15681273170361837,0.1274539857169108
219,Clin + RAD-DINO,0.2219867523916365,0.20149801303928455,0.22238536403286113,0.20144042385799768
220,Clin + RAD-DINO,0.223425384707499,0.21729696909058224,0.2231977772464689,0.21767750330313138
221,Clin + RAD-DINO,0.22614194296710594,0.2337664000245529,0.22690296731136328,0.23331717196660381
222,Clin + RAD-DINO,0.2220715957814698,0.22144949099689823,0.22182136115194628,0.22178151442239452
223,Clin + RAD-DINO,0.15585577658694688,0.11852868925910676,0.15600282947191024,0.11768392034496457
224,Clin + RAD-DINO,0.21496294587989095,0.18362944166757791,0.21471964691177076,0.18364434526131287
225,Clin + RAD-DINO,0.22199148003565217,0.2084035488860448,0.22181533729893413,0.20742335451058164
226,Clin + RAD-DINO,0.21224263097003787,0.2182399628411944,0.21195556483968303,0.21808977546564082
227,Clin + RAD-DINO,0.2091005167397072,0.21051217864573551,0.2105569586851163,0.21099322354491457
228,Clin + RAD-DINO,0.20623523040986597,0.19558642708725438,0.20739260404223983,0.1958086910866913
229,Clin + RAD-DINO,0.20591753355746167,0.18628160274706804,0.20598983308153704,0.18645044940304675
230,Clin + RAD-DINO,0.15375651149577138,0.1372816214776852,0.15363444083790012,0.13763926113803895
231,Clin + RAD-DINO,0.21774563167715907,0.21302751461281547,0.2174847958712096,0.21344828980909628
232,Clin + RAD-DINO,0.15845985659923625,0.12407711769596777,0.1569301139326931,0.12376293391161176
233,Clin + RAD-DINO,0.1458180925128043,0.12060711204043982,0.146893959175619,0.11986837281232517
234,Clin + RAD-DINO,0.14001098383534716,0.13210312506299515,0.13969765687763286,0.13354854048292364
235,Clin + RAD-DINO,0.20299540596363877,0.19698810163208597,0.20346222208779116,0.19659162755334406
236,Clin + RAD-DINO,0.13674787140679132,0.12749867044706037,0.13649132102904457,0.12748126247996475
237,Clin + RAD-DINO,0.206973832596639,0.1891794823794211,0.20714951936484047,0.18922210602892
238,Clin + RAD-DINO,0.23979439268862435,0.22549061891715133,0.23952477720218399,0.22582950463432233
239,Clin + RAD-DINO,0.20261221323023104,0.20802848402988244,0.2029577013086,0.20927918330002765
240,Clin + RAD-DINO,0.1454649103725646,0.11187114426348192,0.144944245747658,0.11251826635643342
241,Clin + RAD-DINO,0.16018013669310693,0.1254719705966183,0.16088770767648722,0.12668863205600023
242,Clin + RAD-DINO,0.15820412310299412,0.13971466871113009,0.15767219238448651,0.14007940685336115
243,Clin + RAD-DINO,0.15454948070363855,0.12144584586702592,0.15341639074813246,0.1228533213615418
244,Clin + RAD-DINO,0.14741625336935454,0.1367366037629323,0.1482412667824649,0.13702307778248876
245,Clin + RAD-DINO,0.21263536577777628,0.19177467523386793,0.21356913183756168,0.19065450494384487
246,Clin + RAD-DINO,0.21402089425589418,0.2238302943964679,0.2134671269206764,0.22395215921557363
247,Clin + RAD-DINO,0.2197791142086103,0.2144724994171144,0.21996504204425807,0.21439367436080253
248,Clin + RAD-DINO,0.23021380963499266,0.21434882387891876,0.23034678284112767,0.21481339627873472
249,Clin + RAD-DINO,0.22614582527393357,0.22552454226551405,0.22552595518386412,0.2254082001446358
250,Clin + RAD-DINO,0.16872583172107447,0.15408364527350712,0.168450625320366,0.15306402789998058
251,Clin + RAD-DINO,0.1485324982063074,0.1399179873953033,0.14838840296769398,0.14003836081730617
252,Clin + RAD-DINO,0.16038772935588555,0.1349724852901998,0.15887834892630673,0.1339193412954408
253,Clin + RAD-DINO,0.145462629609492,0.11661351371848681,0.14471213743108685,0.11673162802329584
254,Clin + RAD-DINO,0.1609823525343414,0.1267753002596448,0.16070382081037715,0.12647478088624034
255,Clin + RAD-DINO,0.2121008054605249,0.20011416942096885,0.21233514847041968,0.19918235904669512
256,Clin + RAD-DINO,0.15813023935466436,0.12602856870343251,0.15824914456980635,0.12632828747908326
257,Clin + RAD-DINO,0.21389383238620172,0.20458450842406145,0.21393590215699818,0.2047062440035777
258,Clin + RAD-DINO,0.17573004209495993,0.1338942631625589,0.17590422525623883,0.1340558895301261
259,Clin + RAD-DINO,0.14697281596803735,0.12056968294075239,0.14711197274291732,0.1208111741302135
260,Clin + RAD-DINO,0.2097599474484281,0.2053099065640501,0.20986071539242038,0.20564186598600073
261,Clin + RAD-DINO,0.14088159415863807,0.1234428685390072,0.14081823100980126,0.12331667784993558
262,Clin + RAD-DINO,0.1897636837673284,0.19893086543119587,0.18959419978268982,0.19905083428436612
263,Clin + RAD-DINO,0.20579978387900116,0.17798807360274063,0.20600975632824242,0.17824533436819695
264,Clin + RAD-DINO,0.22261002744124056,0.20558460179875107,0.2225500167799457,0.207145588404512
265,Clin + RAD-DINO,0.206855040200249,0.22383650166618474,0.20706663156280058,0.22504612135524862
266,Clin + RAD-DINO,0.14431117734791085,0.14146896063223338,0.1449205533331637,0.141837154371453
267,Clin + RAD-DINO,0.2026323373553668,0.21068754551768717,0.20338287468499924,0.21000255131844728
268,Clin + RAD-DINO,0.14147327567527826,0.1332285169395566,0.14104085067969277,0.1335462106207561
269,Clin + RAD-DINO,0.14366632107891442,0.12589148676628936,0.14378837243285778,0.1262740711887264
270,Clin + RAD-DINO,0.13602002294309973,0.1165640227472087,0.13607489311639565,0.11686026410854249
271,Clin + RAD-DINO,0.13841125261437207,0.12294154428855872,0.1382401442313449,0.12235281497599387
272,Clin + RAD-DINO,0.1647207713538597,0.13664890970763446,0.16365635578539736,0.13554536824152547
273,Clin + RAD-DINO,0.1668673097902514,0.14456734863220647,0.16675282275655767,0.14351490902543212
274,Clin + RAD-DINO,0.13174790978494172,0.1243564877129735,0.1316593542284786,0.12462907600117873
275,Clin + RAD-DINO,0.13293451068091985,0.12469587609880269,0.13239461491694213,0.12465735518032041
276,Clin + RAD-DINO,0.22230332287426188,0.23242263295499838,0.2216918291647155,0.23255684810455537
277,Clin + RAD-DINO,0.21773605179941416,0.19713226903572098,0.21837913563474864,0.1971977555012882
278,Clin + RAD-DINO,0.12892595953540326,0.12779572841025325,0.13006510876993635,0.12927077561115854
279,Clin + RAD-DINO,0.20839016783113185,0.2171098473663793,0.20790106860331334,0.21758461156623277
280,Clin + RAD-DINO,0.21201424150500292,0.1965465116165469,0.21225115940616585,0.1980251378313781
281,Clin + RAD-DINO,0.1226587068393139,0.11389299760256276,0.12234675244182401,0.11387834839880204
282,Clin + RAD-DINO,0.2030029845745178,0.20954955377761406,0.20240609502735823,0.20999950951675367
283,Clin + RAD-DINO,0.24762653544745342,0.24341480325465717,0.24877038353616882,0.24387885098831558
284,Clin + RAD-DINO,0.13913290793298075,0.13051759894224857,0.13895714079454607,0.13069926419296193
285,Clin + RAD-DINO,0.2232420874460407,0.21453331445537427,0.22336866341965833,0.2144755824795084
286,Clin + RAD-DINO,0.20194245859970378,0.20556390123820933,0.2008028536043551,0.20555807665017034
287,Clin + RAD-DINO,0.23531651896630462,0.23006222302078538,0.2346796515809757,0.22900599075930322
288,Clin + RAD-DINO,0.21823742329314735,0.1925584855379895,0.2179823287373952,0.1931609340309947
289,Clin + RAD-DINO,0.14326385914405207,0.13004621120033782,0.14294491030487017,0.13010580464420207
290,Clin + RAD-DINO,0.1428248352524844,0.13401492808637727,0.14252529464690997,0.1340680344328266
291,Clin + RAD-DINO,0.2086643412412172,0.2091724917810644,0.20940389091222633,0.20965232187930224
292,Clin + RAD-DINO,0.16390134866230233,0.12758724577577613,0.16475540395090973,0.12646872957530378
293,Clin + RAD-DINO,0.13961280933965725,0.13221938847788123,0.1396380674969886,0.1322506158926293
294,Clin + RAD-DINO,0.13420553105582686,0.1245588110014245,0.13458745145963694,0.12460090394258772
295,Clin + RAD-DINO,0.23240539641421756,0.21006579555772367,0.2329205418150368,0.20917314670198292
296,Clin + RAD-DINO,0.22750470356468547,0.21729835934936195,0.2267585801327836,0.2161596410545135
297,Clin + RAD-DINO,0.20831476557498427,0.19739828920324606,0.208965253967557,0.19723919035594928
298,Clin + RAD-DINO,0.2205118096636353,0.20318238352771906,0.22034666186052454,0.20361277205095085
299,Clin + RAD-DINO,0.2248070809856774,0.22429621645254394,0.2259210069426743,0.22443778739521428
300,Clin + RAD-DINO,0.21883370571635605,0.2082048848932028,0.21824026539532926,0.20869048471521492
301,Clin + RAD-DINO,0.14018428613139572,0.12043394817676609,0.14061829470465237,0.12065405257583589
302,Clin + RAD-DINO,0.152184237091584,0.14065557361170716,0.15168236299421858,0.14072355893470292
303,Clin + RAD-DINO,0.1655157458053712,0.13744858529329593,0.16525141890968348,0.13629098021382283
304,Clin + RAD-DINO,0.23928540510329,0.2172512587829576,0.23943526606765198,0.2163375322310006
305,Clin + RAD-DINO,0.14307340418861209,0.13745604438777992,0.14380535344908874,0.1375201408777438
306,Clin + RAD-DINO,0.2075414173669908,0.19500629495410604,0.20760406527944508,0.19498628475565905
307,Clin + RAD-DINO,0.1611181961277692,0.1357390318312414,0.16220717311645597,0.13463017998835367
308,Clin + RAD-DINO,0.20458105980855013,0.20134993949283692,0.20342310709029476,0.20186831173420833
309,Clin + RAD-DINO,0.1323397214882164,0.11778369396749279,0.1319071548487026,0.11778535599384217
310,Clin + RAD-DINO,0.14010986536353146,0.10989490685020398,0.1402533524663253,0.10983506551399878
311,Clin + RAD-DINO,0.13951903258051646,0.13037823098720308,0.13894301552893762,0.13041215561172376
312,Clin + RAD-DINO,0.22135092939862458,0.21639250688761727,0.22068416209737457,0.21637535750788264
313,Clin + RAD-DINO,0.14139969621219683,0.12565334176450366,0.14183105140513497,0.12592644909728484
314,Clin + RAD-DINO,0.13958253104072219,0.11763104356159909,0.1396894767673363,0.1175691987467109
315,Clin + RAD-DINO,0.15657574031074403,0.13446946137598248,0.1558564596296171,0.13418986726018564
316,Clin + RAD-DINO,0.183541460226082,0.17448438713387762,0.18471434807703688,0.17492179251456935
317,Clin + RAD-DINO,0.21960009705500116,0.22216525484350616,0.21952251767920192,0.22249960611970057
318,Clin + RAD-DINO,0.15207648492878914,0.13296757965772982,0.15149099720923997,0.13286448906101378
319,Clin + RAD-DINO,0.15068218307010012,0.1204284167874366,0.14997237240438327,0.12178299045145818
320,Clin + RAD-DINO,0.14947099382647072,0.1334463562202241,0.1505590770168375,0.13381618490886968
321,Clin + RAD-DINO,0.1691884585803296,0.14176100947940606,0.16992022142192065,0.1412580383116067
322,Clin + RAD-DINO,0.19412571949556512,0.21394424123856978,0.19451002778468615,0.21399229815407778
323,Clin + RAD-DINO,0.21392174782731402,0.2154626514198434,0.21449876029711118,0.2155823862899677
324,Clin + RAD-DINO,0.23212985273907613,0.22156899130827826,0.2322769000638141,0.22206346245797315
325,Clin + RAD-DINO,0.15786010602813777,0.11606338170310984,0.15712884714969166,0.11642968929360253
326,Clin + RAD-DINO,0.16773156016785945,0.13616849157647984,0.16785662373706836,0.13586685630888745
327,Clin + RAD-DINO,0.20530743594625872,0.21649356708121292,0.20642485738645966,0.21675949524292856
328,Clin + RAD-DINO,0.2025796190462055,0.21101328756368087,0.20308864836061405,0.2126971161296803
329,Clin + RAD-DINO,0.2268266639575594,0.2343378569525896,0.22605686274001963,0.23538327304931045
330,Clin + RAD-DINO,0.17056428055772113,0.15049056555255647,0.17088421347030852,0.14941557521727275
331,Clin + RAD-DINO,0.14770138876309657,0.14095922525390372,0.14809259301175023,0.1400275901870818
332,Clin + RAD-DINO,0.13144428648240353,0.12093540365314179,0.13135837712291035,0.12115839166459233
333,Clin + RAD-DINO,0.13731187197371703,0.11834662201285527,0.13705649129971975,0.11850517281454709
334,Clin + RAD-DINO,0.15984747321928844,0.139614328895233,0.1595644192805817,0.13998066845310347
335,Clin + RAD-DINO,0.2185413328331279,0.20358776992595942,0.21891648101171782,0.2044819182516565
336,Clin + RAD-DINO,0.2075124141189421,0.19657969494499097,0.2084368681442913,0.19771950741316563
337,Clin + RAD-DINO,0.14017681376411967,0.14067079850912112,0.14056830863916817,0.1410981571373972
338,Clin + RAD-DINO,0.16629339494327514,0.13623649480124617,0.166868661062039,0.13566715374548985
339,Clin + RAD-DINO,0.15234205211161445,0.1264689789470493,0.15206576956366516,0.12666702146392989
340,Clin + RAD-DINO,0.15181221539675147,0.1622874871759012,0.15198985305525797,0.16117973448545947
341,Clin + RAD-DINO,0.22647234179575026,0.19556746175237533,0.2269295929682153,0.19596893114507105
342,Clin + RAD-DINO,0.16290591135978494,0.13457734493613513,0.16377232847853582,0.13428676646413626
343,Clin + RAD-DINO,0.13813510390409145,0.11918335000307527,0.13844529580384074,0.11926060996766365
344,Clin + RAD-DINO,0.129707605217077,0.11965192932118196,0.1292574529908916,0.11951353923626966
345,Clin + RAD-DINO,0.14150533221431802,0.13195045605298625,0.14092405488485735,0.13240118719339364
346,Clin + RAD-DINO,0.13694111843592172,0.12277974948524498,0.13683054395774366,0.12276630451704675
347,Clin + RAD-DINO,0.24394502295450002,0.21251788493363866,0.24320764824964952,0.21154708019654617
348,Clin + RAD-DINO,0.22398178274465214,0.20538326977894028,0.22318511641408234,0.2057762724034256
349,Clin + RAD-DINO,0.21904416531145557,0.19402386337653527,0.2189924571745237,0.1938657351192825
350,Clin + RAD-DINO,0.13685842072209234,0.12490556330430254,0.13618935151166045,0.12586228905319904
351,Clin + RAD-DINO,0.1502032520940894,0.12073272863812025,0.15063461505253006,0.12102977214210262
352,Clin + RAD-DINO,0.134944739022529,0.1121191754381347,0.13419294326618478,0.11207196608825774
353,Clin + RAD-DINO,0.1610069839202789,0.13326741367121314,0.161371515484157,0.1331803262888889
354,Clin + RAD-DINO,0.1558381523491638,0.13361236498004717,0.15553491890308194,0.13356081122037677
355,Clin + RAD-DINO,0.1443347808207425,0.13581837497959337,0.1444899331732801,0.1361059034688552
356,Clin + RAD-DINO,0.21274341597416735,0.2031683279046877,0.21126421725229003,0.2036514081710185
357,Clin + RAD-DINO,0.14253856415088384,0.13820643174320532,0.14319502844919085,0.13821508485059647
358,Clin + RAD-DINO,0.12895227687074517,0.1349208242706117,0.12847927649559282,0.136297743870054
359,Clin + RAD-DINO,0.19937166768610132,0.19285441799949932,0.1995853609407804,0.1929069263524155
360,Clin + RAD-DINO,0.1448407314802532,0.13429797195851545,0.14541640428917565,0.13459810327329583
361,Clin + RAD-DINO,0.16158642521044123,0.13118104830820684,0.16228200309241655,0.13125272227052984
362,Clin + RAD-DINO,0.14610069316695629,0.1188130125372357,0.14603310302221997,0.11877329300020203
363,Clin + RAD-DINO,0.1676160450573477,0.1421422683458232,0.16706326703963034,0.1412147500249202
364,Clin + RAD-DINO,0.21185385404923124,0.2095310347372556,0.21200295832587768,0.2099962128133701
365,Clin + RAD-DINO,0.23992435290651715,0.22300434689389614,0.23968968187083642,0.2229334889931855
366,Clin + RAD-DINO,0.13673491200053528,0.13214603230297345,0.13679764000584246,0.13318992940496482
367,Clin + RAD-DINO,0.13931833747456673,0.12599619841967463,0.1398843834426613,0.12594447786867585
368,Clin + RAD-DINO,0.14497206890828093,0.11212933244651088,0.14484012833985532,0.1121006375156815
369,Clin + RAD-DINO,0.16013700540021325,0.14324827865339212,0.16117440504273453,0.14214042669665608
370,Clin + RAD-DINO,0.2069009094581777,0.20313136328051132,0.20641484582464095,0.20327597522357135
1,Clin + Rad + BiomedCLIP,0.19213494352567553,0.2206611031986349,0.19208845377944497,0.22076381956008453
2,Clin + Rad + BiomedCLIP,0.19876524051239133,0.21671285584811753,0.19883757854428438,0.21688388114691884
3,Clin + Rad + BiomedCLIP,0.15354731866932628,0.15465508170666276,0.15372588918064203,0.15483482473587948
4,Clin + Rad + BiomedCLIP,0.14413434393999655,0.14418758389161718,0.1439175383040658,0.1443485273262214
5,Clin + Rad + BiomedCLIP,0.15581470350512264,0.1573637920356988,0.1557420187600035,0.15746717240056154
6,Clin + Rad + BiomedCLIP,0.1813476813945178,0.1953740825264247,0.18152764787540068,0.19554652119085997
7,Clin + Rad + BiomedCLIP,0.1959857413300502,0.21644168749695503,0.1963887530373907,0.21661683859261407
8,Clin + Rad + BiomedCLIP,0.14598675095307004,0.15624365717888158,0.14561664390485365,0.1563805971181916
9,Clin + Rad + BiomedCLIP,0.14973578350916714,0.15455285910694064,0.14966541648813966,0.15477216341264252
10,Clin + Rad + BiomedCLIP,0.20136962707629547,0.2162059417084089,0.20163401217518087,0.21650130730541164
11,Clin + Rad + BiomedCLIP,0.14773234175367567,0.15000222532205829,0.14768289021272402,0.15037730105219038
12,Clin + Rad + BiomedCLIP,0.1967208973430222,0.1999348436021447,0.19682433816236672,0.20023619353061925
13,Clin + Rad + BiomedCLIP,0.14514608771440526,0.16068986348416323,0.1450169683286599,0.16088147599591598
14,Clin + Rad + BiomedCLIP,0.14569479186204784,0.15717715286716447,0.14613590301841026,0.1572857113011968
15,Clin + Rad + BiomedCLIP,0.1957233869095789,0.203825452078233,0.19622269631591074,0.204034728753659
16,Clin + Rad + BiomedCLIP,0.13867832650066317,0.14849814372220962,0.13876559687268739,0.1485808862176854
17,Clin + Rad + BiomedCLIP,0.1940915114342326,0.20659232955705956,0.19429574051348866,0.2067937061179705
18,Clin + Rad + BiomedCLIP,0.15300600782790416,0.15605774554098942,0.15265537201777502,0.1562391222098387
19,Clin + Rad + BiomedCLIP,0.14029636655956648,0.1473305964419087,0.13998308750452385,0.14743347657105682
20,Clin + Rad + BiomedCLIP,0.19803501141832835,0.21732043216042432,0.19790570504194765,0.21750089166096906
21,Clin + Rad + BiomedCLIP,0.14884820294449486,0.1659028717686734,0.14865748964938197,0.1660224574424956
22,Clin + Rad + BiomedCLIP,0.1485667023153446,0.15344086060879167,0.14835860568832304,0.15364036690367705
23,Clin + Rad + BiomedCLIP,0.1846641293692652,0.20380085534144687,0.1846184538049355,0.20382613176937334
24,Clin + Rad + BiomedCLIP,0.1329724961904474,0.14638375570166867,0.13319753362513384,0.14672968934449382
25,Clin + Rad + BiomedCLIP,0.19169695926579533,0.20946787262454503,0.19212293501254382,0.20951227412137968
26,Clin + Rad + BiomedCLIP,0.19681274179084654,0.2156358245084074,0.1966237099710516,0.21567703062967702
27,Clin + Rad + BiomedCLIP,0.1440342465410951,0.1521044695942235,0.1438365162531685,0.15227328098920567
28,Clin + Rad + BiomedCLIP,0.20159888418958188,0.2117749310150381,0.2015458992096044,0.21213681505853907
29,Clin + Rad + BiomedCLIP,0.1464786746276636,0.1476996741697102,0.14605098370223527,0.1478085787270306
30,Clin + Rad + BiomedCLIP,0.18731211723617078,0.20910659871525414,0.18687774838789772,0.20940366583061812
31,Clin + Rad + BiomedCLIP,0.20104813678968922,0.20867540053669933,0.20141726376798508,0.20889557889655658
32,Clin + Rad + BiomedCLIP,0.2105910271811637,0.21924550742060364,0.21071704656435228,0.21947876901780713
33,Clin + Rad + BiomedCLIP,0.19060932688769155,0.1952139164138313,0.1903390439568434,0.19518699531173947
34,Clin + Rad + BiomedCLIP,0.12816736072851087,0.15272901254380086,0.12864913338038825,0.1530643562987597
35,Clin + Rad + BiomedCLIP,0.1390236691678552,0.1399605248060667,0.13887241666981034,0.1401128909969629
36,Clin + Rad + BiomedCLIP,0.1486352157576951,0.15919189551329033,0.14856345686164701,0.15936084547731608
37,Clin + Rad + BiomedCLIP,0.18591487902437617,0.21202071778357448,0.18584813498258898,0.2121019401001272
38,Clin + Rad + BiomedCLIP,0.15514422635852093,0.14802262831167626,0.15503170345474246,0.14817896463467514
39,Clin + Rad + BiomedCLIP,0.14799475446078442,0.15202151821818233,0.14842148070741926,0.15215638356124003
40,Clin + Rad + BiomedCLIP,0.14428694492364788,0.1523968487701312,0.1439468381102829,0.15246048513289945
41,Clin + Rad + BiomedCLIP,0.15456385154683278,0.1500636746581881,0.15474019491797275,0.15010342160702342
42,Clin + Rad + BiomedCLIP,0.15084937944457055,0.15787445430926644,0.1503659732601538,0.15805890431610808
43,Clin + Rad + BiomedCLIP,0.15031929187401027,0.15546682257524075,0.15018332006733587,0.1556315695454099
44,Clin + Rad + BiomedCLIP,0.19385061460491224,0.19861477407176348,0.193776659196118,0.19876838625074533
45,Clin + Rad + BiomedCLIP,0.13171874885138823,0.14953747507032095,0.13183850464872587,0.149694488780503
46,Clin + Rad + BiomedCLIP,0.18913547379162493,0.22330350578286473,0.18894563753619104,0.2236554094270221
47,Clin + Rad + BiomedCLIP,0.19959734948584756,0.2107965091212236,0.19926244294648843,0.21089793885741945
48,Clin + Rad + BiomedCLIP,0.14556700945431156,0.15906652414122927,0.14538024019452064,0.1594299283064401
49,Clin + Rad + BiomedCLIP,0.170662978202647,0.15999029560334624,0.17018339146226882,0.1601730053349467
50,Clin + Rad + BiomedCLIP,0.14357574301631673,0.15995871954783053,0.1437741785121227,0.16032869344406328
51,Clin + Rad + BiomedCLIP,0.19962888403724816,0.20575175599893167,0.1997889018713853,0.20593119147981387
52,Clin + Rad + BiomedCLIP,0.16594842506456595,0.1600638446002451,0.1654686175039779,0.16016947814646285
53,Clin + Rad + BiomedCLIP,0.19046103348292767,0.2111594503001596,0.19053028091193105,0.211523527822299
54,Clin + Rad + BiomedCLIP,0.13643918399977611,0.15161703677367291,0.1362607494878077,0.15171376769176959
55,Clin + Rad + BiomedCLIP,0.14401862263133103,0.1467094838918393,0.14412828128779395,0.14705415758037899
56,Clin + Rad + BiomedCLIP,0.1427326097936937,0.14550806332768146,0.14227587195447292,0.14553780398323454
57,Clin + Rad + BiomedCLIP,0.19498390660807846,0.21275812986988812,0.1949396377824568,0.2129360916229868
58,Clin + Rad + BiomedCLIP,0.19090119541042597,0.21397998419471084,0.19080092827920317,0.2141710759317273
59,Clin + Rad + BiomedCLIP,0.1996672686065129,0.2027921251625917,0.19947792865200464,0.20292491862528397
60,Clin + Rad + BiomedCLIP,0.20521791775583362,0.20838155445952009,0.20535688116857387,0.20858539957514582
61,Clin + Rad + BiomedCLIP,0.1878775119503526,0.20350769434466734,0.18808420590679417,0.2036969774229248
62,Clin + Rad + BiomedCLIP,0.19518165062807702,0.21184601616287357,0.19509100745812913,0.21215030360843906
63,Clin + Rad + BiomedCLIP,0.17986716175576994,0.19764829636049758,0.18030972352466282,0.19801448825929685
64,Clin + Rad + BiomedCLIP,0.15007120498989523,0.1550274387484461,0.14998861274900022,0.15525040267698584
65,Clin + Rad + BiomedCLIP,0.1389448857248203,0.1559889884843145,0.13873588660695946,0.15616714683693952
66,Clin + Rad + BiomedCLIP,0.16240132000929855,0.15959374166651918,0.16245373740529492,0.15969654244021556
67,Clin + Rad + BiomedCLIP,0.14879165190098648,0.14467462562216643,0.14845043328818613,0.14483350299415812
68,Clin + Rad + BiomedCLIP,0.16296954565010083,0.17604310079845167,0.1626453213075802,0.17620409094409975
69,Clin + Rad + BiomedCLIP,0.20399770704056322,0.21203900025684055,0.2041389359510338,0.21214654024245977
70,Clin + Rad + BiomedCLIP,0.15627603647982977,0.1662885278126358,0.15637430974203803,0.16649958943566548
71,Clin + Rad + BiomedCLIP,0.2093687067581812,0.21024025351389403,0.20891528288458738,0.2103901674292054
72,Clin + Rad + BiomedCLIP,0.2022033927759542,0.22466980568367179,0.2024509089658329,0.22497027196772218
73,Clin + Rad + BiomedCLIP,0.19506673338258598,0.19811300382923985,0.1948712684417534,0.19828598155067606
74,Clin + Rad + BiomedCLIP,0.20259074576151043,0.21816824616521052,0.2027373813148856,0.2183331927847624
75,Clin + Rad + BiomedCLIP,0.1419212697128229,0.1522967460485519,0.14143353970779574,0.1524191471022313
76,Clin + Rad + BiomedCLIP,0.18402090932750365,0.20551866991738446,0.18398044537400327,0.2056809969946021
77,Clin + Rad + BiomedCLIP,0.15355625526191005,0.14946995014163228,0.1536598442071226,0.1496159683118972
78,Clin + Rad + BiomedCLIP,0.14641733655290398,0.16614014425295123,0.146523845018525,0.1661904214006802
79,Clin + Rad + BiomedCLIP,0.14309890094004737,0.16035692478525113,0.14303022970249218,0.16047679698815545
80,Clin + Rad + BiomedCLIP,0.20225916149240855,0.2076516824255514,0.20240595419776275,0.2078008799763612
81,Clin + Rad + BiomedCLIP,0.1341981142933603,0.14492113277977325,0.13434499423897708,0.14527488974302502
82,Clin + Rad + BiomedCLIP,0.1445976316175069,0.14710909024776805,0.14482520967703558,0.14743127875206238
83,Clin + Rad + BiomedCLIP,0.2025633664306154,0.2019071471868258,0.2027669013144941,0.2020067714495102
84,Clin + Rad + BiomedCLIP,0.17871987929819144,0.19021449085227266,0.1786071129023085,0.1905755517165208
85,Clin + Rad + BiomedCLIP,0.20156626051718946,0.20392411664256072,0.20124967738150049,0.20410216558123584
86,Clin + Rad + BiomedCLIP,0.19955298345679992,0.21783820795422099,0.19967777034691667,0.21805089767686608
87,Clin + Rad + BiomedCLIP,0.1491385811777452,0.14784370550573464,0.14881103131774706,0.1481537907030944
88,Clin + Rad + BiomedCLIP,0.20641293620241274,0.21668457725991924,0.20653617921498377,0.21685213729587532
89,Clin + Rad + BiomedCLIP,0.20164787874454704,0.2228776100244264,0.201866384644607,0.22316807833043872
90,Clin + Rad + BiomedCLIP,0.15087333253284224,0.14410787342968784,0.15098905947271107,0.14434385065439417
91,Clin + Rad + BiomedCLIP,0.19709628962609702,0.21798663195208146,0.19668056603134204,0.2181438295582918
92,Clin + Rad + BiomedCLIP,0.18238622034623514,0.19221628403430358,0.18234880446064908,0.19240397436201215
93,Clin + Rad + BiomedCLIP,0.15554806092594986,0.15324093232391134,0.1553368281480636,0.15334893831490307
94,Clin + Rad + BiomedCLIP,0.1462670431205259,0.15582287969113226,0.14595242702766467,0.15600441221232555
95,Clin + Rad + BiomedCLIP,0.1474477001140926,0.15601300946861724,0.14761427625146886,0.15618564524890058
96,Clin + Rad + BiomedCLIP,0.1551835322240849,0.16360026208590855,0.15483997288303988,0.1638891939535255
97,Clin + Rad + BiomedCLIP,0.1711171463605936,0.20672694745588918,0.17128977968633746,0.2069221301331915
98,Clin + Rad + BiomedCLIP,0.13933080651779572,0.14335366095103233,0.1395808782145643,0.14347191383642838
99,Clin + Rad + BiomedCLIP,0.13591564519011537,0.14807225027102663,0.13560285932623256,0.14843569719196414
100,Clin + Rad + BiomedCLIP,0.1719750500240773,0.17257269600920794,0.1716387274375714,0.1727589106022878
101,Clin + Rad + BiomedCLIP,0.20891915124678068,0.19990271341577603,0.20904523230887279,0.20008372879323116
102,Clin + Rad + BiomedCLIP,0.1548500961682055,0.17374687402110858,0.1549301446097589,0.17412720291408382
103,Clin + Rad + BiomedCLIP,0.22482897746843597,0.21774372521798982,0.22495280824616765,0.2178257526421798
104,Clin + Rad + BiomedCLIP,0.20329133774581162,0.2086985535627498,0.2032281634882326,0.2088904693954154
105,Clin + Rad + BiomedCLIP,0.1453358946983609,0.1467117239049445,0.14499260430694577,0.14686098156836988
106,Clin + Rad + BiomedCLIP,0.15116047787181078,0.15106882179495246,0.15130907330412752,0.1513958441505204
107,Clin + Rad + BiomedCLIP,0.201812736179131,0.2127891541925578,0.20146029892409345,0.212829630173122
108,Clin + Rad + BiomedCLIP,0.15314132018191354,0.16016513111990197,0.15266110134282726,0.16042742530798193
109,Clin + Rad + BiomedCLIP,0.2057124613146429,0.2225201279643296,0.205581696321495,0.22279404623120388
110,Clin + Rad + BiomedCLIP,0.15996801575584715,0.15233312544953143,0.1600957049226499,0.1525130209748063
111,Clin + Rad + BiomedCLIP,0.18825050914818914,0.20040407774686864,0.18791855952066802,0.20055879997392984
112,Clin + Rad + BiomedCLIP,0.18947909690827197,0.2139910786533938,0.189609886443399,0.21413449515450053
113,Clin + Rad + BiomedCLIP,0.2005189514065212,0.19468271251181585,0.20065003120574534,0.19489820814538017
114,Clin + Rad + BiomedCLIP,0.20130708975142733,0.20859794754795932,0.20126791230775853,0.20872437994606652
115,Clin + Rad + BiomedCLIP,0.15314200715903362,0.1462545859560133,0.1529953592673241,0.14645982072146377
116,Clin + Rad + BiomedCLIP,0.15013659830884302,0.16300518296907449,0.1498031764721684,0.16302756014255004
117,Clin + Rad + BiomedCLIP,0.12389381622709118,0.14478919149932315,0.12383076420394613,0.14494353650861436
118,Clin + Rad + BiomedCLIP,0.1330383035540893,0.1467194739585529,0.13272447393601086,0.14675945009345231
119,Clin + Rad + BiomedCLIP,0.15401001439126707,0.15480052793071244,0.15356779759463274,0.15497001031815952
120,Clin + Rad + BiomedCLIP,0.16022425630738898,0.16600633104747473,0.16039809724479062,0.16615122566475674
121,Clin + Rad + BiomedCLIP,0.1849787864655585,0.20448754674764255,0.18459728999900268,0.2046514631364086
122,Clin + Rad + BiomedCLIP,0.153736522221121,0.16244886117341648,0.15343942366570798,0.16259405501483262
123,Clin + Rad + BiomedCLIP,0.1393254740608115,0.14411757168733896,0.13922496265094225,0.14422898037584025
124,Clin + Rad + BiomedCLIP,0.20512542505771963,0.1937706401230118,0.2050989165269919,0.19395102472333658
125,Clin + Rad + BiomedCLIP,0.21558085174909883,0.2333571428040059,0.21563008306572704,0.2334368831611855
126,Clin + Rad + BiomedCLIP,0.20105297028233562,0.22182939777000407,0.20092288404846323,0.2221633925810134
127,Clin + Rad + BiomedCLIP,0.20814911172656364,0.20643361141614128,0.2082301184438424,0.20655458428414414
128,Clin + Rad + BiomedCLIP,0.200871511016206,0.21542679634041795,0.20132617262333735,0.21556442928727004
129,Clin + Rad + BiomedCLIP,0.14339172999701089,0.15779393794506738,0.14290364674240247,0.15799607563459248
130,Clin + Rad + BiomedCLIP,0.16877933534890405,0.16033806945010928,0.16856128190006542,0.16046532351120182
131,Clin + Rad + BiomedCLIP,0.21136126831538873,0.21215381793766563,0.21148308150780407,0.21226980426810546
132,Clin + Rad + BiomedCLIP,0.1845430536482398,0.19381310738467683,0.18467612953674012,0.19398466770163095
133,Clin + Rad + BiomedCLIP,0.1856364392236717,0.19860492428446314,0.18550849567321123,0.19871555213605616
134,Clin + Rad + BiomedCLIP,0.2046390364815558,0.21075599219088934,0.20503352880534897,0.21095609005460084
135,Clin + Rad + BiomedCLIP,0.1958157857560079,0.20156066596165179,0.19567410242454872,0.20163898903462152
136,Clin + Rad + BiomedCLIP,0.1267403892986884,0.13509429816607454,0.12690423602765516,0.13528377248053958
137,Clin + Rad + BiomedCLIP,0.19729145349058794,0.21304797192276365,0.1972132610733575,0.2133950128989551
138,Clin + Rad + BiomedCLIP,0.14717140770641268,0.15966436280555468,0.14702435052979823,0.1600359917137207
139,Clin + Rad + BiomedCLIP,0.13905416872576026,0.1600308643260952,0.13874608131251107,0.16033790157776698
140,Clin + Rad + BiomedCLIP,0.2008321137772233,0.20290349887721607,0.20054476503379234,0.20299836349912384
141,Clin + Rad + BiomedCLIP,0.20541440502433503,0.22277304249072102,0.20535907814735457,0.22287599439762343
142,Clin + Rad + BiomedCLIP,0.13629270624678844,0.14614500577080947,0.13594229201708655,0.14616248905935827
143,Clin + Rad + BiomedCLIP,0.20563385311031845,0.2087951160792871,0.20570432937482583,0.20891668836685443
144,Clin + Rad + BiomedCLIP,0.19840605716251675,0.2101809071199605,0.19860712544600853,0.21034276592753795
145,Clin + Rad + BiomedCLIP,0.16287572903087869,0.16459301191681272,0.16271485190308546,0.16497223278092685
146,Clin + Rad + BiomedCLIP,0.14739815732248185,0.15795871367713823,0.14723325989392774,0.15811890934940642
147,Clin + Rad + BiomedCLIP,0.1512317127231282,0.1630397183076179,0.15133729338155694,0.16309272493903712
148,Clin + Rad + BiomedCLIP,0.2055089623016069,0.20175278499227176,0.20533049449135998,0.201891077135319
149,Clin + Rad + BiomedCLIP,0.14281594157761035,0.14733071332861367,0.1429275787056437,0.14751852044081096
150,Clin + Rad + BiomedCLIP,0.14282101561544175,0.15461347072701825,0.14324839276623635,0.1547889655177553
151,Clin + Rad + BiomedCLIP,0.1328354339420482,0.13960184619687585,0.1327907367637322,0.13980437617590152
152,Clin + Rad + BiomedCLIP,0.15190934217024404,0.14411581094240408,0.15155429831582767,0.14431006645388197
153,Clin + Rad + BiomedCLIP,0.13554808386772563,0.14030514688183893,0.13568943416147067,0.14046551986308042
154,Clin + Rad + BiomedCLIP,0.19791367078576994,0.20327020906711496,0.1980986402632571,0.20344175888127422
155,Clin + Rad + BiomedCLIP,0.14166453486547587,0.15321897727664233,0.14187353198359257,0.1526597453165092
156,Clin + Rad + BiomedCLIP,0.15319488106647952,0.16187614352710403,0.15367160275935976,0.16222690551978952
157,Clin + Rad + BiomedCLIP,0.1677010324861799,0.15226705299468285,0.16805612562532846,0.1523653205610119
158,Clin + Rad + BiomedCLIP,0.19276931214428566,0.2036420343461149,0.1930103764258138,0.20379728339795372
159,Clin + Rad + BiomedCLIP,0.14983618813105043,0.1507422886803098,0.14964126662571506,0.15086563587163337
160,Clin + Rad + BiomedCLIP,0.1589581378780685,0.15303888155380607,0.15851402727716551,0.1533183545463236
161,Clin + Rad + BiomedCLIP,0.14932006800137113,0.16900724808564022,0.14938663497513463,0.16923221253532456
162,Clin + Rad + BiomedCLIP,0.14038452221190267,0.13627120102909104,0.14057284612008344,0.13642791426549464
163,Clin + Rad + BiomedCLIP,0.18642030567844867,0.2193875251838383,0.18628297250622106,0.21949787512063934
164,Clin + Rad + BiomedCLIP,0.12237460907343438,0.14121684247405655,0.12248744420901642,0.14132871551267548
165,Clin + Rad + BiomedCLIP,0.1760849261724636,0.20242057313000783,0.17568171960000276,0.20275654851463465
166,Clin + Rad + BiomedCLIP,0.1612330616888189,0.16191919839330182,0.16078962482741194,0.16209379223884038
167,Clin + Rad + BiomedCLIP,0.20627630709829564,0.2219119706092333,0.20586233460463227,0.22224872224601236
168,Clin + Rad + BiomedCLIP,0.20581309190567185,0.21616318922242697,0.20551750485789577,0.21624446669744465
169,Clin + Rad + BiomedCLIP,0.14894789046806126,0.1655632859792468,0.14847483612815038,0.1656642374701634
170,Clin + Rad + BiomedCLIP,0.21071774732216147,0.23194485766454742,0.21038523664014802,0.23196849036372502
171,Clin + Rad + BiomedCLIP,0.19841326061331074,0.19453571638888106,0.198365603845742,0.19474777997752796
172,Clin + Rad + BiomedCLIP,0.15629267690848478,0.1635289089354838,0.15599390059018114,0.16368748740028913
173,Clin + Rad + BiomedCLIP,0.1920003197652907,0.21255566518344732,0.19154087434528078,0.21271868241913097
174,Clin + Rad + BiomedCLIP,0.21375539006999592,0.20414830895286173,0.213945251057276,0.204424058377847
175,Clin + Rad + BiomedCLIP,0.14253341884696105,0.14185761855312773,0.14295702211382785,0.1420394095791112
176,Clin + Rad + BiomedCLIP,0.14630569627189774,0.1545905800443157,0.14611951663111497,0.15493400896709691
177,Clin + Rad + BiomedCLIP,0.20579018049568273,0.2168039074186305,0.2056613689251989,0.21706364584500332
178,Clin + Rad + BiomedCLIP,0.19520675087121817,0.19675319674391958,0.19533821624195785,0.1969392950228868
179,Clin + Rad + BiomedCLIP,0.20168991460524918,0.20511731472202344,0.20181746468974515,0.2053290658422982
180,Clin + Rad + BiomedCLIP,0.1580203708824206,0.16205436049444666,0.15793492770932324,0.1621723270990986
181,Clin + Rad + BiomedCLIP,0.18518604457744214,0.20009406017640516,0.18567629207798814,0.20022069471721166
182,Clin + Rad + BiomedCLIP,0.14293901259500574,0.15837899785190307,0.1426195339702305,0.15850723911044878
183,Clin + Rad + BiomedCLIP,0.14123432127894864,0.1479669823587988,0.14111643430374846,0.14807917053746117
184,Clin + Rad + BiomedCLIP,0.21220611454028843,0.2199684597983837,0.2124552592458812,0.22013888674759596
185,Clin + Rad + BiomedCLIP,0.17766291388434008,0.19178344462982064,0.17748720813901842,0.19212801096467286
186,Clin + Rad + BiomedCLIP,0.19321231197236505,0.2041948548227096,0.19364792849693999,0.2045502198535851
187,Clin + Rad + BiomedCLIP,0.2035039344729348,0.21887826806234564,0.20306344680411795,0.21920315852204258
188,Clin + Rad + BiomedCLIP,0.15403327603925646,0.16108213645459724,0.15392669596760547,0.16126579013143041
189,Clin + Rad + BiomedCLIP,0.20040380359316173,0.22403708832685237,0.20025691210879226,0.2241790274377947
190,Clin + Rad + BiomedCLIP,0.14320993251978992,0.16715070082191522,0.14302428633321196,0.16726727026800056
191,Clin + Rad + BiomedCLIP,0.20065405694267818,0.20875856302680731,0.20076015432151822,0.2088889695984207
192,Clin + Rad + BiomedCLIP,0.13414230378208475,0.1551096806403889,0.13438597610710218,0.15519985548044665
193,Clin + Rad + BiomedCLIP,0.1643103414809157,0.1717398476169424,0.16449898447678235,0.17203385318946418
194,Clin + Rad + BiomedCLIP,0.20577290064320505,0.22921401771887556,0.20590371123651102,0.22913763458858827
195,Clin + Rad + BiomedCLIP,0.19241534003969424,0.20620588436320975,0.19206062045354233,0.2065643086486454
196,Clin + Rad + BiomedCLIP,0.20469312760416553,0.2043967628960189,0.20463744322149002,0.20449915936005397
197,Clin + Rad + BiomedCLIP,0.13882248321384058,0.1574013690167443,0.13861727437953042,0.15768312384732044
198,Clin + Rad + BiomedCLIP,0.13919070149681273,0.14386824768234285,0.13905262701050597,0.1440507050313485
199,Clin + Rad + BiomedCLIP,0.13768734513432204,0.15736424428567042,0.1375442137470915,0.15744764089492022
200,Clin + Rad + BiomedCLIP,0.19893362452905464,0.21240179630914335,0.1987994284039128,0.2125628155405808
201,Clin + Rad + BiomedCLIP,0.1159867340744618,0.14654142603458578,0.11582375139989234,0.14673886532277045
202,Clin + Rad + BiomedCLIP,0.14221488661987916,0.13934536483269183,0.14182928961260918,0.13943769327787128
203,Clin + Rad + BiomedCLIP,0.1536325602736367,0.15093645080815815,0.1532144421826037,0.15110615407193015
204,Clin + Rad + BiomedCLIP,0.14100416873591187,0.15390512254833788,0.14069634818521598,0.1539441213830573
205,Clin + Rad + BiomedCLIP,0.19117323638551953,0.209062809891985,0.19104532435684565,0.20925904388020497
206,Clin + Rad + BiomedCLIP,0.1765317706231624,0.2181936942111583,0.17640445007949998,0.21852378709328443
207,Clin + Rad + BiomedCLIP,0.19405249251845233,0.21723280027538383,0.19364495402167628,0.21730705015904175
208,Clin + Rad + BiomedCLIP,0.15589945148110942,0.1403184648404331,0.15608190628635715,0.14050591168154167
209,Clin + Rad + BiomedCLIP,0.15586914714319092,0.16554633580235442,0.15574054889637315,0.16566293388945344
210,Clin + Rad + BiomedCLIP,0.1481069962685959,0.16002174807073155,0.14796335615087805,0.1600401035937932
211,Clin + Rad + BiomedCLIP,0.13119804510699593,0.14641152112600433,0.13143047655905243,0.14675165861935494
212,Clin + Rad + BiomedCLIP,0.21652475546932132,0.21522792721381895,0.21660114817634732,0.21556829215835768
213,Clin + Rad + BiomedCLIP,0.20619722621037798,0.2134836780529474,0.2060084489662756,0.21359203750648265
214,Clin + Rad + BiomedCLIP,0.13667487120111776,0.1461040704859375,0.13683562813491432,0.1462604616077031
215,Clin + Rad + BiomedCLIP,0.15511538243052023,0.15354166648908305,0.15464143079267406,0.15392489500223291
216,Clin + Rad + BiomedCLIP,0.15855913988736184,0.15575613000227378,0.1587270671730284,0.15595677257011764
217,Clin + Rad + BiomedCLIP,0.19288037843125777,0.21117855099368293,0.1925275755127792,0.21121478915915737
218,Clin + Rad + BiomedCLIP,0.1460563684160262,0.14948269757160576,0.146469944489582,0.1496819367929627
219,Clin + Rad + BiomedCLIP,0.189582353229376,0.21027725327842994,0.18918446328838345,0.21065423960993396
220,Clin + Rad + BiomedCLIP,0.20075148862258868,0.21110072049457404,0.2003021154942086,0.2112883267938468
221,Clin + Rad + BiomedCLIP,0.20113812272306952,0.2143987766573858,0.2012902433549989,0.214525625510182
222,Clin + Rad + BiomedCLIP,0.20330347168337692,0.21797982129318863,0.20373926702243209,0.21825283174751406
223,Clin + Rad + BiomedCLIP,0.12185865146418266,0.1303253798859017,0.12169812450455708,0.13044528663295663
224,Clin + Rad + BiomedCLIP,0.19322181167990596,0.21824990136950997,0.19329309033845368,0.21845361711527972
225,Clin + Rad + BiomedCLIP,0.1905076286543702,0.21279752290976015,0.19031939495909322,0.21298324148903688
226,Clin + Rad + BiomedCLIP,0.18470638053132513,0.21324360497816447,0.18452294492797774,0.213360127743946
227,Clin + Rad + BiomedCLIP,0.18783992906779515,0.1978289430905163,0.18797411978893344,0.19799496379926895
228,Clin + Rad + BiomedCLIP,0.20161758379007388,0.22389061527244197,0.2015642379673227,0.22418871869511886
229,Clin + Rad + BiomedCLIP,0.20698476250907932,0.2149203447034464,0.20680075371931816,0.2151160408221633
230,Clin + Rad + BiomedCLIP,0.14060460028954244,0.158530262272344,0.14071934745633205,0.15871191094279533
231,Clin + Rad + BiomedCLIP,0.20969589873354327,0.21592477365824672,0.20925282706591128,0.21602719025592634
232,Clin + Rad + BiomedCLIP,0.14602585307300842,0.17067479501458943,0.14615013233017182,0.1707834511675642
233,Clin + Rad + BiomedCLIP,0.13848107308292168,0.15031719792525347,0.13813864307009455,0.15063117705013832
234,Clin + Rad + BiomedCLIP,0.1498473769579669,0.15730939275144828,0.14940163418836705,0.15746581976385154
235,Clin + Rad + BiomedCLIP,0.18612470293985445,0.19981747003050618,0.1860090890255528,0.19998592490821873
236,Clin + Rad + BiomedCLIP,0.14145571013601316,0.1516190938971372,0.14159227727853488,0.15178326397989866
237,Clin + Rad + BiomedCLIP,0.18860822612723654,0.18997130584262664,0.1885116629691457,0.19014960677200107
238,Clin + Rad + BiomedCLIP,0.20035361394569517,0.22268250147453986,0.2001978048810084,0.22302556488061412
239,Clin + Rad + BiomedCLIP,0.18055907025095733,0.19165519959932117,0.18076195505641565,0.1918543096868048
240,Clin + Rad + BiomedCLIP,0.14546363970775028,0.1576830796355851,0.14527164233476564,0.15804455484723756
241,Clin + Rad + BiomedCLIP,0.14462419078406366,0.14619330031730224,0.14420255866272313,0.14639023131312692
242,Clin + Rad + BiomedCLIP,0.15305131380575424,0.15534577908241126,0.15324632031172924,0.15548928754207061
243,Clin + Rad + BiomedCLIP,0.14071879070501045,0.14244795101619495,0.14088200123879105,0.14255854192779396
244,Clin + Rad + BiomedCLIP,0.15339905267680928,0.16262722694136042,0.15349714899359745,0.16281397818441498
245,Clin + Rad + BiomedCLIP,0.18898162916888347,0.21589389232295936,0.18893478817039946,0.21610523214252036
246,Clin + Rad + BiomedCLIP,0.2150606764444852,0.22220790284625916,0.2151908632769197,0.22235798964993722
247,Clin + Rad + BiomedCLIP,0.20560721178734384,0.22623912829126053,0.20527278259990023,0.22635254826416232
248,Clin + Rad + BiomedCLIP,0.20891988771634493,0.21331406345753137,0.20858726207146017,0.2134879229214223
249,Clin + Rad + BiomedCLIP,0.18640293481937406,0.21404633279973512,0.18653506841665976,0.21423273671977636
250,Clin + Rad + BiomedCLIP,0.15290482329001895,0.16272771787585158,0.15305760789871123,0.16285391132779511
251,Clin + Rad + BiomedCLIP,0.1409190950520427,0.15738200632609034,0.1405643995213399,0.15733692864567708
252,Clin + Rad + BiomedCLIP,0.152297153507991,0.1593372781485597,0.1520892374280439,0.15971768172439588
253,Clin + Rad + BiomedCLIP,0.14037802803372243,0.14607822427951062,0.14059740871086354,0.14619241017245527
254,Clin + Rad + BiomedCLIP,0.15687492648913165,0.16108292569541413,0.15694570761464344,0.1611998957559295
255,Clin + Rad + BiomedCLIP,0.22298537772583488,0.22557117073817742,0.22264639719356225,0.22576422939665997
256,Clin + Rad + BiomedCLIP,0.12438484404653054,0.17450015494728308,0.12447904531494038,0.17486606363812443
257,Clin + Rad + BiomedCLIP,0.1957816566280361,0.22248367215335513,0.1958739850313222,0.22267397997525015
258,Clin + Rad + BiomedCLIP,0.1451348697212874,0.1439500190848028,0.1453302594977667,0.14405418664091202
259,Clin + Rad + BiomedCLIP,0.158634770602398,0.15525380377134843,0.1588248425765278,0.15546397768775122
260,Clin + Rad + BiomedCLIP,0.19253570343612025,0.21079753288905326,0.19248199881592434,0.2108806955390543
261,Clin + Rad + BiomedCLIP,0.15716075722986272,0.15576866868755543,0.1573885098219472,0.15594851052739706
262,Clin + Rad + BiomedCLIP,0.18698106637502912,0.1951685273221755,0.18694304466117728,0.1953769417454668
263,Clin + Rad + BiomedCLIP,0.19242700537730692,0.2027285034880422,0.192365764802989,0.20288035356156606
264,Clin + Rad + BiomedCLIP,0.20063775548963445,0.22011921065849896,0.20019376411676842,0.22040087018664412
265,Clin + Rad + BiomedCLIP,0.20161007591727367,0.20972571283771285,0.20169763085140877,0.20972006548574135
266,Clin + Rad + BiomedCLIP,0.15656513640480996,0.16876433884016884,0.15662956790831858,0.16897508025369443
267,Clin + Rad + BiomedCLIP,0.20161530155689736,0.22864365253334465,0.2018062205031197,0.2289520731489705
268,Clin + Rad + BiomedCLIP,0.1359355757859277,0.14750739831228984,0.13578888013419962,0.14760278204620553
269,Clin + Rad + BiomedCLIP,0.15488137007260916,0.1580288761486047,0.15510683344812765,0.15813606165429314
270,Clin + Rad + BiomedCLIP,0.1490224741393531,0.1791215652339228,0.1488112502998133,0.17926210891180003
271,Clin + Rad + BiomedCLIP,0.16080200346604334,0.15394128040956634,0.1607441186263133,0.15410150445481996
272,Clin + Rad + BiomedCLIP,0.14595075468594862,0.16381546980948958,0.14611185531579768,0.16384836592576518
273,Clin + Rad + BiomedCLIP,0.13747481309420817,0.16550575963829614,0.13759232868634289,0.16586727352312147
274,Clin + Rad + BiomedCLIP,0.15452288656859464,0.1493302675069407,0.15445206278293389,0.14952179325856566
275,Clin + Rad + BiomedCLIP,0.15113952788095264,0.1520344425191469,0.15132184350358274,0.15212470081873836
276,Clin + Rad + BiomedCLIP,0.20438357629064796,0.20495098593459266,0.20427251937742016,0.2051585176038593
277,Clin + Rad + BiomedCLIP,0.2007826978276026,0.20744183375544026,0.20098719773777546,0.20762732870064884
278,Clin + Rad + BiomedCLIP,0.14521903300493003,0.1488178894897227,0.14507212333397224,0.1491729170616089
279,Clin + Rad + BiomedCLIP,0.18886501754039547,0.21029712010955864,0.1887327979152934,0.21037438467428282
280,Clin + Rad + BiomedCLIP,0.19885321551143806,0.20953939134723668,0.19904372829887707,0.20949222860621147
281,Clin + Rad + BiomedCLIP,0.1378366789446183,0.15524849198999466,0.1374290086348964,0.15540903891957225
282,Clin + Rad + BiomedCLIP,0.20767708638752733,0.2226553079950543,0.20748633579642406,0.22274721033106143
283,Clin + Rad + BiomedCLIP,0.20706341593685634,0.21411312245902223,0.20674946061394314,0.21421717089072514
284,Clin + Rad + BiomedCLIP,0.15483068998374722,0.16154281245574392,0.15500306544281997,0.16165131595601437
285,Clin + Rad + BiomedCLIP,0.2105361440570952,0.2243805659409292,0.21035284471202978,0.22445249662315048
286,Clin + Rad + BiomedCLIP,0.19841101386320883,0.22718077144755158,0.19853027345559676,0.2274813254128312
287,Clin + Rad + BiomedCLIP,0.189521649560684,0.21057587254259771,0.18965364575877047,0.21071127691535838
288,Clin + Rad + BiomedCLIP,0.20712120159240008,0.2177206958422107,0.2072420049548303,0.2178640728996178
289,Clin + Rad + BiomedCLIP,0.1523669617515104,0.15237570060206868,0.15221161131432565,0.1525569319170731
290,Clin + Rad + BiomedCLIP,0.14504828337308048,0.16724808088977228,0.14491482058856525,0.16756484723141318
291,Clin + Rad + BiomedCLIP,0.19629963236086317,0.2221511172404988,0.19644314440109234,0.22251278715968434
292,Clin + Rad + BiomedCLIP,0.15514815576755903,0.14730262042391667,0.15524287966771808,0.14748402304630576
293,Clin + Rad + BiomedCLIP,0.1379481385882773,0.1465113363654588,0.1378902536089773,0.1465957309099556
294,Clin + Rad + BiomedCLIP,0.14070333644783933,0.14304809125139384,0.14074782987317327,0.14307986445846038
295,Clin + Rad + BiomedCLIP,0.17627705176585903,0.2022139231873151,0.17621037029228243,0.2023164480804946
296,Clin + Rad + BiomedCLIP,0.2011811671424486,0.21400875713022338,0.20130137946620177,0.21428360097399937
297,Clin + Rad + BiomedCLIP,0.20909687505042698,0.2203514519546683,0.20930682746318907,0.22050535273524982
298,Clin + Rad + BiomedCLIP,0.20113662441940183,0.22956274004032046,0.20094897311729024,0.2297781180678867
299,Clin + Rad + BiomedCLIP,0.20469682121929852,0.20835138770917105,0.20514064348262476,0.20849131912458607
300,Clin + Rad + BiomedCLIP,0.2032470969484148,0.21166041226239896,0.20336891299031823,0.2117657537045481
301,Clin + Rad + BiomedCLIP,0.14175481494794517,0.14894570517801325,0.14189893664062528,0.14922713160007445
302,Clin + Rad + BiomedCLIP,0.1597918250909476,0.1642210855760933,0.16023203949916143,0.16459059175546095
303,Clin + Rad + BiomedCLIP,0.14830361115708726,0.16197115271994184,0.14789498676628227,0.16206660727543123
304,Clin + Rad + BiomedCLIP,0.18862328634698214,0.2128098704335173,0.188572209861053,0.21298438813342446
305,Clin + Rad + BiomedCLIP,0.1279442436276707,0.16065839363169748,0.12786675047529086,0.16104184969151675
306,Clin + Rad + BiomedCLIP,0.18894388802134174,0.21769536965220554,0.18942326303390702,0.21781090109511192
307,Clin + Rad + BiomedCLIP,0.136437696198124,0.1395142470109699,0.13623347772516411,0.13961985891010262
308,Clin + Rad + BiomedCLIP,0.19688835604268073,0.20115222876105573,0.19669305824276787,0.2013350928321025
309,Clin + Rad + BiomedCLIP,0.14883907591270218,0.16103865233398568,0.1486943444149832,0.1613796025383647
310,Clin + Rad + BiomedCLIP,0.1434446885240599,0.1514488295419373,0.14353493927524805,0.1515553901002322
311,Clin + Rad + BiomedCLIP,0.1408951531635605,0.15238247910300717,0.1409609501942446,0.15259617428773564
312,Clin + Rad + BiomedCLIP,0.20510358710533905,0.21896761963026637,0.205215907701901,0.21918617354800599
313,Clin + Rad + BiomedCLIP,0.14799692593613634,0.16286677987596226,0.1479376651105404,0.16302818051210263
314,Clin + Rad + BiomedCLIP,0.13599927873700446,0.1450214944570927,0.13585710637016987,0.14521107239880493
315,Clin + Rad + BiomedCLIP,0.14633836938551237,0.15646237791831752,0.1465681918154476,0.15659959049576755
316,Clin + Rad + BiomedCLIP,0.2086300376163002,0.2221405856370908,0.20856759114102733,0.22234505525447662
317,Clin + Rad + BiomedCLIP,0.1966232024209551,0.21111313104863236,0.19675659248024358,0.21144780730002702
318,Clin + Rad + BiomedCLIP,0.143212904100529,0.14651953664991343,0.14313750452926471,0.1467739516607422
319,Clin + Rad + BiomedCLIP,0.14067355370249007,0.1433103151902435,0.14079563772927642,0.14341814035289505
320,Clin + Rad + BiomedCLIP,0.1461518289416869,0.15419945534732962,0.14581107455716755,0.15438070609477153
321,Clin + Rad + BiomedCLIP,0.15204597064812503,0.1557962451660282,0.15185583481952486,0.15590470174352397
322,Clin + Rad + BiomedCLIP,0.22129102724660824,0.22766505688209854,0.22154788717819002,0.22804317184078493
323,Clin + Rad + BiomedCLIP,0.2220215931710065,0.22783575788088822,0.2223956237067638,0.2280558696036929
324,Clin + Rad + BiomedCLIP,0.20873833029788633,0.22679731040018097,0.2088632923965629,0.22690528849093666
325,Clin + Rad + BiomedCLIP,0.14333148918278707,0.13919253939382598,0.1432673870375272,0.13930156146162467
326,Clin + Rad + BiomedCLIP,0.14413946011085485,0.14484113556356182,0.14408363033761154,0.14497018599005398
327,Clin + Rad + BiomedCLIP,0.18747811880601342,0.19589151740991761,0.18734631445559005,0.19597394951340413
328,Clin + Rad + BiomedCLIP,0.18989393588941836,0.19976280480562028,0.19006785123535896,0.1998710564133442
329,Clin + Rad + BiomedCLIP,0.20597053850466407,0.20738400303622118,0.20569687234132517,0.20754441843496413
330,Clin + Rad + BiomedCLIP,0.14198839742678618,0.15516967336897725,0.1417972608235817,0.15538776887212108
331,Clin + Rad + BiomedCLIP,0.148228453826123,0.15324627719066064,0.14782795413643438,0.15332979921190618
332,Clin + Rad + BiomedCLIP,0.15690775524299358,0.1560507750483556,0.15669951631789242,0.15609637359180584
333,Clin + Rad + BiomedCLIP,0.1342344463390555,0.14648050402043283,0.13437493510460513,0.14665776718855736
334,Clin + Rad + BiomedCLIP,0.16130296229097385,0.1797315246819973,0.16081769338730392,0.17976969724472608
335,Clin + Rad + BiomedCLIP,0.19957504180656627,0.21638902622947687,0.19929260670909318,0.2165709494537432
336,Clin + Rad + BiomedCLIP,0.19775633848772373,0.21370584122889671,0.19811716279267594,0.2139091239417538
337,Clin + Rad + BiomedCLIP,0.14049383664679946,0.1472025655596034,0.14001787299100854,0.14756665156409546
338,Clin + Rad + BiomedCLIP,0.1494893485791769,0.16039877114266024,0.14941922449700334,0.16061233801654953
339,Clin + Rad + BiomedCLIP,0.15164486319502737,0.14537034975457866,0.1520203127630377,0.14557156717614284
340,Clin + Rad + BiomedCLIP,0.1549656718310856,0.15317828113423346,0.15491255619378602,0.15330804124643574
341,Clin + Rad + BiomedCLIP,0.19982211026876406,0.21767252332471862,0.19999813590760002,0.2177712409692885
342,Clin + Rad + BiomedCLIP,0.15489625324335227,0.16381140823662307,0.1548414584173533,0.16419781050669446
343,Clin + Rad + BiomedCLIP,0.14512587941164398,0.15550908627651128,0.14481525873636525,0.15581018398094773
344,Clin + Rad + BiomedCLIP,0.14138501054377509,0.15191333936497714,0.14117052775764244,0.15205907785798037
345,Clin + Rad + BiomedCLIP,0.14833702253103714,0.15168121357322664,0.1484179656386347,0.1517961339618988
346,Clin + Rad + BiomedCLIP,0.14754037773471876,0.13993508447025071,0.14772124978645756,0.14002224329721766
347,Clin + Rad + BiomedCLIP,0.1779997044274252,0.21321150768599503,0.17823907533406913,0.21336993359222287
348,Clin + Rad + BiomedCLIP,0.19382396999280058,0.20078020554451628,0.1939416117545889,0.20096593716965006
349,Clin + Rad + BiomedCLIP,0.18401998971768097,0.19652688873232108,0.18424631749159856,0.19665531043511722
350,Clin + Rad + BiomedCLIP,0.14288732129373274,0.14494653152536316,0.14281875017067885,0.14520213843550903
351,Clin + Rad + BiomedCLIP,0.14337817598559044,0.15415728385877345,0.14318363629889663,0.15430761588171102
352,Clin + Rad + BiomedCLIP,0.1387687349081793,0.14838833381156866,0.1386828970516819,0.14856488145556807
353,Clin + Rad + BiomedCLIP,0.1406880115872954,0.14303877703768977,0.14049807638513184,0.14323746090529973
354,Clin + Rad + BiomedCLIP,0.1680266412939612,0.1640319952891109,0.16773714943948204,0.1642349508847827
355,Clin + Rad + BiomedCLIP,0.15417634459949553,0.15578179564756212,0.1541175045316383,0.15599327853963307
356,Clin + Rad + BiomedCLIP,0.1925863282642744,0.20760399973850444,0.1927591904599495,0.20778566808454693
357,Clin + Rad + BiomedCLIP,0.1422930573469813,0.1549444239448869,0.14199487325364232,0.15529001455534655
358,Clin + Rad + BiomedCLIP,0.13928954162686616,0.14386176319344302,0.13921986374973777,0.1440296250841536
359,Clin + Rad + BiomedCLIP,0.1857664453871904,0.1986505123990936,0.18592162888685204,0.19880863608824614
360,Clin + Rad + BiomedCLIP,0.15396154113734992,0.14629761383306114,0.15401383585294945,0.1464220318772108
361,Clin + Rad + BiomedCLIP,0.15139094256855865,0.1582107273055638,0.1511922428755176,0.15833469479410106
362,Clin + Rad + BiomedCLIP,0.15136611346407708,0.15849199271137906,0.15155482196365894,0.15868364912978597
363,Clin + Rad + BiomedCLIP,0.14172513901254707,0.16158153623896473,0.1415390864208154,0.16194430067437485
364,Clin + Rad + BiomedCLIP,0.20149770798257854,0.21585441565082783,0.20136204541178176,0.21618150123231406
365,Clin + Rad + BiomedCLIP,0.20074990140581486,0.22431457047506712,0.20090156795089847,0.22465361726180388
366,Clin + Rad + BiomedCLIP,0.15192871717431333,0.1466019188192306,0.1517880964410344,0.14687490270527298
367,Clin + Rad + BiomedCLIP,0.1380535941331596,0.14869055041090884,0.13842957228128588,0.14881714040142163
368,Clin + Rad + BiomedCLIP,0.14641450048495303,0.1471961365372678,0.14683146128688593,0.1473295417909759
369,Clin + Rad + BiomedCLIP,0.15689041023125688,0.16656213073071374,0.15654444175125484,0.16688423660637067
370,Clin + Rad + BiomedCLIP,0.19403147994437722,0.21035536013333814,0.19422287263943647,0.2105566972203812
1,Clin + Rad + RAD-DINO,0.2081599252193772,0.20291554869360603,0.20832140734020632,0.2029444309918807
2,Clin + Rad + RAD-DINO,0.18916929884454892,0.2058467529075987,0.18854613639950554,0.20587127830954366
3,Clin + Rad + RAD-DINO,0.14175006440042776,0.1411930247723289,0.14188143476088336,0.14122685367727741
4,Clin + Rad + RAD-DINO,0.12728901755877123,0.127426998537836,0.12738040606237894,0.12744646538389126
5,Clin + Rad + RAD-DINO,0.1438444369258477,0.12292524014197763,0.14381115284578652,0.12297365495415653
6,Clin + Rad + RAD-DINO,0.19418554695691495,0.1998443821334809,0.19370077994399698,0.19989391112660462
7,Clin + Rad + RAD-DINO,0.20322719335182726,0.19981046793115873,0.2031495387835603,0.19984311440097147
8,Clin + Rad + RAD-DINO,0.1513291407834919,0.15025114469093986,0.1514126302060887,0.1502875120912278
9,Clin + Rad + RAD-DINO,0.1483051795285524,0.1401578185535486,0.1478457903776321,0.14020117921955488
10,Clin + Rad + RAD-DINO,0.18729422536164153,0.20018438438996194,0.18785476865695086,0.200214846285556
11,Clin + Rad + RAD-DINO,0.13326084538677846,0.1399356553331527,0.13341150561579188,0.13996586723850227
12,Clin + Rad + RAD-DINO,0.18796985036970112,0.1950020566374182,0.1874511233648962,0.19502840037849392
13,Clin + Rad + RAD-DINO,0.13863890720686878,0.15384155525193285,0.1382381778274462,0.15388780493904716
14,Clin + Rad + RAD-DINO,0.14574068133858545,0.14205452022068454,0.14587044617708225,0.14209137684653322
15,Clin + Rad + RAD-DINO,0.19428628075158363,0.20859402665120005,0.19421632207850995,0.2086272506309883
16,Clin + Rad + RAD-DINO,0.13800070939926867,0.13965455956629627,0.13807135996003175,0.13971015277137638
17,Clin + Rad + RAD-DINO,0.1936671509844696,0.20031876523780554,0.1938254883209817,0.20035550987167358
18,Clin + Rad + RAD-DINO,0.16487662361954503,0.1602273690794951,0.16426459333700258,0.16026724873187526
19,Clin + Rad + RAD-DINO,0.16465562718155638,0.14377318447818155,0.16460145450826297,0.143814004652438
20,Clin + Rad + RAD-DINO,0.18666816748845697,0.20323230445047483,0.1878855413152736,0.20327882755734408
21,Clin + Rad + RAD-DINO,0.12074219169064773,0.13847374318045946,0.12081864457997929,0.13851241895037938
22,Clin + Rad + RAD-DINO,0.12075544748037072,0.1278136550715435,0.12091041854590763,0.12785251123134062
23,Clin + Rad + RAD-DINO,0.19925794964815913,0.22208727835121095,0.19929979277557516,0.22213235702838446
24,Clin + Rad + RAD-DINO,0.13926395684769624,0.12511575703015465,0.13948904861811093,0.12513827279786804
25,Clin + Rad + RAD-DINO,0.1907421840180196,0.20096676374362252,0.1906740659362466,0.20099712691559793
26,Clin + Rad + RAD-DINO,0.21604089361906212,0.19665524685401103,0.2162154420685844,0.1966900515322857
27,Clin + Rad + RAD-DINO,0.13546729960704,0.14785348632760348,0.13500980893836056,0.14789383988182842
28,Clin + Rad + RAD-DINO,0.2006650025380704,0.20463098916454428,0.20139558814292147,0.20467910608549134
29,Clin + Rad + RAD-DINO,0.13746390087196034,0.14146076053516055,0.13742816414053724,0.14150671182449404
30,Clin + Rad + RAD-DINO,0.19122471818337122,0.20499119153796455,0.1918293906857035,0.20501168356809593
31,Clin + Rad + RAD-DINO,0.19337493672905193,0.19236459053531255,0.19291053250819246,0.19239405191263326
32,Clin + Rad + RAD-DINO,0.19925253501451992,0.21488698726156988,0.19927639116180682,0.2149234036527128
33,Clin + Rad + RAD-DINO,0.1838857044968752,0.17890659781190227,0.1838350928964223,0.17894545134261178
34,Clin + Rad + RAD-DINO,0.152929444148722,0.13749889844848842,0.15360604644450462,0.13753528434435994
35,Clin + Rad + RAD-DINO,0.13448659790721826,0.13298821998849253,0.1345928654608587,0.13303401199336395
36,Clin + Rad + RAD-DINO,0.14658735046789556,0.1381300213507741,0.146152393226709,0.13817606037230842
37,Clin + Rad + RAD-DINO,0.19172430805500018,0.20163570855112087,0.19170737004913205,0.20167594665585042
38,Clin + Rad + RAD-DINO,0.13533004390861966,0.15138719110384796,0.1347240608082191,0.15142563724200978
39,Clin + Rad + RAD-DINO,0.14443500824587685,0.1662107617858955,0.14440133681323752,0.16624877171995933
40,Clin + Rad + RAD-DINO,0.145434844736302,0.15620374163137166,0.14484979072970347,0.15626034348439105
41,Clin + Rad + RAD-DINO,0.14585196566525557,0.1532396088838232,0.14580442877082175,0.15327972977116952
42,Clin + Rad + RAD-DINO,0.13238917867273423,0.13578085833452122,0.13254669274722553,0.13581315995142562
43,Clin + Rad + RAD-DINO,0.15175980898607117,0.13922886319015257,0.15181713644473302,0.13927975414970492
44,Clin + Rad + RAD-DINO,0.1946196003008266,0.1925095767086783,0.19471561529875334,0.19254929150869132
45,Clin + Rad + RAD-DINO,0.12769733269939781,0.1344128909682901,0.1283130910159152,0.1344504301722477
46,Clin + Rad + RAD-DINO,0.187249697368328,0.2137365140976758,0.18673376886879361,0.21376750119990184
47,Clin + Rad + RAD-DINO,0.19552943550464263,0.2042330378229096,0.19558964993658137,0.2042418690765039
48,Clin + Rad + RAD-DINO,0.14137245015585595,0.13973654211828326,0.14144463839879048,0.13977935542810835
49,Clin + Rad + RAD-DINO,0.14335550456744298,0.14044437172961466,0.14279005826968605,0.14049118652854042
50,Clin + Rad + RAD-DINO,0.14193163019536115,0.14338165062042907,0.14189075544385613,0.14342072359325986
51,Clin + Rad + RAD-DINO,0.19393526585479576,0.20221124188222744,0.19445954927746867,0.2022543158641046
52,Clin + Rad + RAD-DINO,0.1540825601497348,0.15075251870676432,0.154060836166179,0.150782270803267
53,Clin + Rad + RAD-DINO,0.18817897903816014,0.19253892294885872,0.1882483031120058,0.19256949854555486
54,Clin + Rad + RAD-DINO,0.14074391280593676,0.1456640840719342,0.14090093142883703,0.14569350686899085
55,Clin + Rad + RAD-DINO,0.13085595455015978,0.13726207109096214,0.13083789846016014,0.13728549216050764
56,Clin + Rad + RAD-DINO,0.14169028591185748,0.1466654515170125,0.14175479510270178,0.1467090749210447
57,Clin + Rad + RAD-DINO,0.19082312864848874,0.20541414837965746,0.19034051033703359,0.2054467623466092
58,Clin + Rad + RAD-DINO,0.19885887186488074,0.20709847614455412,0.19879145981990223,0.20713375331025877
59,Clin + Rad + RAD-DINO,0.18986460986785267,0.20019549071187798,0.19067244052056018,0.20023719403697665
60,Clin + Rad + RAD-DINO,0.18766350275017998,0.21141508391035918,0.18787816497618604,0.21144533553964154
61,Clin + Rad + RAD-DINO,0.20136416244873975,0.19812848948404682,0.2012646340516055,0.19817517406569352
62,Clin + Rad + RAD-DINO,0.18606135426800677,0.2059471028035816,0.18609931415825862,0.2059657912872642
63,Clin + Rad + RAD-DINO,0.1887633973808843,0.19528278079381392,0.18882998497395898,0.19530595569893885
64,Clin + Rad + RAD-DINO,0.1553460259272829,0.1312142864447593,0.15487219198486554,0.13125554542349505
65,Clin + Rad + RAD-DINO,0.12948572037350595,0.12132875667126398,0.12961777091960575,0.12134138810033852
66,Clin + Rad + RAD-DINO,0.12590794560776056,0.12602598659788078,0.1260273083967736,0.12605248430572863
67,Clin + Rad + RAD-DINO,0.15085463200718296,0.13358991354779737,0.15092056271700974,0.13363863542732382
68,Clin + Rad + RAD-DINO,0.1487951973353741,0.15288844803567278,0.14835001246085136,0.15293890093773654
69,Clin + Rad + RAD-DINO,0.19014739053744728,0.19421891319404797,0.1902451922220238,0.19426214678504325
70,Clin + Rad + RAD-DINO,0.14377581970041545,0.14662844311192905,0.14333411463008577,0.14666800255407061
71,Clin + Rad + RAD-DINO,0.18436341423254887,0.2051737566209334,0.18386380583054632,0.20520513028349718
72,Clin + Rad + RAD-DINO,0.20083843108188332,0.20939755084730996,0.20094914360966418,0.20942259195145746
73,Clin + Rad + RAD-DINO,0.17547128287551342,0.17614355254925115,0.1762619819810996,0.1761700514116407
74,Clin + Rad + RAD-DINO,0.18641537021657836,0.20747861481447383,0.18647526294338332,0.207512982400859
75,Clin + Rad + RAD-DINO,0.13800752059229102,0.1326106555245645,0.13797625863792656,0.1326566760990368
76,Clin + Rad + RAD-DINO,0.1871572033183513,0.20563906723776973,0.18731461456525283,0.20565641589420877
77,Clin + Rad + RAD-DINO,0.13261021617760096,0.15697342213175647,0.13211431935621168,0.1569982400334401
78,Clin + Rad + RAD-DINO,0.1540738200454988,0.15928326273841328,0.15401945943984877,0.15932618481051136
79,Clin + Rad + RAD-DINO,0.15255372939331566,0.13958597967967565,0.15274870278558345,0.13962596134445598
80,Clin + Rad + RAD-DINO,0.20735170534227262,0.1941281053232936,0.20789385044468056,0.19416512340723918
81,Clin + Rad + RAD-DINO,0.14609690750492849,0.13764939360661518,0.14615444093398536,0.13768759313493895
82,Clin + Rad + RAD-DINO,0.15139079496635616,0.13429388195619257,0.15203334792475734,0.13432178148730586
83,Clin + Rad + RAD-DINO,0.2043558349314218,0.21318197721147236,0.20446406188606628,0.21321131459207177
84,Clin + Rad + RAD-DINO,0.1952540246429937,0.19267005666971793,0.1953066087304057,0.1927039019842741
85,Clin + Rad + RAD-DINO,0.19031724632722938,0.196555355711145,0.190363470633261,0.19658206995945
86,Clin + Rad + RAD-DINO,0.1893216999587463,0.2008845666558856,0.18967516258912717,0.20092364271598967
87,Clin + Rad + RAD-DINO,0.15917003529779478,0.1389189584665129,0.15977052025620964,0.1389533807620144
88,Clin + Rad + RAD-DINO,0.18839264696374072,0.19299512928755846,0.18851778411596903,0.1930316626745834
89,Clin + Rad + RAD-DINO,0.17299974509194346,0.1974921211977093,0.17291613344503767,0.19752701440509393
90,Clin + Rad + RAD-DINO,0.1430854229561722,0.12610030163453034,0.14382694751323272,0.12615695439317426
91,Clin + Rad + RAD-DINO,0.1919690256223095,0.1987574290428998,0.19134839723430286,0.19879298271332269
92,Clin + Rad + RAD-DINO,0.18445477541771352,0.20124706593341712,0.18527212141453056,0.20128360111885246
93,Clin + Rad + RAD-DINO,0.144922909273498,0.14204029156730774,0.14566767718163756,0.1420856827939579
94,Clin + Rad + RAD-DINO,0.1406791510121815,0.1449875626093032,0.1408293086763378,0.145026007819693
95,Clin + Rad + RAD-DINO,0.14581602977865865,0.14196044628299015,0.1470254072166418,0.14200049099025816
96,Clin + Rad + RAD-DINO,0.1506245598487031,0.14826846175952743,0.15021526914925448,0.14832067989204192
97,Clin + Rad + RAD-DINO,0.19827245622645898,0.1983180354350754,0.1983328492249749,0.19834058594748422
98,Clin + Rad + RAD-DINO,0.15602421153177645,0.1363184106065768,0.15598353478468432,0.13636107854941285
99,Clin + Rad + RAD-DINO,0.13189425757322332,0.13404579387154128,0.13188836461996084,0.13407480307433609
100,Clin + Rad + RAD-DINO,0.1587486349425532,0.1601835019641728,0.15815188007142625,0.16023865562135464
101,Clin + Rad + RAD-DINO,0.19440030205476563,0.1962598491917386,0.19435763468238337,0.19629996775623668
102,Clin + Rad + RAD-DINO,0.1425171167365359,0.1557816077220344,0.14304709066464588,0.1558165121696724
103,Clin + Rad + RAD-DINO,0.19671474451578957,0.20863690644990246,0.1961708447507215,0.2086780854978709
104,Clin + Rad + RAD-DINO,0.19325240867536592,0.20476698495527726,0.19330152325143718,0.2048053616249054
105,Clin + Rad + RAD-DINO,0.14013019898597145,0.12868576814518642,0.14028347035974822,0.12873750749409033
106,Clin + Rad + RAD-DINO,0.1564472808525255,0.14994105064891497,0.15595403667929075,0.14998609861884413
107,Clin + Rad + RAD-DINO,0.19658211968177722,0.20560471467151276,0.19604523834759627,0.20564534844461219
108,Clin + Rad + RAD-DINO,0.15654050316954604,0.1395808680211416,0.15711955718269446,0.13961298673418945
109,Clin + Rad + RAD-DINO,0.21140570217726726,0.22251768416382478,0.2115217708303079,0.2225480972347872
110,Clin + Rad + RAD-DINO,0.1323351224434208,0.15261876942943764,0.13192365251359167,0.1526689200556372
111,Clin + Rad + RAD-DINO,0.18630680409214043,0.21519626459699034,0.18565143778752108,0.21524908683215074
112,Clin + Rad + RAD-DINO,0.1983530661472252,0.200443342432104,0.19916487957193443,0.20049034821883985
113,Clin + Rad + RAD-DINO,0.197017487075046,0.18679413078392068,0.19766912326291905,0.18683577805608476
114,Clin + Rad + RAD-DINO,0.1910687034103889,0.18656475776155945,0.19101955064740442,0.1866071593710174
115,Clin + Rad + RAD-DINO,0.12373578917371267,0.12695965556779149,0.1239105430233163,0.12700727422479244
116,Clin + Rad + RAD-DINO,0.1505923142449679,0.15929812128728252,0.15000939603737135,0.15934129204505917
117,Clin + Rad + RAD-DINO,0.11540425041796142,0.13677262874285864,0.11555510597607124,0.13680980135036497
118,Clin + Rad + RAD-DINO,0.15301171923530085,0.12621328684559668,0.15298096810284842,0.12626134555038865
119,Clin + Rad + RAD-DINO,0.16005024563201467,0.13670357441976935,0.16082142050501763,0.13674186476651642
120,Clin + Rad + RAD-DINO,0.1471348880062301,0.1335768226060081,0.14711461852628668,0.1336034205524481
121,Clin + Rad + RAD-DINO,0.19804636729336839,0.20471547727464268,0.19870612601798437,0.20473629399970897
122,Clin + Rad + RAD-DINO,0.13534851710318552,0.13958535609447367,0.13532316397781183,0.1396293912528302
123,Clin + Rad + RAD-DINO,0.14914692533404722,0.14272169912720115,0.14973408270632899,0.1427566432361229
124,Clin + Rad + RAD-DINO,0.18437646210277622,0.18433296992775433,0.1845284553389676,0.1843756590998593
125,Clin + Rad + RAD-DINO,0.18819088377925655,0.19978594331564875,0.18773724438147762,0.19980740322311902
126,Clin + Rad + RAD-DINO,0.18567109169023788,0.2159459233300976,0.1851171972311708,0.21598039126481894
127,Clin + Rad + RAD-DINO,0.1875044499081437,0.18890157281386757,0.18812057543744046,0.1889210750876387
128,Clin + Rad + RAD-DINO,0.20926876465291086,0.21217623614487802,0.20993348301311107,0.2122038524429453
129,Clin + Rad + RAD-DINO,0.1226449019396238,0.1324103186762493,0.12279175104378716,0.1324283218637478
130,Clin + Rad + RAD-DINO,0.14482027848516119,0.1466494390031444,0.14435655861539087,0.1466772559368599
131,Clin + Rad + RAD-DINO,0.20528277808503512,0.21351615549258285,0.20650052438405422,0.21355915753187815
132,Clin + Rad + RAD-DINO,0.18621288366073957,0.19727815012251926,0.18632456335061925,0.19732549954339698
133,Clin + Rad + RAD-DINO,0.1807908731689175,0.19915303005163315,0.1809897702022222,0.19917455884448998
134,Clin + Rad + RAD-DINO,0.2012709953249351,0.19771599133553752,0.2013388766185825,0.19775840448533788
135,Clin + Rad + RAD-DINO,0.18604422534423398,0.197311568159136,0.18568089692933015,0.19735245404028198
136,Clin + Rad + RAD-DINO,0.12749956485070915,0.14049949308991466,0.12759035802182372,0.14053955658920655
137,Clin + Rad + RAD-DINO,0.19316361550689812,0.21684237766002284,0.19306422524149644,0.21688208854626403
138,Clin + Rad + RAD-DINO,0.13605125958247824,0.15638867134443868,0.1355789379157324,0.15642061558294706
139,Clin + Rad + RAD-DINO,0.14142503524987227,0.1462280781103907,0.14139553528537366,0.1462726051084702
140,Clin + Rad + RAD-DINO,0.1970950676540881,0.20636186003887036,0.19702240989030845,0.2063996564208968
141,Clin + Rad + RAD-DINO,0.2079236955388415,0.20995863495342298,0.2084578404793254,0.20997334375852003
142,Clin + Rad + RAD-DINO,0.13308664988069135,0.1421389115014175,0.13260793849454686,0.14219618619554736
143,Clin + Rad + RAD-DINO,0.1917137182116963,0.20470202089469589,0.1910939859441156,0.20473239968015838
144,Clin + Rad + RAD-DINO,0.1712790070035897,0.2075830842804895,0.17061983876065123,0.2076116065830752
145,Clin + Rad + RAD-DINO,0.14228071051541755,0.14925340201763487,0.1418630760423537,0.1492841892286878
146,Clin + Rad + RAD-DINO,0.15128495247968674,0.15911031266181017,0.15142193308057708,0.15915017777324358
147,Clin + Rad + RAD-DINO,0.1399895939044659,0.13806486282543087,0.14011851356086658,0.13809349880354888
148,Clin + Rad + RAD-DINO,0.19786256877441696,0.17829757145843983,0.1973486948957485,0.1783381257909306
149,Clin + Rad + RAD-DINO,0.1351715095661694,0.13013875014892787,0.13473055630879344,0.13019383475468777
150,Clin + Rad + RAD-DINO,0.14504874950621113,0.14050893487549873,0.14502316032345627,0.1405511704370273
151,Clin + Rad + RAD-DINO,0.13057050855843455,0.12458879928927136,0.13177648687310412,0.12464217149260312
152,Clin + Rad + RAD-DINO,0.1375386300149993,0.14497238989952188,0.13706143565898501,0.1450357566362927
153,Clin + Rad + RAD-DINO,0.12644188002867873,0.13574738755129956,0.12657846345308768,0.13578722813458136
154,Clin + Rad + RAD-DINO,0.18556450518671655,0.2045674010583882,0.18580135498239822,0.20459141019710425
155,Clin + Rad + RAD-DINO,0.14392507301237642,0.15716216775501876,0.14390471318785467,0.15719370718926406
156,Clin + Rad + RAD-DINO,0.15394672645851312,0.15669355082891986,0.15338030677330697,0.15673506222840114
157,Clin + Rad + RAD-DINO,0.16676291677478258,0.15097969515460175,0.16700263479642674,0.15103028932009793
158,Clin + Rad + RAD-DINO,0.19861480631610823,0.19434810652975593,0.1986580576193622,0.19439813388793048
159,Clin + Rad + RAD-DINO,0.13696794144118185,0.1491835041149711,0.1364839728086528,0.149231547602211
160,Clin + Rad + RAD-DINO,0.15984772021868277,0.14653871728798126,0.15976840806024065,0.14659626279735605
161,Clin + Rad + RAD-DINO,0.1298947045847787,0.15114300223818763,0.12927267547668322,0.15118377481527795
162,Clin + Rad + RAD-DINO,0.12979796031779003,0.1350754513876928,0.13041827688519664,0.13511931182500397
163,Clin + Rad + RAD-DINO,0.1815761497639908,0.21249804706972567,0.181731422156902,0.21251350673702077
164,Clin + Rad + RAD-DINO,0.12157254385449258,0.1290500103840198,0.12171413480594566,0.12910091448843217
165,Clin + Rad + RAD-DINO,0.16594021285746918,0.19987253143386488,0.16587949351131331,0.19989569277256808
166,Clin + Rad + RAD-DINO,0.14400391352177427,0.15141674394108728,0.14343981090570282,0.15146295382576727
167,Clin + Rad + RAD-DINO,0.19376465508981464,0.21082459192333725,0.19314967717516723,0.21086394552116242
168,Clin + Rad + RAD-DINO,0.19537151067271716,0.19550255808764688,0.1947551740365268,0.19553879584546974
169,Clin + Rad + RAD-DINO,0.141225247264386,0.13602120880255847,0.14117566514835633,0.13605163517735794
170,Clin + Rad + RAD-DINO,0.19425221871048928,0.2101004431903733,0.19418284789562792,0.2101236786717917
171,Clin + Rad + RAD-DINO,0.18834103165418278,0.17951776144597117,0.18845141630679574,0.1795470518232032
172,Clin + Rad + RAD-DINO,0.1538791070042508,0.14523750877057526,0.15382573681040504,0.14526475910480055
173,Clin + Rad + RAD-DINO,0.18963525399918485,0.1990642510067579,0.1895578195415558,0.19908827525139508
174,Clin + Rad + RAD-DINO,0.19517278443415317,0.19788492142053635,0.1947022084271862,0.19791172392767548
175,Clin + Rad + RAD-DINO,0.13394070633155097,0.13094318676193578,0.13409546833703861,0.13097114206745233
176,Clin + Rad + RAD-DINO,0.15194676077341548,0.13718368892565816,0.15210529301982653,0.1372107337003952
177,Clin + Rad + RAD-DINO,0.20061567642851943,0.20929609441945807,0.20015810626105643,0.20933389395172472
178,Clin + Rad + RAD-DINO,0.19548856712815663,0.195797537803454,0.195007255670796,0.19584348472873755
179,Clin + Rad + RAD-DINO,0.19004954520337022,0.18519996017599485,0.19013036477365727,0.18523938293511033
180,Clin + Rad + RAD-DINO,0.1480874069160556,0.1498616288568641,0.14762237609035758,0.14988882301238618
181,Clin + Rad + RAD-DINO,0.17562186714644326,0.19990808494444712,0.17555193704418864,0.19993890766503117
182,Clin + Rad + RAD-DINO,0.14849576519268282,0.13552565628956428,0.1480751451799217,0.1355505733837954
183,Clin + Rad + RAD-DINO,0.14103983821393293,0.13245768439665093,0.14160588344591674,0.1324895155054552
184,Clin + Rad + RAD-DINO,0.1891610395205234,0.21346981744874458,0.18909003139236313,0.2134985805996766
185,Clin + Rad + RAD-DINO,0.1756752402368914,0.18901291496148753,0.17581764663175073,0.1890364640371133
186,Clin + Rad + RAD-DINO,0.19869764867682058,0.2030321581110825,0.19863647541180013,0.20306755520815156
187,Clin + Rad + RAD-DINO,0.20437600449956064,0.20370026899740318,0.2039530467082886,0.20372841922201756
188,Clin + Rad + RAD-DINO,0.15012875066601095,0.1488616771738158,0.15010133923653582,0.14888902946276364
189,Clin + Rad + RAD-DINO,0.18455091063789894,0.20697722398732804,0.18407315183408254,0.20699236860512285
190,Clin + Rad + RAD-DINO,0.1443114371501107,0.14386660160484036,0.14438881650608343,0.14391052634274257
191,Clin + Rad + RAD-DINO,0.17682411331072453,0.1998848243221743,0.17695449576268193,0.19990961529035603
192,Clin + Rad + RAD-DINO,0.14182920952480832,0.142251396991081,0.14176974959677927,0.14228815620425297
193,Clin + Rad + RAD-DINO,0.1638432052234197,0.15646300695888243,0.16381262733449867,0.156505587906495
194,Clin + Rad + RAD-DINO,0.21338704271930453,0.22056489774051458,0.21276053799488343,0.22058851712128721
195,Clin + Rad + RAD-DINO,0.18611459518983414,0.18374021674213203,0.18619323932014253,0.18374035233586622
196,Clin + Rad + RAD-DINO,0.19740447005585643,0.18401788687101842,0.19819417297143388,0.18403924831858842
197,Clin + Rad + RAD-DINO,0.14710696088077402,0.14065632756481566,0.14764006158745455,0.1407024319913811
198,Clin + Rad + RAD-DINO,0.13931544986965902,0.14633149612597318,0.13987359982579092,0.1463692624361633
199,Clin + Rad + RAD-DINO,0.15478315370871804,0.15332714995882024,0.15430493649638785,0.1533792705918321
200,Clin + Rad + RAD-DINO,0.21635028878933038,0.21192904949966532,0.21657286173664103,0.21198485898445396
201,Clin + Rad + RAD-DINO,0.12689592139190026,0.13558350423592253,0.1271037252196551,0.13559910896802457
202,Clin + Rad + RAD-DINO,0.15236913430227875,0.14232205591020383,0.15242245938154217,0.14236086498068332
203,Clin + Rad + RAD-DINO,0.13970767160677508,0.13896163166522468,0.13966556326241492,0.13899139442831315
204,Clin + Rad + RAD-DINO,0.15849812576839398,0.16130170716987677,0.1578823763730692,0.16134610907737099
205,Clin + Rad + RAD-DINO,0.19463668404723325,0.21652346332787464,0.1946841980291717,0.21655285820877587
206,Clin + Rad + RAD-DINO,0.19237112816135302,0.20734650334589533,0.19255245469746915,0.20738436796557574
207,Clin + Rad + RAD-DINO,0.1893204172113671,0.21000519146185212,0.1899531271599992,0.21002737006113056
208,Clin + Rad + RAD-DINO,0.12809382512835382,0.1441091881626757,0.12830369411328096,0.14416350164845732
209,Clin + Rad + RAD-DINO,0.15600263112211926,0.15912654574640447,0.15606813344557566,0.1591846280015597
210,Clin + Rad + RAD-DINO,0.14658346406884368,0.14375579705781882,0.14666004819248143,0.14381517166335048
211,Clin + Rad + RAD-DINO,0.14649731864904667,0.14673301631853702,0.1465518898545519,0.1467830041435376
212,Clin + Rad + RAD-DINO,0.19225699998315873,0.20673109222092548,0.1922997327739097,0.20676579082704832
213,Clin + Rad + RAD-DINO,0.19604620726254318,0.2025136440414729,0.19655354866882255,0.2025463688354351
214,Clin + Rad + RAD-DINO,0.12861636837050788,0.14559558274647347,0.1293160862341897,0.1456434201966509
215,Clin + Rad + RAD-DINO,0.1552075273501051,0.14880289002193128,0.1546197680346026,0.1488442978599227
216,Clin + Rad + RAD-DINO,0.15549053877432398,0.14996197940744563,0.15561359221244567,0.15000513924206485
217,Clin + Rad + RAD-DINO,0.20611590781303737,0.21039124235759118,0.20606069923415013,0.2104324949502675
218,Clin + Rad + RAD-DINO,0.13957099351578647,0.13258827134057904,0.1396257804879703,0.13262251615761583
219,Clin + Rad + RAD-DINO,0.19719074108308593,0.18692738076287238,0.19744480587053878,0.18694901281023515
220,Clin + Rad + RAD-DINO,0.19023624487653248,0.19046879951736767,0.1902635610941475,0.1905041986174401
221,Clin + Rad + RAD-DINO,0.18997641871010518,0.21633410720533877,0.19004663808582514,0.21635242186622433
222,Clin + Rad + RAD-DINO,0.20347410718857759,0.2158640546662558,0.20342374014926057,0.2159007497614467
223,Clin + Rad + RAD-DINO,0.13622386099772177,0.1262068315260588,0.1363652632538513,0.12625773621393332
224,Clin + Rad + RAD-DINO,0.1943083514446233,0.20163750213195702,0.19440013061001185,0.20165845641883637
225,Clin + Rad + RAD-DINO,0.18364086850052871,0.20877205377685526,0.18360638054954662,0.20880503830203562
226,Clin + Rad + RAD-DINO,0.18050391223984658,0.22144047695718994,0.1805573152463001,0.22147223620436504
227,Clin + Rad + RAD-DINO,0.1914320734303791,0.18516867050931385,0.19164327587830346,0.18519656976032278
228,Clin + Rad + RAD-DINO,0.19282191979569607,0.19130501647223355,0.19286496412482196,0.19132747598100402
229,Clin + Rad + RAD-DINO,0.19119200379904178,0.19608158621474642,0.19125001450579854,0.19611931912356417
230,Clin + Rad + RAD-DINO,0.16060795222786944,0.14620293613401222,0.1606445809776633,0.14624809099085875
231,Clin + Rad + RAD-DINO,0.19931327784199526,0.20470204485538965,0.19923000937935376,0.20475260706252238
232,Clin + Rad + RAD-DINO,0.13968812090764407,0.14600734676061192,0.139166789728697,0.14605564227809378
233,Clin + Rad + RAD-DINO,0.14338830910093842,0.13052393303384607,0.14402257339925026,0.13054001279023086
234,Clin + Rad + RAD-DINO,0.15022481682247285,0.14834594104600468,0.15097269600050833,0.148391374251576
235,Clin + Rad + RAD-DINO,0.18461091567651972,0.19207757509533327,0.1853583894098039,0.19211245273865973
236,Clin + Rad + RAD-DINO,0.1379168831186392,0.13467084509657917,0.13746668090645867,0.13469772780442463
237,Clin + Rad + RAD-DINO,0.18918702723992728,0.181504052069489,0.18974445791007252,0.1815257230812233
238,Clin + Rad + RAD-DINO,0.21326215985211272,0.18732172270441313,0.21378120947397247,0.18733750858247497
239,Clin + Rad + RAD-DINO,0.18711713741830116,0.19697067173063892,0.18657954830973542,0.19699461557619422
240,Clin + Rad + RAD-DINO,0.13207907212105885,0.1218495806573705,0.13219206271308517,0.1218804656081149
241,Clin + Rad + RAD-DINO,0.1538448255388401,0.13445936541042056,0.15380575097375931,0.13447435816530304
242,Clin + Rad + RAD-DINO,0.15296229366625325,0.14621718578627577,0.15239813274787634,0.14625437103611805
243,Clin + Rad + RAD-DINO,0.13421889241176355,0.12208004734429583,0.13548085012200684,0.12210699213808159
244,Clin + Rad + RAD-DINO,0.15478437942648807,0.1552051569917831,0.1548601355876938,0.15524444464574824
245,Clin + Rad + RAD-DINO,0.1903836277303345,0.18975048353163185,0.19059842753177533,0.18980419977925608
246,Clin + Rad + RAD-DINO,0.19908294751868003,0.21629222448469798,0.19911210640176635,0.21634394871457413
247,Clin + Rad + RAD-DINO,0.19810497913477612,0.2198517295649944,0.19801682874899754,0.21990662669919991
248,Clin + Rad + RAD-DINO,0.21071549739247988,0.2099313245259019,0.21022260939077678,0.20997662748650395
249,Clin + Rad + RAD-DINO,0.19269587250733627,0.20162687426050524,0.19275019074958225,0.201650180690133
250,Clin + Rad + RAD-DINO,0.1599970169323626,0.15938419414134603,0.1595505768306083,0.15942594521879697
251,Clin + Rad + RAD-DINO,0.1401721778073163,0.13793834097907656,0.1404108861614965,0.1379801335389038
252,Clin + Rad + RAD-DINO,0.14964239788407116,0.1393717532051368,0.14919118089799926,0.13941034067806576
253,Clin + Rad + RAD-DINO,0.1400770289956968,0.13180151475270221,0.13946958593460262,0.13184440230965638
254,Clin + Rad + RAD-DINO,0.15175762981045662,0.1340304129047853,0.15170322089416013,0.1340583523958827
255,Clin + Rad + RAD-DINO,0.19301753211364892,0.2120712389869392,0.192323382485882,0.21212384827556224
256,Clin + Rad + RAD-DINO,0.14075745583967164,0.14207045755604758,0.1408188609828297,0.1421222038053396
257,Clin + Rad + RAD-DINO,0.188752812252319,0.21287716357351796,0.18809874367420318,0.21290893011990614
258,Clin + Rad + RAD-DINO,0.14885735284591672,0.13227427795822785,0.15001505812285845,0.13233135014690156
259,Clin + Rad + RAD-DINO,0.15692018009550382,0.1492911134851677,0.15647384748096102,0.14934101260583243
260,Clin + Rad + RAD-DINO,0.18677841494094366,0.2029274802547331,0.18687554714822807,0.20295229743666962
261,Clin + Rad + RAD-DINO,0.13733362937932156,0.14986154126037857,0.13674523842781505,0.14990041329005507
262,Clin + Rad + RAD-DINO,0.1822656165558663,0.17723956652225517,0.1823974197760696,0.1772697830911033
263,Clin + Rad + RAD-DINO,0.20215100345147968,0.18118590034683688,0.2021986473630045,0.18120945499500749
264,Clin + Rad + RAD-DINO,0.20108100950474572,0.19885624757215767,0.20192321738766503,0.19889718208384835
265,Clin + Rad + RAD-DINO,0.1958972653395334,0.20168298307405577,0.1961301577284888,0.20172242511483118
266,Clin + Rad + RAD-DINO,0.1467789991918946,0.1647092823119119,0.1461522349558746,0.16476492834540724
267,Clin + Rad + RAD-DINO,0.20195423770859072,0.2185293031593356,0.2013003766398704,0.21857118963437025
268,Clin + Rad + RAD-DINO,0.12540983871416136,0.13426312595334522,0.12554726784403028,0.13431043468146764
269,Clin + Rad + RAD-DINO,0.14680471640186998,0.13341766967000984,0.14615842184486816,0.13347421942963572
270,Clin + Rad + RAD-DINO,0.13131661660781108,0.14140402231456065,0.13084765762399114,0.1414294825121883
271,Clin + Rad + RAD-DINO,0.15338244085669567,0.1440657261293513,0.1534256305414686,0.14410214277058328
272,Clin + Rad + RAD-DINO,0.15757115570204416,0.13689323993516328,0.157176510459109,0.1369383054798474
273,Clin + Rad + RAD-DINO,0.1519714008138915,0.15160180448487634,0.15214798850137676,0.15163648623980683
274,Clin + Rad + RAD-DINO,0.14810817768774415,0.15467915409322308,0.1482252165329723,0.1547083728609188
275,Clin + Rad + RAD-DINO,0.13147374263883918,0.12924603314468847,0.13228451713904515,0.12929010183946615
276,Clin + Rad + RAD-DINO,0.19901857767552605,0.2029470655842895,0.1989635291161899,0.20297776598785197
277,Clin + Rad + RAD-DINO,0.19623808436090834,0.1980325576499202,0.19676195292272053,0.19807029909923307
278,Clin + Rad + RAD-DINO,0.14200831303821349,0.13212969741663208,0.1426484083037428,0.13215368044681633
279,Clin + Rad + RAD-DINO,0.18553466804330104,0.2074240756304586,0.18563232295317345,0.2074533982194669
280,Clin + Rad + RAD-DINO,0.19020077484077352,0.20383634801322673,0.19022770697317243,0.20388578804453178
281,Clin + Rad + RAD-DINO,0.11948788703187277,0.13057517801957783,0.11890753077300098,0.13061711699125586
282,Clin + Rad + RAD-DINO,0.19739511562593892,0.2029637706917601,0.1968728761098093,0.20300292050216268
283,Clin + Rad + RAD-DINO,0.2076623852865273,0.22016843128184252,0.2076282771777991,0.22020301317947075
284,Clin + Rad + RAD-DINO,0.1435931291142672,0.15282660367957795,0.1431859277810481,0.1528784389902032
285,Clin + Rad + RAD-DINO,0.2003668537920583,0.21141605890235154,0.2004442364077323,0.21144771392452819
286,Clin + Rad + RAD-DINO,0.18998630620037674,0.2125150005582469,0.18992057825868394,0.21254182354802686
287,Clin + Rad + RAD-DINO,0.19601686158527354,0.19626642686364076,0.19606544665540312,0.19629523207473878
288,Clin + Rad + RAD-DINO,0.20174911946013377,0.21680486395238485,0.2016464200006408,0.2168269099789447
289,Clin + Rad + RAD-DINO,0.13002843360631733,0.13728683456479174,0.13057165585664587,0.13732918200410774
290,Clin + Rad + RAD-DINO,0.14146811606410126,0.14810083701441867,0.14160340872079716,0.14813786665699205
291,Clin + Rad + RAD-DINO,0.20724914170430875,0.21042854728685445,0.2067044842804177,0.21046012837717992
292,Clin + Rad + RAD-DINO,0.14829888774026223,0.15063685355515505,0.147882398494472,0.15066714708846715
293,Clin + Rad + RAD-DINO,0.13144482411100927,0.1445247509939508,0.13157507732042822,0.14456821120010332
294,Clin + Rad + RAD-DINO,0.12321857968091125,0.11821258288762569,0.12336006377072598,0.1182419270747158
295,Clin + Rad + RAD-DINO,0.19310326503656688,0.20050197849322124,0.19262325234626543,0.2005245294019285
296,Clin + Rad + RAD-DINO,0.20943217921782267,0.19880804034137342,0.20895794966945833,0.19884199720664694
297,Clin + Rad + RAD-DINO,0.19507759961078744,0.1907366970374154,0.19457487334784446,0.19075453918457744
298,Clin + Rad + RAD-DINO,0.19911595254131725,0.21627149032685936,0.19906936338269374,0.21632077027584404
299,Clin + Rad + RAD-DINO,0.19818024136275708,0.20895295704946643,0.19823302457824118,0.2089833967182417
300,Clin + Rad + RAD-DINO,0.19586819419413237,0.2010893890474914,0.19592201393230801,0.20113367246168656
301,Clin + Rad + RAD-DINO,0.1402130114866113,0.12757613394715597,0.1410189979201571,0.1276076323100634
302,Clin + Rad + RAD-DINO,0.1547200657859683,0.15156666056347898,0.15414996894224875,0.15160379254701056
303,Clin + Rad + RAD-DINO,0.14832680718850066,0.14754537574600973,0.14772116922133535,0.14758915473992446
304,Clin + Rad + RAD-DINO,0.21447839864367538,0.2001484860806426,0.2139850811357732,0.20018066101734086
305,Clin + Rad + RAD-DINO,0.13364946070742584,0.14460642915918456,0.13325588490257903,0.1446498985959249
306,Clin + Rad + RAD-DINO,0.2082208148713526,0.21344902148385955,0.20814688702385054,0.2134727543033426
307,Clin + Rad + RAD-DINO,0.13832716139018483,0.14338006290799457,0.13903981246493285,0.14340517249921236
308,Clin + Rad + RAD-DINO,0.17437937038745802,0.1854981179302499,0.17454178922559413,0.18553119817852642
309,Clin + Rad + RAD-DINO,0.13595536873962102,0.14695085363481514,0.1360881881996647,0.14698416119924976
310,Clin + Rad + RAD-DINO,0.14782785787377073,0.12691543151740042,0.14791692457414962,0.12695202949131348
311,Clin + Rad + RAD-DINO,0.13646230570880552,0.13262879602582917,0.136437363512304,0.1326801709306191
312,Clin + Rad + RAD-DINO,0.2007858812904365,0.1990085973881397,0.20083317992283764,0.19904560063975008
313,Clin + Rad + RAD-DINO,0.14911531966069763,0.1481118379872453,0.14924143444716187,0.14816061631595814
314,Clin + Rad + RAD-DINO,0.15345433445857193,0.11163710720514798,0.15350713529866722,0.11167175591585737
315,Clin + Rad + RAD-DINO,0.15732319978960915,0.13654010654210996,0.1572926035585554,0.13654539384913714
316,Clin + Rad + RAD-DINO,0.18198074588726845,0.19425097823598597,0.18203971702651492,0.19428642749394912
317,Clin + Rad + RAD-DINO,0.19214549654696486,0.19651384342276443,0.19228893571351904,0.19654743340455708
318,Clin + Rad + RAD-DINO,0.14017059337455465,0.1376458169554101,0.14028882588990935,0.13770650273004376
319,Clin + Rad + RAD-DINO,0.1305841295995014,0.1305117922474775,0.13137682902215378,0.1305433758032258
320,Clin + Rad + RAD-DINO,0.1390756741471632,0.14747379944642597,0.1385001211674431,0.14752008871720276
321,Clin + Rad + RAD-DINO,0.14279557692858225,0.13680353697668746,0.14344443341600252,0.1368413670962145
322,Clin + Rad + RAD-DINO,0.19507552019496588,0.22239849409766657,0.19498388794661622,0.22245650594296004
323,Clin + Rad + RAD-DINO,0.20110482548806968,0.21081121726359336,0.20061513540219852,0.2108572546119571
324,Clin + Rad + RAD-DINO,0.20465853159728167,0.22044873375647747,0.2041942613452071,0.2204818121045182
325,Clin + Rad + RAD-DINO,0.1387608752378557,0.1371820365197907,0.13993673160152442,0.13722035411874825
326,Clin + Rad + RAD-DINO,0.14714897867789156,0.14085423860784937,0.1466812678521613,0.14091204342858546
327,Clin + Rad + RAD-DINO,0.1885220194594903,0.19736162395520135,0.18868161206631393,0.19740688121066866
328,Clin + Rad + RAD-DINO,0.1817050046264007,0.19313201946047695,0.1816349357482578,0.19314547323024084
329,Clin + Rad + RAD-DINO,0.19746298141117954,0.21552373208367023,0.19827848117668742,0.21556647911440985
330,Clin + Rad + RAD-DINO,0.14508081093749892,0.14617375818923853,0.14468234260361104,0.14622800466020458
331,Clin + Rad + RAD-DINO,0.1324579377813609,0.1469374469523003,0.13239392849737247,0.14698346343318472
332,Clin + Rad + RAD-DINO,0.13255690660910774,0.132983988837569,0.13267417300473575,0.13303301796188466
333,Clin + Rad + RAD-DINO,0.12452227260426016,0.12880358094312744,0.1241098819982694,0.1288515406015688
334,Clin + Rad + RAD-DINO,0.1582126301783373,0.15426116392378567,0.15833965069919076,0.15431369344935303
335,Clin + Rad + RAD-DINO,0.20349485331867606,0.20808142466248195,0.20342948726864726,0.20811771644231206
336,Clin + Rad + RAD-DINO,0.18223511411660523,0.2049908455877628,0.18161443204212294,0.20501165763621654
337,Clin + Rad + RAD-DINO,0.11900193729737368,0.1293671327261585,0.11894897034016332,0.12942037943591092
338,Clin + Rad + RAD-DINO,0.16018422820352307,0.14477011060114622,0.16033234773475918,0.1448037862199011
339,Clin + Rad + RAD-DINO,0.14141105401290574,0.15232013105970693,0.14135764545283305,0.15234138041157066
340,Clin + Rad + RAD-DINO,0.14276706212293225,0.1568732858757914,0.14295351923842556,0.15691274665406235
341,Clin + Rad + RAD-DINO,0.19494007404007746,0.21895467096789073,0.19498568883034673,0.2189763252881956
342,Clin + Rad + RAD-DINO,0.13636262145112846,0.13899920910101501,0.1358961879793784,0.1390350451688042
343,Clin + Rad + RAD-DINO,0.13040030907198327,0.11978427677677607,0.12997322652472876,0.11981370749914211
344,Clin + Rad + RAD-DINO,0.12739314390946893,0.1374626020944853,0.12695426110821342,0.1374910460011436
345,Clin + Rad + RAD-DINO,0.1382441377977633,0.14509851817768876,0.13822786459271047,0.14513045316505935
346,Clin + Rad + RAD-DINO,0.13901073582743076,0.14049548284546928,0.13899704692090226,0.14052662664939025
347,Clin + Rad + RAD-DINO,0.20332892908021313,0.20942968766360154,0.20272853792681364,0.209454520018593
348,Clin + Rad + RAD-DINO,0.18763122902388243,0.18594093675551904,0.1871524781652848,0.18596796571299218
349,Clin + Rad + RAD-DINO,0.19542902369434725,0.17620305708052034,0.19538345819153632,0.17623558763879785
350,Clin + Rad + RAD-DINO,0.13748341613518641,0.13702421136679413,0.13769688697135932,0.13706848261453786
351,Clin + Rad + RAD-DINO,0.15069478066618786,0.14275087650068397,0.15087690358373154,0.14280521915433883
352,Clin + Rad + RAD-DINO,0.13933350984254975,0.1381838129059573,0.13939282627150598,0.13821933446981302
353,Clin + Rad + RAD-DINO,0.13078274824198322,0.13101152101714034,0.13153141370059002,0.1310396902343097
354,Clin + Rad + RAD-DINO,0.15169295285604925,0.1518038211861205,0.1511184283345628,0.1518233616455287
355,Clin + Rad + RAD-DINO,0.14357794445564284,0.1562827942930075,0.14313204196498283,0.1563234253236653
356,Clin + Rad + RAD-DINO,0.18402414730175615,0.19670479595361856,0.18354916977383862,0.19671907902504537
357,Clin + Rad + RAD-DINO,0.14369111384990926,0.16186189458628147,0.1442398135904718,0.16191163718253834
358,Clin + Rad + RAD-DINO,0.13875578113679138,0.13256271220489038,0.1388105397065315,0.1326201276678293
359,Clin + Rad + RAD-DINO,0.17693877379754946,0.1842427587422542,0.17647438945209123,0.18427158922173076
360,Clin + Rad + RAD-DINO,0.12920778107636008,0.1344069981853512,0.12942247233801218,0.13444215317650499
361,Clin + Rad + RAD-DINO,0.15976929024950542,0.1386856939550842,0.1599692742938965,0.13873481235895138
362,Clin + Rad + RAD-DINO,0.14560350770061872,0.13996915628522819,0.14555768117848505,0.14000646887191295
363,Clin + Rad + RAD-DINO,0.15134248205733158,0.14574030222130369,0.1508598729650875,0.14578499156927732
364,Clin + Rad + RAD-DINO,0.19201316667228413,0.21391823805720764,0.19211004077154353,0.2139583393795368
365,Clin + Rad + RAD-DINO,0.2026486432165586,0.21313113021616328,0.20282672979511435,0.21316253330751736
366,Clin + Rad + RAD-DINO,0.1380280652538204,0.1503312505807035,0.13873188713127727,0.15036413079015512
367,Clin + Rad + RAD-DINO,0.13533397496851757,0.1373250448403843,0.13651964371573772,0.13737044134326262
368,Clin + Rad + RAD-DINO,0.13236013278620334,0.11849107155982151,0.13235476862186601,0.11851876823629691
369,Clin + Rad + RAD-DINO,0.1525048324225409,0.16050596907711728,0.15248283545604793,0.1605372556698644
370,Clin + Rad + RAD-DINO,0.18531636283365863,0.19587808190226105,0.18553691462562832,0.19590120826399302
