h2_row,configuration,priority_A,priority_D1,priority_D2,priority_B
1,Clinical only,0.08021545814132398,0.08021545814132398,0.07993715612601567,0.07993715612601565
2,Clinical only,0.0846685367825731,0.0846685367825731,0.08649516284952655,0.08649516284952659
3,Clinical only,0.02662347408225895,0.026623474082258958,0.026449534071424505,0.0264495340714245
4,Clinical only,0.09624758752899736,0.09624758752899734,0.09704200864833544,0.09704200864833541
5,Clinical only,0.09301900281550765,0.09301900281550764,0.09497412555775837,0.09497412555775839
6,Clinical only,0.03327323585845084,0.03327323585845085,0.03325223311969318,0.03325223311969319
7,Clinical only,0.07571868757489686,0.07571868757489687,0.07581358067252372,0.07581358067252371
8,Clinical only,0.08086131737999094,0.08086131737999093,0.08040767651943276,0.08040767651943274
9,Clinical only,0.10768740711877792,0.10768740711877792,0.10721615696747805,0.10721615696747806
10,Clinical only,0.0626973021782454,0.06269730217824537,0.0642292709071687,0.0642292709071687
11,Clinical only,0.0844663550731671,0.0844663550731671,0.0845542161883288,0.0845542161883288
12,Clinical only,0.048126910901795265,0.04812691090179526,0.04815272867787008,0.04815272867787008
13,Clinical only,0.11075461305550974,0.11075461305550975,0.11023509763724786,0.11023509763724786
14,Clinical only,0.09739270244813114,0.09739270244813114,0.09679018050744803,0.09679018050744803
15,Clinical only,0.039244902705045444,0.03924490270504545,0.038532234521148616,0.038532234521148616
16,Clinical only,0.0844663550731671,0.0844663550731671,0.0845542161883288,0.0845542161883288
17,Clinical only,0.09754161054576518,0.09754161054576517,0.09839999632827762,0.09839999632827759
18,Clinical only,0.10825679169712595,0.10825679169712595,0.10765752275755076,0.10765752275755078
19,Clinical only,0.030481441743323557,0.030481441743323547,0.030878517010455752,0.030878517010455755
20,Clinical only,0.09735148850076014,0.09735148850076014,0.09732891061275396,0.09732891061275394
21,Clinical only,0.062413296051394715,0.06241329605139474,0.06270708113616691,0.0627070811361669
22,Clinical only,0.0844663550731671,0.0844663550731671,0.0845542161883288,0.0845542161883288
23,Clinical only,0.09656058545328032,0.09656058545328028,0.09714658460814371,0.09714658460814371
24,Clinical only,0.08836811528556873,0.0883681152855687,0.08840998901106427,0.08840998901106427
25,Clinical only,0.0611633020006872,0.06116330200068716,0.06145859441225612,0.06145859441225613
26,Clinical only,0.06275340156481796,0.06275340156481794,0.062071753068215205,0.062071753068215205
27,Clinical only,0.1115244406851708,0.1115244406851708,0.11096361674056877,0.11096361674056877
28,Clinical only,0.02662347408225895,0.026623474082258958,0.026449534071424505,0.0264495340714245
29,Clinical only,0.11432350020546393,0.11432350020546389,0.1132331417449024,0.11323314174490245
30,Clinical only,0.09623218618368404,0.09623218618368401,0.09580134254375325,0.09580134254375325
31,Clinical only,0.09789920373369985,0.09789920373369985,0.09743386217758984,0.09743386217758987
32,Clinical only,0.030481441743323557,0.030481441743323547,0.030878517010455752,0.030878517010455755
33,Clinical only,0.037078815029602044,0.037078815029602044,0.0368912237328774,0.036891223732877405
34,Clinical only,0.06558990561936348,0.06558990561936348,0.0657648068230399,0.06576480682303991
35,Clinical only,0.031941834194585454,0.031941834194585454,0.03234239805404777,0.032342398054047775
36,Clinical only,0.08234439046138972,0.08234439046138971,0.08414068043590223,0.08414068043590221
37,Clinical only,0.062413296051394715,0.06241329605139474,0.06270708113616691,0.0627070811361669
38,Clinical only,0.02623414141808191,0.02623414141808191,0.026058986583463385,0.026058986583463388
39,Clinical only,0.06313354700259184,0.06313354700259184,0.06288093636830021,0.06288093636830022
40,Clinical only,0.062413296051394715,0.06241329605139474,0.06270708113616691,0.0627070811361669
41,Clinical only,0.030481441743323557,0.030481441743323547,0.030878517010455752,0.030878517010455755
42,Clinical only,0.08234439046138972,0.08234439046138971,0.08414068043590223,0.08414068043590221
43,Clinical only,0.030481441743323557,0.030481441743323547,0.030878517010455752,0.030878517010455755
44,Clinical only,0.08528611203348549,0.08528611203348552,0.0871539414516467,0.0871539414516467
45,Clinical only,0.0844663550731671,0.0844663550731671,0.0845542161883288,0.0845542161883288
46,Clinical only,0.030481441743323557,0.030481441743323547,0.030878517010455752,0.030878517010455755
47,Clinical only,0.030481441743323557,0.030481441743323547,0.030878517010455752,0.030878517010455755
48,Clinical only,0.09991453225189022,0.09991453225189023,0.09976204741587459,0.09976204741587459
49,Clinical only,0.030481441743323557,0.030481441743323547,0.030878517010455752,0.030878517010455755
50,Clinical only,0.06676950220354438,0.06676950220354437,0.06693864007778165,0.06693864007778164
51,Clinical only,0.08327930248099018,0.08327930248099019,0.08336859997523773,0.08336859997523771
52,Clinical only,0.11520804369947882,0.1152080436994788,0.1141133535767837,0.11411335357678373
53,Clinical only,0.030481441743323557,0.030481441743323547,0.030878517010455752,0.030878517010455755
54,Clinical only,0.02623414141808191,0.02623414141808191,0.026058986583463385,0.026058986583463388
55,Clinical only,0.08491504472936542,0.08491504472936541,0.08680181679663848,0.08680181679663848
56,Clinical only,0.08519705459646644,0.08519705459646644,0.0850876835566016,0.0850876835566016
57,Clinical only,0.08938648019164226,0.08938648019164226,0.09103213491635506,0.09103213491635503
58,Clinical only,0.030481441743323557,0.030481441743323547,0.030878517010455752,0.030878517010455755
59,Clinical only,0.08234439046138972,0.08234439046138971,0.08414068043590223,0.08414068043590221
60,Clinical only,0.09298505433411562,0.09298505433411564,0.0948331741873097,0.09483317418730969
61,Clinical only,0.08101160868834403,0.08101160868834403,0.08161443307684962,0.08161443307684958
62,Clinical only,0.0810838293365358,0.08108382933653584,0.08184007584883633,0.08184007584883635
63,Clinical only,0.09321048952064351,0.0932104895206435,0.09382523279878147,0.09382523279878147
64,Clinical only,0.08269632334590726,0.08269632334590721,0.08459147817848128,0.08459147817848127
65,Clinical only,0.08125538461770536,0.08125538461770536,0.08314749793542298,0.08314749793542303
66,Clinical only,0.05737281935776108,0.057372819357761076,0.057198307658861615,0.057198307658861594
67,Clinical only,0.06923648569156533,0.06923648569156536,0.06935765268674422,0.06935765268674422
68,Clinical only,0.0852965230441207,0.08529652304412072,0.08576982384103529,0.08576982384103528
69,Clinical only,0.09498123304676204,0.09498123304676201,0.09489292592252828,0.09489292592252828
70,Clinical only,0.10461135093275742,0.10461135093275742,0.10449908395148623,0.10449908395148624
71,Clinical only,0.07476143861073292,0.07476143861073294,0.0747054123872631,0.07470541238726311
72,Clinical only,0.07473337762829381,0.0747333776282938,0.07660205363110928,0.07660205363110928
73,Clinical only,0.07612106693095952,0.07612106693095953,0.07799141636599814,0.07799141636599814
74,Clinical only,0.04127491368146339,0.04127491368146339,0.04121930562536648,0.041219305625366465
75,Clinical only,0.08234439046138972,0.08234439046138971,0.08414068043590223,0.08414068043590221
76,Clinical only,0.0289472401273093,0.028947240127309287,0.028799202560725604,0.028799202560725608
77,Clinical only,0.08655726890681183,0.08655726890681185,0.08727961689366864,0.0872796168936687
78,Clinical only,0.08269632334590726,0.08269632334590721,0.08459147817848128,0.08459147817848127
79,Clinical only,0.08224986597308871,0.08224986597308871,0.0823260870978135,0.0823260870978135
80,Clinical only,0.08234439046138972,0.08234439046138971,0.08414068043590223,0.08414068043590221
81,Clinical only,0.10608518246066424,0.10608518246066424,0.10550288751523011,0.10550288751523014
82,Clinical only,0.0673118481396629,0.0673118481396629,0.06724202436500003,0.06724202436500001
83,Clinical only,0.039463542478556234,0.03946354247855624,0.03875524974100118,0.03875524974100118
84,Clinical only,0.11313867027566886,0.11313867027566886,0.11211011870217956,0.11211011870217956
85,Clinical only,0.09301900281550765,0.09301900281550764,0.09497412555775837,0.09497412555775839
86,Clinical only,0.04190299760891205,0.04190299760891205,0.04184735995661134,0.04184735995661134
87,Clinical only,0.0707297592287286,0.07072975922872861,0.07099616268462636,0.07099616268462636
88,Clinical only,0.08234439046138972,0.08234439046138971,0.08414068043590223,0.08414068043590221
89,Clinical only,0.062413296051394715,0.06241329605139474,0.06270708113616691,0.0627070811361669
90,Clinical only,0.039405048395624254,0.03940504839562423,0.03975746070208085,0.039757460702080846
91,Clinical only,0.09422207487988099,0.09422207487988103,0.09613565589116242,0.09613565589116242
92,Clinical only,0.030425266989567587,0.030425266989567594,0.02981062877581271,0.029810628775812715
93,Clinical only,0.10683583052722052,0.10683583052722052,0.10563215864184394,0.10563215864184393
94,Clinical only,0.04273099508761058,0.04273099508761058,0.043995778411680696,0.043995778411680696
95,Clinical only,0.034637581679980795,0.03463758167998079,0.034555592956505614,0.03455559295650562
96,Clinical only,0.08213863359151702,0.08213863359151702,0.08263730999521708,0.08263730999521711
97,Clinical only,0.08234439046138972,0.08234439046138971,0.08414068043590223,0.08414068043590221
98,Clinical only,0.10433255203854952,0.10433255203854953,0.10329175929275555,0.10329175929275555
99,Clinical only,0.10444941329528726,0.10444941329528726,0.10407853279899411,0.10407853279899411
100,Clinical only,0.0825445855294376,0.08254458552943762,0.08267518089962668,0.08267518089962667
101,Clinical only,0.0611633020006872,0.06116330200068716,0.06145859441225612,0.06145859441225613
102,Clinical only,0.10536257715690875,0.10536257715690875,0.10480507558869095,0.10480507558869097
103,Clinical only,0.08345490369210226,0.08345490369210228,0.08355595814440513,0.08355595814440515
104,Clinical only,0.07006785002144944,0.07006785002144943,0.07013755442997283,0.07013755442997284
105,Clinical only,0.039058380648235407,0.03905838064823537,0.039111413089039454,0.03911141308903943
106,Clinical only,0.0289472401273093,0.028947240127309287,0.028799202560725604,0.028799202560725608
107,Clinical only,0.030481441743323557,0.030481441743323547,0.030878517010455752,0.030878517010455755
108,Clinical only,0.09352015250800665,0.09352015250800666,0.09589808981636,0.09589808981636
109,Clinical only,0.10317885062049434,0.10317885062049434,0.10286501084730525,0.10286501084730525
110,Clinical only,0.0844663550731671,0.0844663550731671,0.0845542161883288,0.0845542161883288
111,Clinical only,0.06220127732712846,0.062201277327128456,0.061951090625873936,0.06195109062587394
112,Clinical only,0.06275340156481796,0.06275340156481794,0.062071753068215205,0.062071753068215205
113,Clinical only,0.10533202755368755,0.10533202755368756,0.10488228044939166,0.10488228044939163
114,Clinical only,0.02840282626745267,0.028402826267452656,0.028261613204238922,0.028261613204238926
115,Clinical only,0.10198319884800194,0.10198319884800192,0.10092905399624577,0.10092905399624576
116,Clinical only,0.1044731800983597,0.1044731800983597,0.10411884580205265,0.10411884580205265
117,Clinical only,0.062413296051394715,0.06241329605139474,0.06270708113616691,0.0627070811361669
118,Clinical only,0.07519356021832127,0.07519356021832127,0.07555075626294717,0.07555075626294719
119,Clinical only,0.10747848305064012,0.10747848305064012,0.10688127702907904,0.10688127702907904
120,Clinical only,0.09078986748618054,0.09078986748618055,0.09263477247844502,0.09263477247844505
121,Clinical only,0.08535264370248952,0.08535264370248952,0.08543961482546941,0.08543961482546943
122,Clinical only,0.062408306529890024,0.062408306529890024,0.062163006974178224,0.06216300697417824
123,Clinical only,0.08125538461770536,0.08125538461770536,0.08314749793542298,0.08314749793542303
124,Clinical only,0.08227406857242638,0.08227406857242642,0.08416153223944862,0.08416153223944861
125,Clinical only,0.08108556548130989,0.08108556548130992,0.08288366602791652,0.08288366602791648
126,Clinical only,0.0846685367825731,0.0846685367825731,0.08649516284952655,0.08649516284952659
127,Clinical only,0.06220127732712846,0.062201277327128456,0.061951090625873936,0.06195109062587394
128,Clinical only,0.09874755896357569,0.09874755896357568,0.098740260998524,0.09874026099852397
129,Clinical only,0.08700566166934132,0.08700566166934132,0.08710416611719177,0.08710416611719175
130,Clinical only,0.057216972873832185,0.057216972873832206,0.05711029718894137,0.05711029718894136
131,Clinical only,0.0358960675512091,0.035896067551209075,0.03567292948047138,0.035672929480471384
132,Clinical only,0.09518583649894272,0.09518583649894273,0.0975584037273964,0.0975584037273964
133,Clinical only,0.05190422616606043,0.05190422616606043,0.05160199126641074,0.05160199126641073
134,Clinical only,0.062413296051394715,0.06241329605139474,0.06270708113616691,0.0627070811361669
135,Clinical only,0.07393887166223678,0.07393887166223682,0.07432348371772378,0.07432348371772378
136,Clinical only,0.08125538461770536,0.08125538461770536,0.08314749793542298,0.08314749793542303
137,Clinical only,0.11038134152316417,0.11038134152316414,0.10987349297390685,0.10987349297390689
138,Clinical only,0.07619281164688872,0.07619281164688872,0.07613941145837218,0.07613941145837218
139,Clinical only,0.0854295101463921,0.08542951014639208,0.08694353680191229,0.08694353680191229
140,Clinical only,0.03170372087290356,0.03170372087290357,0.03245711108632648,0.03245711108632648
141,Clinical only,0.08740172067116193,0.08740172067116193,0.08698944390173642,0.08698944390173644
142,Clinical only,0.047283458011060125,0.047283458011060125,0.0472950518527428,0.047295051852742784
143,Clinical only,0.037078815029602044,0.037078815029602044,0.0368912237328774,0.036891223732877405
144,Clinical only,0.09664120507553203,0.09664120507553203,0.09661861852118377,0.09661861852118377
145,Clinical only,0.09274386663435565,0.09274386663435567,0.09338882607764916,0.0933888260776491
146,Clinical only,0.10315262529424284,0.10315262529424284,0.10282213315211369,0.10282213315211369
147,Clinical only,0.03729364746008937,0.03729364746008937,0.037108619667646794,0.03710861966764681
148,Clinical only,0.0844663550731671,0.0844663550731671,0.0845542161883288,0.0845542161883288
149,Clinical only,0.06087932654447061,0.06087932654447063,0.060897956841850405,0.06089795684185041
150,Clinical only,0.0846685367825731,0.0846685367825731,0.08649516284952655,0.08649516284952659
151,Clinical only,0.08231743099523504,0.08231743099523503,0.08421083022425634,0.08421083022425634
152,Clinical only,0.10906908895052135,0.10906908895052134,0.10812067754642862,0.10812067754642862
153,Clinical only,0.0611633020006872,0.06116330200068716,0.06145859441225612,0.06145859441225613
154,Clinical only,0.08350398170656749,0.08350398170656752,0.08357955190618899,0.08357955190618899
155,Clinical only,0.05891424180300843,0.05891424180300843,0.059072097735069065,0.05907209773506903
156,Clinical only,0.06220127732712846,0.062201277327128456,0.061951090625873936,0.06195109062587394
157,Clinical only,0.0650290740615979,0.0650290740615979,0.06520331017115047,0.06520331017115048
158,Clinical only,0.11086415226575538,0.11086415226575538,0.1103467624309714,0.11034676243097143
159,Clinical only,0.030481441743323557,0.030481441743323547,0.030878517010455752,0.030878517010455755
160,Clinical only,0.0846685367825731,0.0846685367825731,0.08649516284952655,0.08649516284952659
161,Clinical only,0.09977189695021317,0.09977189695021317,0.10037150567379631,0.1003715056737963
162,Clinical only,0.09996841953293302,0.09996841953293299,0.1005095635862149,0.1005095635862149
163,Clinical only,0.02662703175624664,0.026627031756246648,0.02658169484845982,0.026581694848459816
164,Clinical only,0.030481441743323557,0.030481441743323547,0.030878517010455752,0.030878517010455755
165,Clinical only,0.08234439046138972,0.08234439046138971,0.08414068043590223,0.08414068043590221
166,Clinical only,0.062413296051394715,0.06241329605139474,0.06270708113616691,0.0627070811361669
167,Clinical only,0.09272098570082055,0.09272098570082055,0.09256973298862146,0.09256973298862148
168,Clinical only,0.08350398170656749,0.08350398170656752,0.08357955190618899,0.08357955190618899
169,Clinical only,0.09566737330148402,0.09566737330148402,0.09757929288705716,0.09757929288705713
170,Clinical only,0.09387125739747265,0.0938712573974727,0.09343369816299404,0.09343369816299404
171,Clinical only,0.08836811528556873,0.0883681152855687,0.08840998901106427,0.08840998901106427
172,Clinical only,0.08352009337798713,0.08352009337798716,0.08540517159581336,0.08540517159581336
173,Clinical only,0.1044731800983597,0.1044731800983597,0.10411884580205265,0.10411884580205265
174,Clinical only,0.030481441743323557,0.030481441743323547,0.030878517010455752,0.030878517010455755
175,Clinical only,0.11313867027566886,0.11313867027566886,0.11211011870217956,0.11211011870217956
176,Clinical only,0.07776762399481049,0.07776762399481049,0.07932499012139017,0.07932499012139017
177,Clinical only,0.06220127732712846,0.062201277327128456,0.061951090625873936,0.06195109062587394
178,Clinical only,0.0679370591322743,0.0679370591322743,0.06818876183015199,0.06818876183015199
179,Clinical only,0.09151465845864143,0.09151465845864144,0.09335823229930204,0.09335823229930203
180,Clinical only,0.1086319167733708,0.1086319167733708,0.10768193434139338,0.1076819343413934
181,Clinical only,0.07364500045597643,0.07364500045597643,0.0738331847639304,0.07383318476393042
182,Clinical only,0.08125538461770536,0.08125538461770536,0.08314749793542298,0.08314749793542303
183,Clinical only,0.08491504472936542,0.08491504472936541,0.08680181679663848,0.08680181679663848
184,Clinical only,0.04190299760891205,0.04190299760891205,0.04184735995661134,0.04184735995661134
185,Clinical only,0.0679370591322743,0.0679370591322743,0.06818876183015199,0.06818876183015199
186,Clinical only,0.08464095515646615,0.08464095515646616,0.0846636201982343,0.0846636201982343
187,Clinical only,0.0846685367825731,0.0846685367825731,0.08649516284952655,0.08649516284952659
188,Clinical only,0.09301900281550765,0.09301900281550764,0.09497412555775837,0.09497412555775839
189,Clinical only,0.03477343792110942,0.03477343792110942,0.03454731322901876,0.03454731322901877
190,Clinical only,0.10198319884800194,0.10198319884800192,0.10092905399624577,0.10092905399624576
191,Clinical only,0.10533202755368755,0.10533202755368756,0.10488228044939166,0.10488228044939163
192,Clinical only,0.08836811528556873,0.0883681152855687,0.08840998901106427,0.08840998901106427
193,Clinical only,0.08836811528556873,0.0883681152855687,0.08840998901106427,0.08840998901106427
194,Clinical only,0.062413296051394715,0.06241329605139474,0.06270708113616691,0.0627070811361669
195,Clinical only,0.09294334625979192,0.09294334625979192,0.09284979556641891,0.09284979556641888
196,Clinical only,0.08125538461770536,0.08125538461770536,0.08314749793542298,0.08314749793542303
197,Clinical only,0.09650263819373782,0.09650263819373776,0.09650183597257798,0.09650183597257803
198,Clinical only,0.08234439046138972,0.08234439046138971,0.08414068043590223,0.08414068043590221
199,Clinical only,0.06676950220354438,0.06676950220354437,0.06693864007778165,0.06693864007778164
200,Clinical only,0.10747848305064012,0.10747848305064012,0.10688127702907904,0.10688127702907904
201,Clinical only,0.062413296051394715,0.06241329605139474,0.06270708113616691,0.0627070811361669
202,Clinical only,0.09513019064413294,0.09513019064413293,0.09477615546142547,0.09477615546142547
203,Clinical only,0.039405048395624254,0.03940504839562423,0.03975746070208085,0.039757460702080846
204,Clinical only,0.0698208767669933,0.06982087676699329,0.06980153118622791,0.06980153118622791
205,Clinical only,0.07514188614894109,0.07514188614894106,0.07539406285927583,0.07539406285927586
206,Clinical only,0.06291582298454763,0.06291582298454765,0.06478861907074639,0.0647886190707464
207,Clinical only,0.10230539882527812,0.10230539882527814,0.10225788264292714,0.1022578826429271
208,Clinical only,0.07586851055893,0.07586851055892999,0.07622598283927323,0.07622598283927323
209,Clinical only,0.09573913725301474,0.09573913725301472,0.09532490062261308,0.09532490062261309
210,Clinical only,0.08772553596646882,0.08772553596646882,0.0877693410290291,0.0877693410290291
211,Clinical only,0.09623218618368404,0.09623218618368401,0.09580134254375325,0.09580134254375325
212,Clinical only,0.03016265083641935,0.03016265083641935,0.030561200537305513,0.030561200537305516
213,Clinical only,0.07679884269696127,0.07679884269696124,0.07717097805104461,0.07717097805104461
214,Clinical only,0.0846685367825731,0.0846685367825731,0.08649516284952655,0.08649516284952659
215,Clinical only,0.09735148850076014,0.09735148850076014,0.09732891061275396,0.09732891061275394
216,Clinical only,0.09176495590212273,0.0917649559021227,0.09185284521850144,0.09185284521850147
217,Clinical only,0.06682796420380106,0.06682796420380106,0.06700342871496888,0.06700342871496887
218,Clinical only,0.09799218550001591,0.09799218550001594,0.0975681501750861,0.0975681501750861
219,Clinical only,0.08924050321758188,0.08924050321758188,0.0908895600678601,0.09088956006786014
220,Clinical only,0.05737281935776108,0.057372819357761076,0.057198307658861615,0.057198307658861594
221,Clinical only,0.08659545247520249,0.08659545247520246,0.086656216264016,0.086656216264016
222,Clinical only,0.08705825264134343,0.08705825264134341,0.08752767146338472,0.0875276714633847
223,Clinical only,0.05618288872394115,0.05618288872394115,0.05602131617654281,0.056021316176542824
224,Clinical only,0.062413296051394715,0.06241329605139474,0.06270708113616691,0.0627070811361669
225,Clinical only,0.0799068238136813,0.07990682381368133,0.08056568770248658,0.08056568770248654
226,Clinical only,0.11432350020546393,0.11432350020546389,0.1132331417449024,0.11323314174490245
227,Clinical only,0.030481441743323557,0.030481441743323547,0.030878517010455752,0.030878517010455755
228,Clinical only,0.10536257715690875,0.10536257715690875,0.10480507558869095,0.10480507558869097
229,Clinical only,0.07971387441630187,0.07971387441630187,0.07949283352403021,0.07949283352403026
230,Clinical only,0.06682796420380106,0.06682796420380106,0.06700342871496888,0.06700342871496887
231,Clinical only,0.09301900281550765,0.09301900281550764,0.09497412555775837,0.09497412555775839
232,Clinical only,0.1086319167733708,0.1086319167733708,0.10768193434139338,0.1076819343413934
233,Clinical only,0.030481441743323557,0.030481441743323547,0.030878517010455752,0.030878517010455755
234,Clinical only,0.11313867027566886,0.11313867027566886,0.11211011870217956,0.11211011870217956
235,Clinical only,0.10747848305064012,0.10747848305064012,0.10688127702907904,0.10688127702907904
236,Clinical only,0.08002616835264227,0.08002616835264229,0.07974246297603904,0.07974246297603908
237,Clinical only,0.10458502690561913,0.10458502690561916,0.10423229991765269,0.10423229991765269
238,Clinical only,0.030481441743323557,0.030481441743323547,0.030878517010455752,0.030878517010455755
239,Clinical only,0.08781248073033479,0.0878124807303348,0.08853520062031424,0.08853520062031425
240,Clinical only,0.08926243345666705,0.08926243345666707,0.08930340002703975,0.08930340002703975
241,Clinical only,0.08379109013575904,0.08379109013575906,0.08346676142126198,0.0834667614212619
242,Clinical only,0.09959333753067405,0.09959333753067405,0.09913375244823297,0.099133752448233
243,Clinical only,0.10328003532419061,0.10328003532419064,0.10295143885169876,0.1029514388516988
244,Clinical only,0.06676950220354438,0.06676950220354437,0.06693864007778165,0.06693864007778164
245,Clinical only,0.06313354700259184,0.06313354700259184,0.06288093636830021,0.06288093636830022
246,Clinical only,0.11432350020546393,0.11432350020546389,0.1132331417449024,0.11323314174490245
247,Clinical only,0.06220127732712846,0.062201277327128456,0.061951090625873936,0.06195109062587394
248,Clinical only,0.08234439046138972,0.08234439046138971,0.08414068043590223,0.08414068043590221
249,Clinical only,0.11166124762922151,0.11166124762922147,0.11063700222900918,0.11063700222900923
250,Clinical only,0.10747848305064012,0.10747848305064012,0.10688127702907904,0.10688127702907904
251,Clinical only,0.05737281935776108,0.057372819357761076,0.057198307658861615,0.057198307658861594
252,Clinical only,0.06936894771496564,0.0693689477149657,0.06943791163925045,0.06943791163925044
253,Clinical only,0.0846685367825731,0.0846685367825731,0.08649516284952655,0.08649516284952659
254,Clinical only,0.03909475753937024,0.03909475753937022,0.03915553010539094,0.03915553010539093
255,Clinical only,0.04091825856513486,0.040918258565134855,0.041274830860759414,0.04127483086075942
256,Clinical only,0.06085700021116835,0.06085700021116833,0.06062462967963292,0.060624629679632926
257,Clinical only,0.11432350020546393,0.11432350020546389,0.1132331417449024,0.11323314174490245
258,Clinical only,0.0707297592287286,0.07072975922872861,0.07099616268462636,0.07099616268462636
259,Clinical only,0.030481441743323557,0.030481441743323547,0.030878517010455752,0.030878517010455755
260,Clinical only,0.09566737330148402,0.09566737330148402,0.09757929288705716,0.09757929288705713
261,Clinical only,0.0844663550731671,0.0844663550731671,0.0845542161883288,0.0845542161883288
262,Clinical only,0.10317723185199465,0.10317723185199465,0.10332511946621331,0.10332511946621331
263,Clinical only,0.06220127732712846,0.062201277327128456,0.061951090625873936,0.06195109062587394
264,Clinical only,0.03016265083641935,0.03016265083641935,0.030561200537305513,0.030561200537305516
265,Clinical only,0.10168385237469069,0.10168385237469069,0.10159101423147544,0.10159101423147544
266,Clinical only,0.0883348682859621,0.08833486828596211,0.0891400995940307,0.0891400995940307
267,Clinical only,0.08836811528556873,0.0883681152855687,0.08840998901106427,0.08840998901106427
268,Clinical only,0.04190299760891205,0.04190299760891205,0.04184735995661134,0.04184735995661134
269,Clinical only,0.08269632334590726,0.08269632334590721,0.08459147817848128,0.08459147817848127
270,Clinical only,0.11432350020546393,0.11432350020546389,0.1132331417449024,0.11323314174490245
271,Clinical only,0.10683583052722052,0.10683583052722052,0.10563215864184394,0.10563215864184393
272,Clinical only,0.09387125739747265,0.0938712573974727,0.09343369816299404,0.09343369816299404
273,Clinical only,0.08120538240781686,0.08120538240781686,0.0824095798860042,0.08240957988600417
274,Clinical only,0.05407052570694699,0.05407052570694699,0.05433865054104503,0.054338650541045044
275,Clinical only,0.06220127732712846,0.062201277327128456,0.061951090625873936,0.06195109062587394
276,Clinical only,0.07861718021507744,0.07861718021507744,0.07840022297855506,0.07840022297855506
277,Clinical only,0.06220127732712846,0.062201277327128456,0.061951090625873936,0.06195109062587394
278,Clinical only,0.08269632334590726,0.08269632334590721,0.08459147817848128,0.08459147817848127
279,Clinical only,0.11079942173327975,0.11079942173327975,0.10977926943058386,0.1097792694305839
280,Clinical only,0.08991962677397869,0.08991962677397869,0.08989679392674561,0.08989679392674561
281,Clinical only,0.09566737330148402,0.09566737330148402,0.09757929288705716,0.09757929288705713
282,Clinical only,0.0824898166457045,0.08248981664570457,0.08477287165913965,0.08477287165913963
283,Clinical only,0.062413296051394715,0.06241329605139474,0.06270708113616691,0.0627070811361669
284,Clinical only,0.09294334625979192,0.09294334625979192,0.09284979556641891,0.09284979556641888
285,Clinical only,0.03909475753937024,0.03909475753937022,0.03915553010539094,0.03915553010539093
286,Clinical only,0.09900066940543109,0.09900066940543109,0.09884133596150559,0.09884133596150556
287,Clinical only,0.039521492766638425,0.039521492766638404,0.03969789402619349,0.03969789402619348
288,Clinical only,0.09735148850076014,0.09735148850076014,0.09732891061275396,0.09732891061275394
289,Clinical only,0.11432350020546393,0.11432350020546389,0.1132331417449024,0.11323314174490245
290,Clinical only,0.0358960675512091,0.035896067551209075,0.03567292948047138,0.035672929480471384
291,Clinical only,0.0638083474403121,0.0638083474403121,0.06410555180406846,0.06410555180406846
292,Clinical only,0.10747848305064012,0.10747848305064012,0.10688127702907904,0.10688127702907904
293,Clinical only,0.11075461305550974,0.11075461305550975,0.11023509763724786,0.11023509763724786
294,Clinical only,0.0846685367825731,0.0846685367825731,0.08649516284952655,0.08649516284952659
295,Clinical only,0.0874184527673838,0.08741845276738387,0.08741613055110192,0.08741613055110192
296,Clinical only,0.09900066940543109,0.09900066940543109,0.09884133596150559,0.09884133596150556
297,Clinical only,0.030481441743323557,0.030481441743323547,0.030878517010455752,0.030878517010455755
298,Clinical only,0.07129297825793975,0.07129297825793975,0.07226847562884565,0.07226847562884565
299,Clinical only,0.10536257715690875,0.10536257715690875,0.10480507558869095,0.10480507558869097
300,Clinical only,0.10608445231738874,0.10608445231738871,0.105581941904442,0.10558194190444206
301,Clinical only,0.08474695320678838,0.08474695320678838,0.0851136914045857,0.08511369140458572
302,Clinical only,0.030425266989567587,0.030425266989567594,0.02981062877581271,0.029810628775812715
303,Clinical only,0.056389206732142774,0.056389206732142774,0.056285117340039756,0.05628511734003975
304,Clinical only,0.1013535229763635,0.10135352297636348,0.1014058687786119,0.10140586877861188
305,Clinical only,0.08234439046138972,0.08234439046138971,0.08414068043590223,0.08414068043590221
306,Clinical only,0.0709587096820373,0.0709587096820373,0.07224163429113455,0.07224163429113455
307,Clinical only,0.10747848305064012,0.10747848305064012,0.10688127702907904,0.10688127702907904
308,Clinical only,0.08437929657485575,0.08437929657485575,0.08590053053156504,0.08590053053156506
309,Clinical only,0.06220127732712846,0.062201277327128456,0.061951090625873936,0.06195109062587394
310,Clinical only,0.06220127732712846,0.062201277327128456,0.061951090625873936,0.06195109062587394
311,Clinical only,0.039405048395624254,0.03940504839562423,0.03975746070208085,0.039757460702080846
312,Clinical only,0.09886278934249697,0.09886278934249693,0.09772430236642234,0.09772430236642236
313,Clinical only,0.09348906920163998,0.09348906920163995,0.09539844114954948,0.09539844114954948
314,Clinical only,0.06290745632066487,0.06290745632066487,0.06296885228248242,0.06296885228248242
315,Clinical only,0.030481441743323557,0.030481441743323547,0.030878517010455752,0.030878517010455755
316,Clinical only,0.0844663550731671,0.0844663550731671,0.0845542161883288,0.0845542161883288
317,Clinical only,0.048126910901795265,0.04812691090179526,0.04815272867787008,0.04815272867787008
318,Clinical only,0.07586851055893,0.07586851055892999,0.07622598283927323,0.07622598283927323
319,Clinical only,0.09503994391446766,0.09503994391446767,0.0954627300088233,0.09546273000882328
320,Clinical only,0.07473337762829381,0.0747333776282938,0.07660205363110928,0.07660205363110928
321,Clinical only,0.06220127732712846,0.062201277327128456,0.061951090625873936,0.06195109062587394
322,Clinical only,0.09623218618368404,0.09623218618368401,0.09580134254375325,0.09580134254375325
323,Clinical only,0.06676950220354438,0.06676950220354437,0.06693864007778165,0.06693864007778164
324,Clinical only,0.11432350020546393,0.11432350020546389,0.1132331417449024,0.11323314174490245
325,Clinical only,0.0846685367825731,0.0846685367825731,0.08649516284952655,0.08649516284952659
326,Clinical only,0.10553705102145476,0.10553705102145479,0.10503534347817034,0.10503534347817034
327,Clinical only,0.09664120507553203,0.09664120507553203,0.09661861852118377,0.09661861852118377
328,Clinical only,0.07215517340635515,0.07215517340635513,0.07242548532409233,0.07242548532409233
329,Clinical only,0.09415062716039915,0.09415062716039917,0.09377977228223036,0.09377977228223035
330,Clinical only,0.05737281935776108,0.057372819357761076,0.057198307658861615,0.057198307658861594
331,Clinical only,0.0846685367825731,0.0846685367825731,0.08649516284952655,0.08649516284952659
332,Clinical only,0.050056114689722986,0.050056114689722965,0.0499444819305823,0.04994448193058228
333,Clinical only,0.0852965230441207,0.08529652304412072,0.08576982384103529,0.08576982384103528
334,Clinical only,0.08926243345666705,0.08926243345666707,0.08930340002703975,0.08930340002703975
335,Clinical only,0.10253835653085226,0.10253835653085226,0.10268910392842026,0.10268910392842026
336,Clinical only,0.10747848305064012,0.10747848305064012,0.10688127702907904,0.10688127702907904
337,Clinical only,0.08427975232517307,0.08427975232517308,0.08610469367485872,0.08610469367485869
338,Clinical only,0.10444941329528726,0.10444941329528726,0.10407853279899411,0.10407853279899411
339,Clinical only,0.09078986748618054,0.09078986748618055,0.09263477247844502,0.09263477247844505
340,Clinical only,0.10337026547307429,0.10337026547307429,0.10239318514421922,0.1023931851442192
341,Clinical only,0.062413296051394715,0.06241329605139474,0.06270708113616691,0.0627070811361669
342,Clinical only,0.10649848220291279,0.10649848220291279,0.1060297029979164,0.10602970299791643
343,Clinical only,0.08108556548130989,0.08108556548130992,0.08288366602791652,0.08288366602791648
344,Clinical only,0.08234439046138972,0.08234439046138971,0.08414068043590223,0.08414068043590221
345,Clinical only,0.11185679633053827,0.11185679633053826,0.11084837699676461,0.1108483769967646
346,Clinical only,0.039405048395624254,0.03940504839562423,0.03975746070208085,0.039757460702080846
347,Clinical only,0.0638083474403121,0.0638083474403121,0.06410555180406846,0.06410555180406846
348,Clinical only,0.11520804369947882,0.1152080436994788,0.1141133535767837,0.11411335357678373
349,Clinical only,0.10747848305064012,0.10747848305064012,0.10688127702907904,0.10688127702907904
350,Clinical only,0.062413296051394715,0.06241329605139474,0.06270708113616691,0.0627070811361669
351,Clinical only,0.02662347408225895,0.026623474082258958,0.026449534071424505,0.0264495340714245
352,Clinical only,0.1061939033951702,0.10619390339517021,0.10569309092153821,0.10569309092153822
353,Clinical only,0.07006785002144944,0.07006785002144943,0.07013755442997283,0.07013755442997284
354,Clinical only,0.08659545247520249,0.08659545247520246,0.086656216264016,0.086656216264016
355,Clinical only,0.1068089891539279,0.1068089891539279,0.1062139923394908,0.1062139923394908
356,Clinical only,0.11312129147270208,0.11312129147270207,0.11204796235919977,0.11204796235919977
357,Clinical only,0.0967888459620655,0.09678884596206552,0.09581930088050533,0.09581930088050533
358,Clinical only,0.09792750313546977,0.09792750313546977,0.09791614878629973,0.0979161487862997
359,Clinical only,0.0707297592287286,0.07072975922872861,0.07099616268462636,0.07099616268462636
360,Clinical only,0.08836811528556873,0.0883681152855687,0.08840998901106427,0.08840998901106427
361,Clinical only,0.02662347408225895,0.026623474082258958,0.026449534071424505,0.0264495340714245
362,Clinical only,0.0327862859274412,0.032786285927441185,0.03276660873500462,0.03276660873500462
363,Clinical only,0.062413296051394715,0.06241329605139474,0.06270708113616691,0.0627070811361669
364,Clinical only,0.10213706194855388,0.10213706194855386,0.10108889536707968,0.10108889536707968
365,Clinical only,0.08250667877909147,0.08250667877909147,0.08430889702169227,0.08430889702169224
366,Clinical only,0.07348920230248134,0.07348920230248134,0.07536010934718793,0.0753601093471879
367,Clinical only,0.09770742613482758,0.09770742613482761,0.09730040466432657,0.09730040466432657
368,Clinical only,0.05919665868516192,0.059196658685161926,0.058949629094459256,0.058949629094459256
369,Clinical only,0.09415062716039915,0.09415062716039917,0.09377977228223036,0.09377977228223035
1,Clin + Radiomics,0.0931317313651528,0.13904765221339008,0.09256761855894888,0.13962507346469594
2,Clin + Radiomics,0.08476379630829127,0.10782736197720318,0.0843343109060323,0.10868664912920821
3,Clin + Radiomics,0.08898825810015484,0.13110373284242052,0.08970389945902472,0.13046568515961587
4,Clin + Radiomics,0.08843017841412427,0.12406316497780767,0.0887939570464346,0.12460644728790495
5,Clin + Radiomics,0.07497175308082123,0.1278440366114843,0.07508549434108991,0.12752105517007242
6,Clin + Radiomics,0.08077326384533992,0.11255247879274825,0.08081404950047122,0.11203196194841825
7,Clin + Radiomics,0.10605545893319733,0.12905754367275543,0.1061969067314969,0.13005200763040967
8,Clin + Radiomics,0.08397833134477731,0.10449581865827887,0.08396808837461521,0.10374507478150795
9,Clin + Radiomics,0.10112575572006968,0.10436304035214637,0.10138266368829019,0.10520657734133322
10,Clin + Radiomics,0.05729187699792066,0.07633072048034491,0.056648218196663096,0.07518861221081304
11,Clin + Radiomics,0.07659879928669651,0.11023290715667476,0.07637278936553084,0.11116274109226021
12,Clin + Radiomics,0.08021930779331558,0.09225720006531081,0.08025880853524298,0.09227557024555542
13,Clin + Radiomics,0.07022492290764236,0.0833842445509295,0.07049429129699251,0.08382160583059702
14,Clin + Radiomics,0.07254908921882895,0.08518285014951574,0.07257089684490471,0.08577845825001655
15,Clin + Radiomics,0.09851331152619557,0.1307830317697343,0.09764554722307368,0.13055671230854657
16,Clin + Radiomics,0.08790679095754425,0.11090019468568582,0.08877151434394281,0.11086025215824197
17,Clin + Radiomics,0.09497206263012617,0.11493490818782849,0.0949677519235666,0.11579463116467006
18,Clin + Radiomics,0.10383403740622901,0.11046694391947084,0.10418973154424963,0.11132886124594055
19,Clin + Radiomics,0.09709105297599509,0.1266115924983654,0.09670250163166297,0.12593598546394497
20,Clin + Radiomics,0.10830426907099058,0.1219346009375322,0.108059563438207,0.12245861595178506
21,Clin + Radiomics,0.09496377087114995,0.12150051525837463,0.09546362729676801,0.12222326119220371
22,Clin + Radiomics,0.07500117835422997,0.08658318519197664,0.07470120874655124,0.08733855122610917
23,Clin + Radiomics,0.10024657077293422,0.13121667151107191,0.10054716312382164,0.131746588623658
24,Clin + Radiomics,0.09874278468657546,0.13348818041537422,0.09941948026614954,0.13416090666122912
25,Clin + Radiomics,0.07672636868066018,0.09345701029435095,0.0769721155261032,0.09348924895234531
26,Clin + Radiomics,0.06711084268377544,0.0684540735248423,0.06651897389402885,0.06789097116369806
27,Clin + Radiomics,0.08083139816402528,0.11723747281437179,0.08033410418630738,0.11751110107294281
28,Clin + Radiomics,0.10687022348924684,0.11417661350331924,0.10698052197027055,0.1142611334051551
29,Clin + Radiomics,0.10060107851464133,0.1102340205765672,0.10052562217699153,0.11115059129147821
30,Clin + Radiomics,0.07429111609664374,0.09560233140949864,0.07433304985551492,0.09618165038644763
31,Clin + Radiomics,0.09700349041074934,0.13898693619393918,0.09651440031811952,0.13944316182843597
32,Clin + Radiomics,0.05804424649668867,0.07939552101164742,0.05873495349062344,0.07834957493631264
33,Clin + Radiomics,0.07581656256416115,0.10023944558284532,0.07491809302944878,0.09990937051834033
34,Clin + Radiomics,0.09762215402364711,0.12008843395703284,0.0977740836040069,0.12028888466268522
35,Clin + Radiomics,0.07917226503350529,0.11157402464579924,0.079026088957928,0.11076872603575948
36,Clin + Radiomics,0.11296131543089802,0.13462710467667857,0.11329097945601146,0.1351998237466015
37,Clin + Radiomics,0.07828664824555477,0.1034166597831046,0.07820918011049457,0.10363753864446366
38,Clin + Radiomics,0.08867432626085878,0.12035946190029612,0.08859203499722987,0.11973135255498736
39,Clin + Radiomics,0.07760897910244474,0.09450701964341408,0.07808655195160731,0.09576144748369768
40,Clin + Radiomics,0.05768738448125684,0.061709527023857125,0.058782872096045435,0.06175347363154167
41,Clin + Radiomics,0.08980201230528204,0.1257190006183381,0.09001461243473838,0.12490898555112852
42,Clin + Radiomics,0.07078194609722387,0.09013186614873135,0.07065941921402404,0.0898188669220608
43,Clin + Radiomics,0.08923204464647284,0.09657099562861336,0.09024004659548884,0.09619321549260129
44,Clin + Radiomics,0.09979504529616927,0.11760767737010035,0.09952580810219018,0.11839487705458913
45,Clin + Radiomics,0.09322933659785913,0.11974456542742548,0.09388095693512352,0.11976270166890271
46,Clin + Radiomics,0.08075676604127416,0.09427618240064727,0.08100194948528207,0.09408775403910602
47,Clin + Radiomics,0.10567865758534561,0.11489525894067847,0.1050998362526762,0.1151288736639056
48,Clin + Radiomics,0.10141500748978066,0.12115782917185776,0.10109673682595857,0.12169878033492891
49,Clin + Radiomics,0.05589515040571935,0.0779374580293377,0.05588366370854324,0.07759233902169838
50,Clin + Radiomics,0.0982634993096652,0.127400111228605,0.09814550704303882,0.12699601561168453
51,Clin + Radiomics,0.058131263087718474,0.07669307910975041,0.059058051902557536,0.07701880464776337
52,Clin + Radiomics,0.061546439990982485,0.07605317763126021,0.06123062876270975,0.07682950655171698
53,Clin + Radiomics,0.07103472906419792,0.07457287979638903,0.07091277179293899,0.0740718421775499
54,Clin + Radiomics,0.11371483710061145,0.13815510106350762,0.11405126188907917,0.13879040084387262
55,Clin + Radiomics,0.06330626185439081,0.09143050769103464,0.06296095126605845,0.09068110814776492
56,Clin + Radiomics,0.09718256246339235,0.13797870178565635,0.09794322090505853,0.13815034754185437
57,Clin + Radiomics,0.07010980674344958,0.08010690510448965,0.06975586601650216,0.07939645724644802
58,Clin + Radiomics,0.10525534778214615,0.08977874241638552,0.10563265663150694,0.09028956972381832
59,Clin + Radiomics,0.11442738422313352,0.10848253875094513,0.1146527847040024,0.10879341705429851
60,Clin + Radiomics,0.05953475644577558,0.07705486083030398,0.05908292824684109,0.0763519280062697
61,Clin + Radiomics,0.10488033559227714,0.12342624021712457,0.10421484993487574,0.12400734067075779
62,Clin + Radiomics,0.08800471183156122,0.08332953990940138,0.08823543660873158,0.08306397136748403
63,Clin + Radiomics,0.08299984896467147,0.10045372765717615,0.08305677425997905,0.1004535856423678
64,Clin + Radiomics,0.07448981883984167,0.10347892161180092,0.07448260202698435,0.10322498064546899
65,Clin + Radiomics,0.09435667930899365,0.09472050496270101,0.09481563926573716,0.09532107996383522
66,Clin + Radiomics,0.07521244382877,0.09197864854263113,0.07496711281553829,0.0920627443582251
67,Clin + Radiomics,0.0859210781922997,0.1261023920674295,0.08595643127773704,0.12674941218905136
68,Clin + Radiomics,0.08875884445957102,0.10187128553764087,0.08837789772469812,0.10201328110118034
69,Clin + Radiomics,0.10328798989208549,0.1210497589154405,0.10342665874888998,0.12094885045132057
70,Clin + Radiomics,0.0628094676596722,0.07656766382340968,0.06304840089336759,0.07592019998312792
71,Clin + Radiomics,0.05240211510089621,0.07246241034567928,0.05202449236146078,0.07190776664793623
72,Clin + Radiomics,0.09747564189380731,0.1094603861428596,0.09748889955294861,0.11030638297489452
73,Clin + Radiomics,0.1042112259312293,0.11847455937646278,0.10425032325088913,0.1181504260041667
74,Clin + Radiomics,0.09658313760391161,0.10826469977731518,0.09770422394464406,0.10879441324805827
75,Clin + Radiomics,0.07190890781277844,0.10383898706244038,0.07165815031097346,0.10375195676140936
76,Clin + Radiomics,0.10234177272059466,0.11633787089136192,0.10266847960941233,0.11630097782521469
77,Clin + Radiomics,0.11897107177668283,0.1304181177515388,0.1189933887331563,0.13097817118767502
78,Clin + Radiomics,0.06993096509835241,0.09930364390366299,0.07013906209149294,0.09873338325841353
79,Clin + Radiomics,0.059622939280357716,0.06969948145098077,0.0589336308834682,0.06986884449120027
80,Clin + Radiomics,0.09806505449210824,0.13137592520428412,0.09814007150695057,0.13108193970497445
81,Clin + Radiomics,0.06682221105537621,0.08726732600542553,0.06713787072714704,0.08727993490032941
82,Clin + Radiomics,0.09610033790708065,0.10730566487692371,0.09607856869596323,0.10793310406885136
83,Clin + Radiomics,0.07419186072425006,0.11197846734823351,0.07288938786415686,0.1118637464214163
84,Clin + Radiomics,0.08554129770345442,0.12713668725550922,0.08622164599869558,0.12671690825472665
85,Clin + Radiomics,0.10376025802770078,0.11877019136780984,0.10348341175723305,0.1189167601178001
86,Clin + Radiomics,0.06621807604921459,0.08916983369670538,0.06613615996883075,0.08896905232908794
87,Clin + Radiomics,0.06489985277014325,0.08818387640512901,0.06525251654423882,0.0874975247478976
88,Clin + Radiomics,0.058608217158201484,0.08998699734243598,0.05890118689127119,0.08944585097797673
89,Clin + Radiomics,0.08687462483452027,0.12043330736624837,0.08716682730602669,0.12048540109936381
90,Clin + Radiomics,0.11312277392179429,0.13207693932795952,0.11310994630170167,0.13141018873712423
91,Clin + Radiomics,0.10384209086999203,0.1330424518151813,0.10313687356581448,0.1338824001530063
92,Clin + Radiomics,0.10193655007411756,0.11918269488024845,0.10144402382962378,0.11926439772758712
93,Clin + Radiomics,0.05710208672348323,0.081046136225755,0.05729288360870853,0.08122535840238261
94,Clin + Radiomics,0.0936117524170382,0.10745490942371994,0.09349813605963683,0.10751703093980595
95,Clin + Radiomics,0.05924695104980232,0.09881560248920654,0.0590851793322896,0.09775812572762449
96,Clin + Radiomics,0.1034015554400053,0.1307577172643107,0.10368883132448938,0.13128946029859279
97,Clin + Radiomics,0.07799850227091984,0.07281110812207614,0.07758949383066406,0.0722814348558129
98,Clin + Radiomics,0.10379808598219518,0.11924353875265618,0.10450441245367709,0.11982025113591444
99,Clin + Radiomics,0.0773849289987781,0.1009880924069048,0.07794811093346785,0.10175626019980506
100,Clin + Radiomics,0.09845152572107257,0.11544874001417217,0.09834534729483162,0.11591723800067452
101,Clin + Radiomics,0.08428123209382021,0.12091877453058691,0.08408612142547546,0.12111809595797497
102,Clin + Radiomics,0.06445223998622505,0.09537389514552158,0.06411869491353625,0.09517295443574109
103,Clin + Radiomics,0.06621407236879163,0.08398584668492484,0.06622292291766686,0.08471890819185336
104,Clin + Radiomics,0.11535317091261316,0.13139686253007035,0.1156456570987914,0.13158769608813214
105,Clin + Radiomics,0.0723643884462274,0.07353632443007664,0.07211614888477413,0.07397540860100572
106,Clin + Radiomics,0.06609596832913019,0.11253225209472281,0.06658963948403115,0.11283223357201916
107,Clin + Radiomics,0.05287647562122691,0.08205028275034441,0.05301299390856294,0.08162824219836466
108,Clin + Radiomics,0.0883084515946133,0.10499681841581605,0.0883627131216149,0.10554199075199233
109,Clin + Radiomics,0.07101222236298638,0.0925996898053246,0.07089301252795654,0.09320147356480174
110,Clin + Radiomics,0.0958416563659528,0.09720769565424242,0.09650729077737519,0.09750423976772624
111,Clin + Radiomics,0.06882487450835269,0.1067578975502843,0.06974516992283165,0.1068903796832256
112,Clin + Radiomics,0.09247763293343358,0.1397897516302035,0.09170000638648797,0.13960578193610043
113,Clin + Radiomics,0.06637456029818237,0.10515188551152649,0.06607400295216194,0.10571844262257828
114,Clin + Radiomics,0.08662506000996174,0.1306595728457729,0.0865968043843433,0.13115277953220805
115,Clin + Radiomics,0.09594044492970794,0.09908871494408758,0.09583541949853154,0.0995530273136679
116,Clin + Radiomics,0.10017217039818753,0.10459706061446207,0.10045971209628025,0.1049503219238813
117,Clin + Radiomics,0.0726620903513823,0.0839025278409389,0.07287298374141485,0.08351423555045814
118,Clin + Radiomics,0.10304382266640262,0.10356718964077288,0.10299191111036067,0.1035542775669083
119,Clin + Radiomics,0.1040883651299522,0.12649435451075544,0.10340672798147707,0.12638315785184068
120,Clin + Radiomics,0.060733811874284054,0.07487491667138142,0.06097692617998069,0.073690020087691
121,Clin + Radiomics,0.11134426008416744,0.12478884623305136,0.11164672375859284,0.12554820090027355
122,Clin + Radiomics,0.10417027922231112,0.11874867730796622,0.10456331531644068,0.1189653046005178
123,Clin + Radiomics,0.07606286429991095,0.09959019736611806,0.07654347219642141,0.10046802356278794
124,Clin + Radiomics,0.059697430739391315,0.0855996220794016,0.06022054598734277,0.08467183180809296
125,Clin + Radiomics,0.10378503186136886,0.11732118858686207,0.10405641093030034,0.11790242834027631
126,Clin + Radiomics,0.08499463349254653,0.10421515300049808,0.08499827083101696,0.10466480464496274
127,Clin + Radiomics,0.07017310221682105,0.10301994386653349,0.07052080600396766,0.10283066994880834
128,Clin + Radiomics,0.08449721882112236,0.08787414349736977,0.08556895542758759,0.08843060535723189
129,Clin + Radiomics,0.08395471497197846,0.11780950229920492,0.08386001740770041,0.11815502799635594
130,Clin + Radiomics,0.09709345472745806,0.11131486983469886,0.0968593746406802,0.11173820340540656
131,Clin + Radiomics,0.06624890838111194,0.07107065924876466,0.06649133679762174,0.07118711041972904
132,Clin + Radiomics,0.08724686183411254,0.12869238164339625,0.08745479732866358,0.1277432287371054
133,Clin + Radiomics,0.09956883962896328,0.12861347457074263,0.09915025377003003,0.12763796828562848
134,Clin + Radiomics,0.11322172610409688,0.1324032527090924,0.1132688119710588,0.13182068384740664
135,Clin + Radiomics,0.09318064018447715,0.12948464059810144,0.09340421593117852,0.12958836536182475
136,Clin + Radiomics,0.07452442629747756,0.10107793943090639,0.07505855731178462,0.10076794547836398
137,Clin + Radiomics,0.07778319872411335,0.08383764954458642,0.07862397403128783,0.08386898186525613
138,Clin + Radiomics,0.08430303850137459,0.0830439152732191,0.08366715276668711,0.08220389285480845
139,Clin + Radiomics,0.08191201934699374,0.10810621134637212,0.08107053149071322,0.1078106450197013
140,Clin + Radiomics,0.10587342074469121,0.12028517171122112,0.10565612156309548,0.12031639648708757
141,Clin + Radiomics,0.060610053386351434,0.08340506432911202,0.06015200455464683,0.08359494961190884
142,Clin + Radiomics,0.06896359567101429,0.07027630944658791,0.06929175607973966,0.07072258783323229
143,Clin + Radiomics,0.06956705702999243,0.07519093206494785,0.06927802892186989,0.07503592752588001
144,Clin + Radiomics,0.05815156768231494,0.07270736795114938,0.05819268052830747,0.07305153374353983
145,Clin + Radiomics,0.09674879369997315,0.1275983083617051,0.09680891471253067,0.12844207313560352
146,Clin + Radiomics,0.05432342475587172,0.08449243542891754,0.055467980498955016,0.08495085155388635
147,Clin + Radiomics,0.07966565018768294,0.11670146698939136,0.08035153421802829,0.11683408637715287
148,Clin + Radiomics,0.11011260202831269,0.11256466417802286,0.11022015457766803,0.1134229830803827
149,Clin + Radiomics,0.06865784640298102,0.1159880251476513,0.06895657515342263,0.11586270961952708
150,Clin + Radiomics,0.07998230940156023,0.13041681973154431,0.08096063318321327,0.13032438715178807
151,Clin + Radiomics,0.09344497093158688,0.11798059030165901,0.09364607889562182,0.11813721176598947
152,Clin + Radiomics,0.07547688855185886,0.0905136341278359,0.07572856839898723,0.08991663022935016
153,Clin + Radiomics,0.0866402844599018,0.11154793860969567,0.0864437218213634,0.11248468053429127
154,Clin + Radiomics,0.09897316966345666,0.08341187261952582,0.09911856756173953,0.0835626442599703
155,Clin + Radiomics,0.09416700156999426,0.11813751247219931,0.0936934835973795,0.11877650187713971
156,Clin + Radiomics,0.11575722887343914,0.13731245640858197,0.11573128185246008,0.13748840578011962
157,Clin + Radiomics,0.06791134974855566,0.07710931908977171,0.0677603959554237,0.07742844730567118
158,Clin + Radiomics,0.06685823665398645,0.07213592326915133,0.06669291335571695,0.07233379473347365
159,Clin + Radiomics,0.07370968856420788,0.08650943024962277,0.07359016552004716,0.08677189143431945
160,Clin + Radiomics,0.06882912577740719,0.10883404633785312,0.06910611471408414,0.10945320462348467
161,Clin + Radiomics,0.07204966209087894,0.0940746002654271,0.0715924871860174,0.09415727066038307
162,Clin + Radiomics,0.06637661533664649,0.08135498752761129,0.06666926055694872,0.08083080066928194
163,Clin + Radiomics,0.06284915463003382,0.070729566146841,0.06368929612316124,0.07039257180625037
164,Clin + Radiomics,0.05427232186948146,0.07106876684566148,0.054247553404892894,0.07026973343682928
165,Clin + Radiomics,0.09617429070974318,0.13668055709192486,0.09526228452959402,0.1357290807871809
166,Clin + Radiomics,0.053752537785858166,0.0888786631191607,0.05457803697097902,0.08832100588680285
167,Clin + Radiomics,0.06324612983779822,0.11489589804878915,0.06262519333026018,0.11531199018588942
168,Clin + Radiomics,0.07712667651016045,0.10072036227158117,0.07729093276438803,0.1008929487414512
169,Clin + Radiomics,0.06277428222710141,0.077821347558318,0.06336782953630091,0.07798488041122428
170,Clin + Radiomics,0.09858845473212276,0.13040150933839872,0.09848901890451763,0.13126607686809047
171,Clin + Radiomics,0.08112431553947728,0.11125612736308031,0.08063754348516293,0.11173042447826668
172,Clin + Radiomics,0.09714363479351262,0.13591174233111408,0.09732773824721933,0.13535086448238795
173,Clin + Radiomics,0.09525871531264199,0.1210492495799193,0.09488819475681912,0.12165736722203657
174,Clin + Radiomics,0.09333882221136654,0.10212422358161892,0.09305193116601723,0.10281383938555153
175,Clin + Radiomics,0.07010059130478345,0.09938971418862969,0.06966207898780834,0.09944306468883087
176,Clin + Radiomics,0.08029291238335379,0.11035227695447643,0.08060185994329233,0.11065572281498195
177,Clin + Radiomics,0.07129292680861328,0.06727130869637662,0.07163826954375155,0.06762033887515918
178,Clin + Radiomics,0.054340723369989345,0.06755259541384706,0.055103839936307256,0.0672912850738996
179,Clin + Radiomics,0.07777795407216485,0.095885743242677,0.07826383040792464,0.09561698129568952
180,Clin + Radiomics,0.08630777992389387,0.14738879594783882,0.08618183587128211,0.14700291434307794
181,Clin + Radiomics,0.08414549413036403,0.09655075603062467,0.0839656667186153,0.0971620263351526
182,Clin + Radiomics,0.08279134604031767,0.12451873462116468,0.08287257736728183,0.12351931376551309
183,Clin + Radiomics,0.06570121133913763,0.09710061838586166,0.06593234497907692,0.0959225010162107
184,Clin + Radiomics,0.07991396603570526,0.09211714827270101,0.08016098598639643,0.09228841346447506
185,Clin + Radiomics,0.10063463279884921,0.1238824007193674,0.10034246543827223,0.12411171057719049
186,Clin + Radiomics,0.05525059281522668,0.0810077853319191,0.05556342304873201,0.08053225774039334
187,Clin + Radiomics,0.07728368041471662,0.10204696257159139,0.07818603890443199,0.10176931360843255
188,Clin + Radiomics,0.08595225064444251,0.12062670022504642,0.08694653435840058,0.12008505457265094
189,Clin + Radiomics,0.08064736017578292,0.09729930657332297,0.08052938274798083,0.09686721059124807
190,Clin + Radiomics,0.06360060479043432,0.09703084277418746,0.06375128469831327,0.0969141204260916
191,Clin + Radiomics,0.0670401776956843,0.09131352315396268,0.06675143896202182,0.09173927568191194
192,Clin + Radiomics,0.06788293321219174,0.06088284891954106,0.06773945820614324,0.06048222963849471
193,Clin + Radiomics,0.07015627197785537,0.10425222809053358,0.07051758569275915,0.10371158838645875
194,Clin + Radiomics,0.08883419424283713,0.1368160748438289,0.08848992571308291,0.13681575447573258
195,Clin + Radiomics,0.07163923121718413,0.11821024682796175,0.0714505385050937,0.11832982624159806
196,Clin + Radiomics,0.06771709249163645,0.11173993394703877,0.06871773730611802,0.11194053556033393
197,Clin + Radiomics,0.08218737635662908,0.12311664894811217,0.08292669320499561,0.12301923343496593
198,Clin + Radiomics,0.06146122223234464,0.08206404993555574,0.06212581047809524,0.08243830698398792
199,Clin + Radiomics,0.06817509985077369,0.0854810651320783,0.06869512611521165,0.08439950040738678
200,Clin + Radiomics,0.08936919488741125,0.13664608480210513,0.08888322810884434,0.1364547759174148
201,Clin + Radiomics,0.07030350680866881,0.10846692504330693,0.07023051198777218,0.10855316710650097
202,Clin + Radiomics,0.0892397617995124,0.09332254400530998,0.08922223615101434,0.09371533335115263
203,Clin + Radiomics,0.09895125853994968,0.12345692445106055,0.098561993360089,0.12322868295415446
204,Clin + Radiomics,0.07987333424766946,0.11741338549000206,0.08051028857107857,0.11780552963440262
205,Clin + Radiomics,0.0638414207718355,0.08792020843290935,0.0646864877424561,0.0879511453043874
206,Clin + Radiomics,0.06864545804068657,0.08692470891032099,0.06905804413618621,0.08616286643955115
207,Clin + Radiomics,0.07295652055628765,0.09781555792445111,0.0731246045606642,0.09762738496399241
208,Clin + Radiomics,0.08887735702617167,0.12131882120434107,0.08872965469630226,0.12120966026582919
209,Clin + Radiomics,0.069786647522909,0.11563517923700914,0.06937209750947465,0.11555984721315393
210,Clin + Radiomics,0.06998273806899181,0.08575335734185657,0.06970298793915504,0.08647390588524946
211,Clin + Radiomics,0.0868749595348503,0.1268413832541034,0.08647363465102723,0.12643913776535354
212,Clin + Radiomics,0.0963082420032487,0.10583017537166318,0.09720874642396579,0.10583787260202251
213,Clin + Radiomics,0.07391556363104175,0.10523436686184871,0.07386171311726034,0.10451574074874047
214,Clin + Radiomics,0.11545508455896025,0.12922900761625605,0.11581905831483476,0.1289168511402457
215,Clin + Radiomics,0.09417313569453498,0.12019612720928324,0.09409867816193741,0.12068758281053192
216,Clin + Radiomics,0.08201314647530168,0.09399802208488339,0.08291909945678305,0.09459518094946565
217,Clin + Radiomics,0.10556671597133174,0.12314437367025179,0.1058645449023816,0.12386406074581564
218,Clin + Radiomics,0.07628653023397178,0.10951408539592494,0.07563836952727895,0.10948707325630246
219,Clin + Radiomics,0.0776735222003856,0.11752672355936776,0.0772334038307164,0.11682965701187772
220,Clin + Radiomics,0.0635507021199637,0.07430963395445686,0.06441754272963089,0.07376205352754935
221,Clin + Radiomics,0.09632640927048504,0.11393513752539086,0.09710659889835963,0.1141568364432967
222,Clin + Radiomics,0.054093010300308934,0.08725181958250129,0.054608272019904515,0.08695918827715876
223,Clin + Radiomics,0.06769993221384588,0.093365020764653,0.06790145118907016,0.09380228675417046
224,Clin + Radiomics,0.06929552682825493,0.0819139002550719,0.07020773422618198,0.08125508792705674
225,Clin + Radiomics,0.10293983988549014,0.12349745349302195,0.10236247880829857,0.12409105078868805
226,Clin + Radiomics,0.06903585001423372,0.09646106206958233,0.06875151667766796,0.09673192589198018
227,Clin + Radiomics,0.10167463676511544,0.10038370557695198,0.10191254119540029,0.10135092606723439
228,Clin + Radiomics,0.04610386623579155,0.0796092670900713,0.04688403876892062,0.07947163233429647
229,Clin + Radiomics,0.1100663294970915,0.09191301277057032,0.10926617441957545,0.09198671142280426
230,Clin + Radiomics,0.06828499805474345,0.10112478546004619,0.0676317488614625,0.10075276452569217
231,Clin + Radiomics,0.060257998776360226,0.09230467335687556,0.059811501553664916,0.09203820708454669
232,Clin + Radiomics,0.08288995250066282,0.11701204981030564,0.08289158229886046,0.11683465427627067
233,Clin + Radiomics,0.10179601261824281,0.1293118493970731,0.10176513451630047,0.12844187443036248
234,Clin + Radiomics,0.08650885520319587,0.08865810400924519,0.08587661096514322,0.08864632417549363
235,Clin + Radiomics,0.07601961932871482,0.10052781323024548,0.07579804875443641,0.10064890283203017
236,Clin + Radiomics,0.0629406884124007,0.06804097403970676,0.063098127733023,0.06727931203512018
237,Clin + Radiomics,0.09973770312679267,0.12996179050100803,0.10043973273079031,0.1305403569388087
238,Clin + Radiomics,0.07585973576679363,0.11653104709213961,0.0764790860115142,0.11638658593774832
239,Clin + Radiomics,0.09724339910896142,0.1341507401444873,0.09678578533110799,0.134036939275364
240,Clin + Radiomics,0.09850268428902763,0.12309889601314737,0.09870095166898875,0.12329647187450961
241,Clin + Radiomics,0.07575828621473077,0.10644261746491814,0.07545621745487406,0.10570669304349914
242,Clin + Radiomics,0.09345460666233647,0.08573294123665709,0.09359931057584399,0.08687639711357137
243,Clin + Radiomics,0.07324749961976346,0.09798088417289494,0.07322220181862338,0.09793143675894377
244,Clin + Radiomics,0.09738914471312343,0.13823710109271922,0.09752015682526276,0.1373813926816346
245,Clin + Radiomics,0.10384800040375929,0.09914312967081046,0.10405437177503904,0.09919186845774328
246,Clin + Radiomics,0.07705093547416189,0.09041221704847885,0.07686855182425993,0.0905904136912012
247,Clin + Radiomics,0.08143224614456994,0.09047079495660153,0.08154447448392292,0.09051425438462377
248,Clin + Radiomics,0.06355559309025276,0.07503448384623092,0.06321368707817433,0.07518053130291688
249,Clin + Radiomics,0.0927922228744857,0.11771193834156801,0.0938036545943874,0.11828698305994183
250,Clin + Radiomics,0.07816693466323779,0.09783623627162248,0.0788960549808904,0.0981212422587739
251,Clin + Radiomics,0.06384924937268864,0.07331228363245988,0.06481801629937842,0.07339738225096343
252,Clin + Radiomics,0.07135432999056582,0.06858186323036315,0.07089626078977623,0.06819949219231539
253,Clin + Radiomics,0.0888169479533332,0.1045980714356716,0.08886243793679627,0.10344777265675494
254,Clin + Radiomics,0.056671622753466336,0.0870678252826703,0.05714969981279822,0.0871443581300761
255,Clin + Radiomics,0.09418300092047627,0.1190137951708915,0.09406089158434816,0.11968521126203012
256,Clin + Radiomics,0.08054990316383084,0.08866098001819701,0.08057533088757718,0.08920050553709391
257,Clin + Radiomics,0.09430056508444146,0.11842685573531214,0.09411975421034899,0.11861422763295812
258,Clin + Radiomics,0.08525151762790041,0.09163899262260869,0.08547629242978987,0.090810385007974
259,Clin + Radiomics,0.05972738917815211,0.08589980404125414,0.059599746133668696,0.08616870644330951
260,Clin + Radiomics,0.11407566180003081,0.13054408963214256,0.11423660805514214,0.13001099735831687
261,Clin + Radiomics,0.07870263865636469,0.1002037938561669,0.07934567085456494,0.1000714942235383
262,Clin + Radiomics,0.07701927455772166,0.10818923594987409,0.07613115959326353,0.10857314471422733
263,Clin + Radiomics,0.047554687248234195,0.07624612268227968,0.048272842825059344,0.07647195918623456
264,Clin + Radiomics,0.11167331020119467,0.14022508750201274,0.11152991330787285,0.1406884582787913
265,Clin + Radiomics,0.0640101376040347,0.09172522554452768,0.06369183046451428,0.09180353776386697
266,Clin + Radiomics,0.09349543886069432,0.1412395167699989,0.09363289613270119,0.1411106378563602
267,Clin + Radiomics,0.08459424870329404,0.06627852140173346,0.08430042793420188,0.06629863166646888
268,Clin + Radiomics,0.1028476723741664,0.12952550683853628,0.10286473692451954,0.1302314027962071
269,Clin + Radiomics,0.09323660481527718,0.13066379056303232,0.09334959752938671,0.12992574976707932
270,Clin + Radiomics,0.09400143344404374,0.12460399780849717,0.09477005230429011,0.12491422287032457
271,Clin + Radiomics,0.08628162452726343,0.11695477463238318,0.08599214168279316,0.11752575581882502
272,Clin + Radiomics,0.08692590521093668,0.1247404521160893,0.08664953265678699,0.12462573309063721
273,Clin + Radiomics,0.053423783137320845,0.06851466873648672,0.05404481419059586,0.06852025308567843
274,Clin + Radiomics,0.06192149189453366,0.08010012639418884,0.06165048902196234,0.0808952137384009
275,Clin + Radiomics,0.08498921823274942,0.13461878715814565,0.08550951404286956,0.1343535880217988
276,Clin + Radiomics,0.09409322657828037,0.12185380777744508,0.09433762733465702,0.12168078457381773
277,Clin + Radiomics,0.08640864178053972,0.10894955443634832,0.0875176713404169,0.10912766221121102
278,Clin + Radiomics,0.10237039128221628,0.12823906121089124,0.10278017199026801,0.12837231152273887
279,Clin + Radiomics,0.07031187388357238,0.07307340397286811,0.07120091594492711,0.07394408895943486
280,Clin + Radiomics,0.09191753255339817,0.12809421018947453,0.09164770088937751,0.12889815952847566
281,Clin + Radiomics,0.08126041108962957,0.11142177700802144,0.0822778884808836,0.11199380333297639
282,Clin + Radiomics,0.07165251332318068,0.07645659491678479,0.07226028682067094,0.07680039695744814
283,Clin + Radiomics,0.10298342852615495,0.1181012483474031,0.10329582424670229,0.11797959308646791
284,Clin + Radiomics,0.07638354849302983,0.1120187738533266,0.07691546091611733,0.11286006023700079
285,Clin + Radiomics,0.048091741724096804,0.07506761771035154,0.047966114457063114,0.07543150703901973
286,Clin + Radiomics,0.08741415478450835,0.10096564944319784,0.08721038905478325,0.10095463348944955
287,Clin + Radiomics,0.06774767996643877,0.10194594731179359,0.06760538390881754,0.10202358200578768
288,Clin + Radiomics,0.10292122261459756,0.10948192902139192,0.10275054554029527,0.10961875201245305
289,Clin + Radiomics,0.08272671529748006,0.07721340436490494,0.08329936268769127,0.07754683015561793
290,Clin + Radiomics,0.10087475707305779,0.1407420253256906,0.10087924550364481,0.14120708520995728
291,Clin + Radiomics,0.07534163837326265,0.10685178030506234,0.07459522574402577,0.10579190448460087
292,Clin + Radiomics,0.10468226020350231,0.12075017027577362,0.10555063852532677,0.12128491537002087
293,Clin + Radiomics,0.07694740302920017,0.12006049887463104,0.07679188326544309,0.12054001215450509
294,Clin + Radiomics,0.07279741928559713,0.10844537957155294,0.07307377238645361,0.1081951994918738
295,Clin + Radiomics,0.0696620478231159,0.08668709650558262,0.07019414024280753,0.08600015995396754
296,Clin + Radiomics,0.06967071847530729,0.08949419431773925,0.06917484287806826,0.08996760008809827
297,Clin + Radiomics,0.05494383852842245,0.08965551475941036,0.05473326113189058,0.08910344264446228
298,Clin + Radiomics,0.10225857735717958,0.11728580867597203,0.1005867418953989,0.11719655988154576
299,Clin + Radiomics,0.1097621811245237,0.12612271938440406,0.11003312618862905,0.12640830175011036
300,Clin + Radiomics,0.08871978616909122,0.11308058767865933,0.0891928525387387,0.11370709765378419
301,Clin + Radiomics,0.10978452510285108,0.11244835016723537,0.10960487718204048,0.1125994604618015
302,Clin + Radiomics,0.05797489941687866,0.06357607539958475,0.058136023801180554,0.06310676632224767
303,Clin + Radiomics,0.05562641521103159,0.06450307525552333,0.05653953729727632,0.06402419327187224
304,Clin + Radiomics,0.10650083318972776,0.1297305565093445,0.10688540374439481,0.13053867269544867
305,Clin + Radiomics,0.09618331802398145,0.13989337029627896,0.0968772761114506,0.14043608157462137
306,Clin + Radiomics,0.06919353783986351,0.06746770636271963,0.07003258643965776,0.06693299081318546
307,Clin + Radiomics,0.05344255176419761,0.07872484752749857,0.05311782227118211,0.07807615621455917
308,Clin + Radiomics,0.07889247343764495,0.1102270783340979,0.07981195599887282,0.11110748125853297
309,Clin + Radiomics,0.08757030397484775,0.1306941727161315,0.08707509930105266,0.13111879359738096
310,Clin + Radiomics,0.09734785369741208,0.132152665475988,0.0974866498900944,0.13190162649944545
311,Clin + Radiomics,0.07130833729901713,0.09538538488610736,0.07137039537713459,0.09520497619314999
312,Clin + Radiomics,0.052100154149276,0.08459510645322203,0.05235751935990967,0.08481789691408649
313,Clin + Radiomics,0.06087033749530968,0.06818716088696389,0.060933431540672996,0.06764754354877293
314,Clin + Radiomics,0.09323818701949663,0.1047921483831549,0.09307019598700361,0.10526336938082154
315,Clin + Radiomics,0.10049040519933314,0.12208089785287937,0.10005919913508961,0.12213635332008022
316,Clin + Radiomics,0.07772134323674178,0.10145060268055409,0.07766436106757002,0.10146890798971551
317,Clin + Radiomics,0.09541145008833059,0.10722412655086012,0.095250456851532,0.10769926710993825
318,Clin + Radiomics,0.07933791061529996,0.09638078906435209,0.07979721978643539,0.09656244444116108
319,Clin + Radiomics,0.09385216108434746,0.09140151636065857,0.09327767888846683,0.09192917855325031
320,Clin + Radiomics,0.11028030762783292,0.12628904081749967,0.11012907181357177,0.12531221165158893
321,Clin + Radiomics,0.07655130895405786,0.0803367562866679,0.07740055457866188,0.08070760547644266
322,Clin + Radiomics,0.08851965237135861,0.1064367186527295,0.08863833282182478,0.10757478346889092
323,Clin + Radiomics,0.09046069700404469,0.12397615822972309,0.09073131771321441,0.12416798553443711
324,Clin + Radiomics,0.06974473114049184,0.09373606473730157,0.07009435540752915,0.0946293651164854
325,Clin + Radiomics,0.06090885834282044,0.09395482571409207,0.06011834582517943,0.09283162664754646
326,Clin + Radiomics,0.06360281289591552,0.07557679712669027,0.06375184508917225,0.07541115109506175
327,Clin + Radiomics,0.07646327149375014,0.08568826136256373,0.07667053617169704,0.08551995685380114
328,Clin + Radiomics,0.09365484336326117,0.10662426156496196,0.09426819045295506,0.1070848529571865
329,Clin + Radiomics,0.06355669910891261,0.07540858085139177,0.06422013688839948,0.07530684035472943
330,Clin + Radiomics,0.059417111822667984,0.07190335543963651,0.05968413059421722,0.07254086287057013
331,Clin + Radiomics,0.08734687059293816,0.13540840350889347,0.08791522935960792,0.13441245602913768
332,Clin + Radiomics,0.06017180328306091,0.08473009025634529,0.059958159341577985,0.08440543122658697
333,Clin + Radiomics,0.06493193732132788,0.10660546284783244,0.06508141681711577,0.10661013145048542
334,Clin + Radiomics,0.0869524699016605,0.10102198902104127,0.08732644034807989,0.10181995444276137
335,Clin + Radiomics,0.10537207144272388,0.11593333844871259,0.10441917948038489,0.11666951802009175
336,Clin + Radiomics,0.08805068709143711,0.10573406900141273,0.08805849903254993,0.10551375688579137
337,Clin + Radiomics,0.04916841817430543,0.0816802171465488,0.04951588269199799,0.08051405165846252
338,Clin + Radiomics,0.10517398449465054,0.14385161874919805,0.10520584386213952,0.14341313761124191
339,Clin + Radiomics,0.09158125347013202,0.10422581412265382,0.09203133464255267,0.10480145690928627
340,Clin + Radiomics,0.0499003666265596,0.07439527856931946,0.04976093665551434,0.07421486102597018
341,Clin + Radiomics,0.09475664606815891,0.13277442371048992,0.09513530877126922,0.13193017422649644
342,Clin + Radiomics,0.05487641563487154,0.07065667745237716,0.05567008472621006,0.07036630419727859
343,Clin + Radiomics,0.09626382468622095,0.13558811309167712,0.09667686440602202,0.13461770358907385
344,Clin + Radiomics,0.06910077347224904,0.10928951349666438,0.06945551667379245,0.10987939977064061
345,Clin + Radiomics,0.07125231623827057,0.11419262081748224,0.07063895162385278,0.11426285114869995
346,Clin + Radiomics,0.1004791028414551,0.13159824733881936,0.10052542226722118,0.13166434930496537
347,Clin + Radiomics,0.07855045792515726,0.09896339479638444,0.07817896912221495,0.09860474612286846
348,Clin + Radiomics,0.06790457423641542,0.06197349027381808,0.06778195941284144,0.061495929410694726
349,Clin + Radiomics,0.07733714259300636,0.11653466115897335,0.07783999420348106,0.11664288632405002
350,Clin + Radiomics,0.11009515162534543,0.12993580582339456,0.1102845193771301,0.12994141767351733
351,Clin + Radiomics,0.06361038554938014,0.07207352813564714,0.06335541482324618,0.07188545017445398
352,Clin + Radiomics,0.06074389001257579,0.0698716535099694,0.061582179773594065,0.06958310491076489
353,Clin + Radiomics,0.08514176946423564,0.09740377656370897,0.08587459999440536,0.0977418793843357
354,Clin + Radiomics,0.07269786787695072,0.0682277608224382,0.07256247965371723,0.06853466599963864
355,Clin + Radiomics,0.07077544746004233,0.08783123114877897,0.07123961900577107,0.08843958239481367
356,Clin + Radiomics,0.09638199358454234,0.09940880804699814,0.09627197179567772,0.09955639705881
357,Clin + Radiomics,0.08266449892313067,0.1138199640974756,0.08250187472476866,0.11382437900792673
358,Clin + Radiomics,0.08007049578175089,0.0974350053352529,0.07965436014108168,0.0976596848053399
359,Clin + Radiomics,0.07843189175424459,0.13247114802659155,0.07800033136034662,0.13232954988073714
360,Clin + Radiomics,0.07672432301728384,0.06626043042678498,0.07724539807283451,0.06568447947138681
361,Clin + Radiomics,0.07859069383274803,0.09249535190756414,0.0785986989193272,0.09301484306744146
362,Clin + Radiomics,0.07752574475822213,0.08076850660312854,0.07712098305994317,0.08097403281779454
363,Clin + Radiomics,0.11237703712735074,0.1393418014969883,0.11273306849992931,0.14004504195114248
364,Clin + Radiomics,0.05535873046682542,0.0647297977738615,0.05470445332333025,0.06484683226604643
365,Clin + Radiomics,0.10132377511687253,0.12638763758876825,0.10121562600672787,0.12648596179781027
366,Clin + Radiomics,0.07978958236372413,0.07929103723232114,0.0800076631506706,0.07901981805212213
367,Clin + Radiomics,0.07128432678249617,0.09634528141970145,0.0712588452351553,0.09658546933006273
368,Clin + Radiomics,0.05479369426046582,0.060877970936539405,0.0542943013583333,0.06005602412252994
369,Clin + Radiomics,0.07627052356960533,0.10292042892900535,0.07650612718948457,0.10263511053647327
1,Clin + BiomedCLIP,0.08019544200387792,0.07902723074205317,0.08042899571825296,0.0805904375181161
2,Clin + BiomedCLIP,0.0690703201984656,0.07788336482688771,0.06913106380027702,0.07904605426674062
3,Clin + BiomedCLIP,0.06888307373593537,0.07429295677081076,0.0692414448233966,0.07498509247765825
4,Clin + BiomedCLIP,0.09873512077068668,0.08037105139480659,0.09866505205833581,0.07985934650829317
5,Clin + BiomedCLIP,0.07155408782848523,0.06939416776320158,0.07161684385719047,0.06951857279999227
6,Clin + BiomedCLIP,0.06733815806285168,0.06543578708951751,0.06691386437942974,0.06464800649177171
7,Clin + BiomedCLIP,0.09869714827836122,0.088034156365475,0.09873629098630543,0.08724315623437741
8,Clin + BiomedCLIP,0.07039648140191207,0.04954341966072393,0.07059280640207548,0.049575392525849644
9,Clin + BiomedCLIP,0.05529612889922275,0.0828152863624413,0.05544242976996302,0.08338086782047009
10,Clin + BiomedCLIP,0.08498225075931175,0.04570928721816059,0.0853204424416652,0.044810497635769636
11,Clin + BiomedCLIP,0.07352221427890351,0.08175834450439987,0.07336176893167907,0.08172267556221842
12,Clin + BiomedCLIP,0.10161235922802578,0.07636674279945797,0.10211022615282361,0.07693585378129893
13,Clin + BiomedCLIP,0.08312264105793896,0.05792540796577712,0.08326038620352592,0.05813616336055147
14,Clin + BiomedCLIP,0.09636360180213299,0.10020197262789554,0.09671408984033561,0.10059855870058805
15,Clin + BiomedCLIP,0.06728728590278026,0.05671500384922736,0.06711619427732611,0.056480217352534334
16,Clin + BiomedCLIP,0.08713362098155102,0.07671144820450854,0.08682222997660967,0.07527347621569608
17,Clin + BiomedCLIP,0.06930132442093603,0.05511191159801885,0.06922988392546403,0.055859184216508755
18,Clin + BiomedCLIP,0.07996073782234253,0.07063236728661816,0.08000013918608158,0.07173482554038167
19,Clin + BiomedCLIP,0.08027119725644691,0.07875584841405005,0.07980294824080528,0.07899434566050341
20,Clin + BiomedCLIP,0.09504128269611828,0.09415459051649389,0.09512102502589453,0.09326758876543337
21,Clin + BiomedCLIP,0.07213327551733281,0.05539323261383122,0.07228192316398305,0.054835691868851275
22,Clin + BiomedCLIP,0.09098548778609832,0.10254190658136103,0.09082557641526502,0.1036427061233833
23,Clin + BiomedCLIP,0.07826560115701481,0.059208717114707474,0.07853138584252767,0.05851819651131279
24,Clin + BiomedCLIP,0.07992084950205232,0.09695578293692463,0.07961457764985964,0.0968583747605401
25,Clin + BiomedCLIP,0.09814005204447913,0.10201422850605273,0.09838837368426125,0.1021143808700091
26,Clin + BiomedCLIP,0.07768368913187097,0.07627706307908073,0.07804711323982517,0.0761195649003546
27,Clin + BiomedCLIP,0.05348424817990277,0.08320276352208035,0.05335649059075143,0.08391476837324732
28,Clin + BiomedCLIP,0.10443346464130411,0.09222651683520203,0.10470040574018413,0.09075646259142206
29,Clin + BiomedCLIP,0.07870308786051658,0.06455714547430665,0.07904993350916897,0.06306998740358717
30,Clin + BiomedCLIP,0.07305211713868626,0.06633467322511818,0.07269666657631968,0.06563418920124178
31,Clin + BiomedCLIP,0.06615669268802046,0.049197054035,0.06612218623273983,0.04783179258309366
32,Clin + BiomedCLIP,0.07303934024064657,0.05811220934314043,0.07284471129639701,0.05949908232731602
33,Clin + BiomedCLIP,0.07510445949043054,0.06484599029016086,0.07498977726824656,0.06313476551852867
34,Clin + BiomedCLIP,0.08743447948317545,0.0785578813123683,0.0877793659058739,0.07887015023233142
35,Clin + BiomedCLIP,0.06601646921341965,0.06715535005281553,0.06604885429845009,0.06654960541456233
36,Clin + BiomedCLIP,0.071972694301915,0.0674962394167043,0.07213092352194499,0.06757937601332302
37,Clin + BiomedCLIP,0.0748892490375089,0.0779230006593606,0.07502167701494064,0.07800332119544871
38,Clin + BiomedCLIP,0.06764936387139946,0.10513432141256623,0.06724786441263614,0.104235202567639
39,Clin + BiomedCLIP,0.0873106176931582,0.07874815501391767,0.08766049599769377,0.07831330001236865
40,Clin + BiomedCLIP,0.0888052284022871,0.09052464953952631,0.08897622249965244,0.0910360175128831
41,Clin + BiomedCLIP,0.06587269141492955,0.05652279873479908,0.06571502705438932,0.057224007801483644
42,Clin + BiomedCLIP,0.05149756384197872,0.06488539774758649,0.051067481479138,0.06628041743357091
43,Clin + BiomedCLIP,0.09107151368514066,0.06816573424558428,0.09152684721268696,0.06759804632957345
44,Clin + BiomedCLIP,0.08853240012749314,0.05891848811801487,0.08877076180299234,0.05963991754676235
45,Clin + BiomedCLIP,0.07833944990629926,0.06386055475012381,0.07869733967858117,0.0634705162049647
46,Clin + BiomedCLIP,0.061308645822458964,0.06743096214364926,0.06092007337777957,0.06684661447713144
47,Clin + BiomedCLIP,0.060573259134437174,0.0815131809171565,0.06020042818461057,0.08096090988456234
48,Clin + BiomedCLIP,0.09073219231151751,0.08530519102154777,0.09110178988134293,0.08415381836402976
49,Clin + BiomedCLIP,0.04743198810617633,0.06204992201682597,0.047548477982281005,0.06075747168305558
50,Clin + BiomedCLIP,0.10106660790605412,0.0868933239168854,0.10103301173877112,0.08679121972562179
51,Clin + BiomedCLIP,0.07407711541763304,0.06874247172603777,0.07417601019180764,0.06889261240424016
52,Clin + BiomedCLIP,0.06405767219766789,0.06887789160364885,0.06393415540652483,0.07054860605308849
53,Clin + BiomedCLIP,0.0812095995871487,0.07491801389830258,0.08134323650246293,0.07313851177141077
54,Clin + BiomedCLIP,0.09044390646729264,0.08365433974068845,0.09026351134678566,0.08349140804152609
55,Clin + BiomedCLIP,0.06061640514002687,0.09884371912491981,0.060375710516348366,0.09982850116129455
56,Clin + BiomedCLIP,0.08115690202185281,0.07004545469961171,0.08129646643340963,0.07165314464323429
57,Clin + BiomedCLIP,0.07374037016249854,0.060398380836188204,0.07398192194346805,0.060155155147718874
58,Clin + BiomedCLIP,0.06398650793481214,0.07194411141868182,0.06401199902745605,0.07146339458469349
59,Clin + BiomedCLIP,0.06303951150898832,0.08834037115986454,0.0629542063090753,0.08794254547361484
60,Clin + BiomedCLIP,0.0625851822400825,0.07032006344658477,0.06265333240975876,0.07145005330950444
61,Clin + BiomedCLIP,0.07515923565749315,0.068404601801199,0.07502813146988979,0.06794594405737456
62,Clin + BiomedCLIP,0.09688469633158169,0.08135186725510031,0.09684123805596714,0.08160445162673023
63,Clin + BiomedCLIP,0.09653089883656765,0.11403584633463328,0.09661593209110507,0.11427831850896483
64,Clin + BiomedCLIP,0.055594732829980426,0.06651957750904895,0.05572269883424383,0.06624070179624934
65,Clin + BiomedCLIP,0.06264833548598893,0.07629279950902772,0.06248872295976632,0.07614928846000658
66,Clin + BiomedCLIP,0.052252289323513355,0.0563840336563616,0.051831500926928536,0.056314344466621986
67,Clin + BiomedCLIP,0.06336162921276821,0.07602632287993268,0.06308187801972723,0.07523777484816878
68,Clin + BiomedCLIP,0.0486993384400484,0.050524486505370364,0.04819969052227599,0.05043059532613121
69,Clin + BiomedCLIP,0.055299857131365156,0.05877129026676316,0.054989863853869975,0.05872920121251179
70,Clin + BiomedCLIP,0.07076184895859713,0.0743944523365083,0.07086473727986081,0.07421766180133958
71,Clin + BiomedCLIP,0.08671555124259259,0.08179507584395085,0.08674288170759333,0.08247447977396614
72,Clin + BiomedCLIP,0.08855197467237542,0.08699369583726338,0.08861565374547621,0.08914394202825851
73,Clin + BiomedCLIP,0.0639972531182301,0.07359586251965382,0.06398441479938304,0.07469982021317201
74,Clin + BiomedCLIP,0.060499881918830344,0.06490762457250848,0.06016911365927254,0.06450508186453136
75,Clin + BiomedCLIP,0.09413258040143543,0.1019312311107593,0.09426658745610265,0.10194359544333144
76,Clin + BiomedCLIP,0.05692973085724812,0.0536268874616452,0.056625497235200696,0.05413302065598803
77,Clin + BiomedCLIP,0.09851196731974296,0.09970056454267408,0.09840859871536402,0.09907512108282868
78,Clin + BiomedCLIP,0.06229897208195671,0.06819037995841307,0.06193585494934701,0.0683783490916061
79,Clin + BiomedCLIP,0.09469470166173678,0.08786072685464819,0.09495333516170057,0.0869163302433457
80,Clin + BiomedCLIP,0.11019501446325809,0.11027410594342041,0.11065440166886052,0.11175457621609822
81,Clin + BiomedCLIP,0.0989138940104649,0.08422151320934816,0.09919740434878153,0.08627173507888113
82,Clin + BiomedCLIP,0.10811127457152053,0.08060434464867512,0.10841432630361174,0.08173972647364607
83,Clin + BiomedCLIP,0.09596323159870337,0.09447922274379149,0.09642665171882135,0.09475801049723152
84,Clin + BiomedCLIP,0.027097083740484897,0.05229623720941354,0.026775420800236677,0.05118318430418798
85,Clin + BiomedCLIP,0.10584308875110512,0.0741413690101705,0.10612568648366406,0.07483894691992075
86,Clin + BiomedCLIP,0.0477447951060152,0.06545586327134899,0.04785271530339463,0.06554843958585146
87,Clin + BiomedCLIP,0.09075749987840802,0.08833524126283872,0.09059388906749946,0.08908035395461314
88,Clin + BiomedCLIP,0.07147094917423034,0.07364905924107422,0.07158950861489954,0.07312351174000956
89,Clin + BiomedCLIP,0.08317387440962623,0.08100071715864758,0.0834007358932664,0.08022256964351125
90,Clin + BiomedCLIP,0.08406695170562249,0.07359819144346881,0.0838915757011225,0.07379555946781707
91,Clin + BiomedCLIP,0.09715334231026321,0.07186159790891501,0.09759703273395233,0.07121097555657709
92,Clin + BiomedCLIP,0.09306528956415287,0.05213663644404388,0.09341833325697331,0.051101429522698465
93,Clin + BiomedCLIP,0.08294935252470076,0.08511225448027337,0.08322791863997475,0.08647770196018163
94,Clin + BiomedCLIP,0.07924845159302463,0.09000794749791739,0.07937053670411703,0.091127340559315
95,Clin + BiomedCLIP,0.0537128004925779,0.08037889540110117,0.05385293336644975,0.08007332856918618
96,Clin + BiomedCLIP,0.08898231470014896,0.08106386723214651,0.08902359919891595,0.08145254107692503
97,Clin + BiomedCLIP,0.06460800791889093,0.05946117068657422,0.0640236318798891,0.058908530303586434
98,Clin + BiomedCLIP,0.059380396358111584,0.06797929039252679,0.058947162880115186,0.06833487822673447
99,Clin + BiomedCLIP,0.07103416069823909,0.07002453385335541,0.07088439345712545,0.06912752339809114
100,Clin + BiomedCLIP,0.10636871557762592,0.11432390705238896,0.10665912400394054,0.1148721478381883
101,Clin + BiomedCLIP,0.1159883658223926,0.0666832595192482,0.1161705546647606,0.06460265896298822
102,Clin + BiomedCLIP,0.05431737010677741,0.06276419610207327,0.0544453682329818,0.06340247112393142
103,Clin + BiomedCLIP,0.08762003080587534,0.0532207354577237,0.08765328542506105,0.052333984231116036
104,Clin + BiomedCLIP,0.07087575126136782,0.06862161583444822,0.07082909168685673,0.06936710809105762
105,Clin + BiomedCLIP,0.027368654228285074,0.05235779711799366,0.027445259787529385,0.05141755638696062
106,Clin + BiomedCLIP,0.06527988857889508,0.07291618378621766,0.06513290548565456,0.0731245189910688
107,Clin + BiomedCLIP,0.09038653381501871,0.05563238399044196,0.09054320785381234,0.05456744599048834
108,Clin + BiomedCLIP,0.09868472082672726,0.07720843411362115,0.09864957586013648,0.07616104762628005
109,Clin + BiomedCLIP,0.09211265670149232,0.08259948296618086,0.0923619685415163,0.08208320638672328
110,Clin + BiomedCLIP,0.08725335907268233,0.11527572413594196,0.08737836451688553,0.11532612421587754
111,Clin + BiomedCLIP,0.059627147192457174,0.06898511720442471,0.059655760693024355,0.06860042121878862
112,Clin + BiomedCLIP,0.07683859582008686,0.0691378756795491,0.07626286528768972,0.06913774111785118
113,Clin + BiomedCLIP,0.06940370492737397,0.05283247120355628,0.06965552036788789,0.053465108374188
114,Clin + BiomedCLIP,0.06297361289219519,0.06985248626575448,0.06287955656452168,0.06918041216602779
115,Clin + BiomedCLIP,0.08230411628456633,0.0781915476571515,0.08230680404153093,0.07825539356247549
116,Clin + BiomedCLIP,0.07013608541408682,0.08276431873591565,0.07013134494542392,0.08257018157876671
117,Clin + BiomedCLIP,0.07776976900199564,0.07170371909012693,0.07782174525764705,0.07088108386724931
118,Clin + BiomedCLIP,0.06955456456722076,0.06745062759525741,0.0698099743217434,0.06882059791182195
119,Clin + BiomedCLIP,0.06934529643273477,0.06188953200199865,0.06939548139212834,0.06245964831835463
120,Clin + BiomedCLIP,0.07158372247711177,0.0679789354686325,0.07129020050309758,0.06760607601380199
121,Clin + BiomedCLIP,0.04631526779348832,0.05540557672778304,0.04573958548077261,0.05411289581014774
122,Clin + BiomedCLIP,0.06326201237377226,0.050815101638601985,0.06323808161251274,0.051041518639086465
123,Clin + BiomedCLIP,0.07413427193991809,0.08542593495418208,0.07417757397744128,0.0864183060432276
124,Clin + BiomedCLIP,0.0779766383503953,0.07006425853157874,0.0783261391247018,0.06997939840313888
125,Clin + BiomedCLIP,0.04864642894927886,0.08284459406901235,0.04808608255181577,0.08252836852145369
126,Clin + BiomedCLIP,0.0929059989515626,0.0992390828006922,0.09293235965595126,0.09915447635337385
127,Clin + BiomedCLIP,0.06603715517985942,0.05086137225824804,0.06614313041667026,0.0513830877815958
128,Clin + BiomedCLIP,0.07348408341355168,0.04900341817557371,0.07361838263874908,0.04845844927796341
129,Clin + BiomedCLIP,0.09557128549476922,0.1003712426715921,0.09571620624923712,0.10040550338763216
130,Clin + BiomedCLIP,0.0927893436655613,0.10223728179703853,0.09274852030646753,0.10347102403677548
131,Clin + BiomedCLIP,0.08063722728840572,0.06186690792980298,0.08033808097402348,0.06161585496631363
132,Clin + BiomedCLIP,0.06192452960501503,0.07557909410439266,0.06182230847889554,0.07675585795504102
133,Clin + BiomedCLIP,0.06836720964676091,0.09361718673086873,0.0685744803629971,0.0952414651630068
134,Clin + BiomedCLIP,0.0912013121065237,0.11664731049260296,0.09133207481646238,0.11643163416284637
135,Clin + BiomedCLIP,0.06974303848784473,0.07785709119432872,0.06955827941790747,0.07743283676262572
136,Clin + BiomedCLIP,0.07303967450758335,0.07773650780761586,0.07318145750472775,0.07880177601722918
137,Clin + BiomedCLIP,0.09007548715141085,0.07425831215644665,0.09007140538603896,0.07495959830870975
138,Clin + BiomedCLIP,0.07971037127132669,0.061540629386323716,0.07961374878121678,0.06288484188199181
139,Clin + BiomedCLIP,0.09434101468856447,0.089512824514951,0.09479466801758626,0.0900097171239789
140,Clin + BiomedCLIP,0.07789114629610551,0.06486366495612689,0.07805434444420091,0.06419403692843792
141,Clin + BiomedCLIP,0.06774817335032497,0.04432437148317034,0.06778774772965528,0.04364203228841363
142,Clin + BiomedCLIP,0.08126347924141075,0.08795236669268233,0.08112461467615373,0.08822665714985106
143,Clin + BiomedCLIP,0.07465592548013208,0.08264456960991125,0.07490952419954514,0.08258856158477153
144,Clin + BiomedCLIP,0.07581251169480467,0.06733119811739396,0.07554688160050996,0.06661873143980657
145,Clin + BiomedCLIP,0.07347646869816542,0.047245965109991434,0.07350848512247937,0.04698819701082371
146,Clin + BiomedCLIP,0.08918711967081884,0.08304268296353742,0.08912959419430387,0.08353262858690821
147,Clin + BiomedCLIP,0.07283463292773405,0.04364322162915077,0.07278067108357786,0.04441032803906399
148,Clin + BiomedCLIP,0.10559147995717484,0.10758839010135135,0.10589048296640102,0.1087183827427207
149,Clin + BiomedCLIP,0.10089493975446596,0.11609628789185446,0.10099347049220049,0.11794845932249642
150,Clin + BiomedCLIP,0.0679959242569563,0.09596774590551592,0.06767448076319486,0.09590132580567373
151,Clin + BiomedCLIP,0.08958457664360873,0.06851158667579597,0.0897466944655077,0.06759968704466303
152,Clin + BiomedCLIP,0.05131199008886773,0.04377780509709174,0.05136965522850338,0.04322819073054411
153,Clin + BiomedCLIP,0.10462943686406455,0.08849942123246864,0.10481094044145814,0.08869923561951089
154,Clin + BiomedCLIP,0.0795921226567482,0.05785549907299893,0.07900875564793718,0.05690561665868911
155,Clin + BiomedCLIP,0.0705076102440121,0.0648564731887018,0.06996548021535112,0.06509676883439715
156,Clin + BiomedCLIP,0.07797482303803721,0.06247181421728277,0.07805581177266961,0.06274836777035868
157,Clin + BiomedCLIP,0.06483529507687522,0.03785826603004947,0.06518354014821058,0.03813699718398825
158,Clin + BiomedCLIP,0.04419043348987896,0.059150517213934724,0.04371005302416766,0.05843473440590443
159,Clin + BiomedCLIP,0.07807747406439061,0.08676779757882219,0.07841271619198205,0.08657981824173343
160,Clin + BiomedCLIP,0.07672584186088037,0.05192802340670893,0.07709040705898004,0.05239597759410407
161,Clin + BiomedCLIP,0.08290477580957019,0.05674501153993292,0.08307802781215307,0.058373375109807654
162,Clin + BiomedCLIP,0.042851158987858386,0.04337794947655416,0.042438625147055244,0.043132497907778684
163,Clin + BiomedCLIP,0.0596321664124693,0.06119712250843376,0.059781888689933,0.06060626374511604
164,Clin + BiomedCLIP,0.07529112619975034,0.07092838554360925,0.07525437165828111,0.07116039636960537
165,Clin + BiomedCLIP,0.07715439024471074,0.09982800796085567,0.07731585130101887,0.10142813204554414
166,Clin + BiomedCLIP,0.06592369638191817,0.06021796559333636,0.06565794923253773,0.06045517069920605
167,Clin + BiomedCLIP,0.06624766830033897,0.07879096022472415,0.06580653638133419,0.07986768513797049
168,Clin + BiomedCLIP,0.07946961720463344,0.08342060260616324,0.07980916361326515,0.08404862522665765
169,Clin + BiomedCLIP,0.0816533221618447,0.09661284581042891,0.08187428661621694,0.09697062156640196
170,Clin + BiomedCLIP,0.08488412802899357,0.06846921729550831,0.08521511809716864,0.07038809835265197
171,Clin + BiomedCLIP,0.09441929215197135,0.10608520904482538,0.09396899873059672,0.10686383843505125
172,Clin + BiomedCLIP,0.09626533312416247,0.07557717555351028,0.09613775538571924,0.07540540406172447
173,Clin + BiomedCLIP,0.07858644734250524,0.06944328400726656,0.07864340877988325,0.06884981805403137
174,Clin + BiomedCLIP,0.10055952242017033,0.11262935479283803,0.10081953063891545,0.11192190910070884
175,Clin + BiomedCLIP,0.08637226780495047,0.07869144503262557,0.08654522788544705,0.07849080478484542
176,Clin + BiomedCLIP,0.09035186071880731,0.06915227170729428,0.09082354430705986,0.0691936726370641
177,Clin + BiomedCLIP,0.05671425935207499,0.07967221499964308,0.056863783375123336,0.07887374078175839
178,Clin + BiomedCLIP,0.09618421634549955,0.06616021833605537,0.09617938363518133,0.06600513231518462
179,Clin + BiomedCLIP,0.07684024215003409,0.09665954825768586,0.07695847834052168,0.09623675769180057
180,Clin + BiomedCLIP,0.09764603750597287,0.09743488396883655,0.09800573848165306,0.09731563407199119
181,Clin + BiomedCLIP,0.09382270529953507,0.10857538711879156,0.09365446237956214,0.1096154953676038
182,Clin + BiomedCLIP,0.06752567108430568,0.08414469927986427,0.06768309795462948,0.08451232555311351
183,Clin + BiomedCLIP,0.08611728524947411,0.07145603238176756,0.08585126488047634,0.07283950536940216
184,Clin + BiomedCLIP,0.050152801305773945,0.04083258689413974,0.04986044068632655,0.041241978108065236
185,Clin + BiomedCLIP,0.08200124533094993,0.09065443244773042,0.08175796317932887,0.09151852790908613
186,Clin + BiomedCLIP,0.09197037232555368,0.06112197754240346,0.09242497653017141,0.06082334636996911
187,Clin + BiomedCLIP,0.11098458950341272,0.10658420917449085,0.11097205833215107,0.10527950260328542
188,Clin + BiomedCLIP,0.06962693440237218,0.06163181479467245,0.06934335861277022,0.060858885601098645
189,Clin + BiomedCLIP,0.06724877561976285,0.06910485721222168,0.06698846104065503,0.07002280781150552
190,Clin + BiomedCLIP,0.06308412592533777,0.06645199167704478,0.06304880587920075,0.06598640259653747
191,Clin + BiomedCLIP,0.0996913336341943,0.0956534727008225,0.09968643864891322,0.09665989242998438
192,Clin + BiomedCLIP,0.07328439811120513,0.05570508745005543,0.07352496180910266,0.0563606696589721
193,Clin + BiomedCLIP,0.06905154167798536,0.053002757318470976,0.06885886481448479,0.05317443129917555
194,Clin + BiomedCLIP,0.07872483179282147,0.0605380188617214,0.07864860582525982,0.05933524567430638
195,Clin + BiomedCLIP,0.09730435611593158,0.0814884978642981,0.0975606054630165,0.08295147398747171
196,Clin + BiomedCLIP,0.06716991154912527,0.06677328152534209,0.06732221889525389,0.06662760288600471
197,Clin + BiomedCLIP,0.09120250293888733,0.08286184709160395,0.09061054637350066,0.08363453585425563
198,Clin + BiomedCLIP,0.08017136057291831,0.09463789399927255,0.08034232559228704,0.09489566267138255
199,Clin + BiomedCLIP,0.08546511988665029,0.05004672796978206,0.08528337272685436,0.04923127470155397
200,Clin + BiomedCLIP,0.06589387162313828,0.051137647101513875,0.06546873837234345,0.051865732898797416
201,Clin + BiomedCLIP,0.09285102888596901,0.07809822873351809,0.0927730129779658,0.0767539933179136
202,Clin + BiomedCLIP,0.08362289890727885,0.08181570992853521,0.08384302529707256,0.08347391624293651
203,Clin + BiomedCLIP,0.08834944040582382,0.09375188689152533,0.08833690990935314,0.09405370150605565
204,Clin + BiomedCLIP,0.045221137709435755,0.07519852863641258,0.04475788699349798,0.07400679353633709
205,Clin + BiomedCLIP,0.08437688183508961,0.05396414160145853,0.08432057683416923,0.05372028337142184
206,Clin + BiomedCLIP,0.0684465527258886,0.07730841826479296,0.06842891905299517,0.07715470933976325
207,Clin + BiomedCLIP,0.07769100395838201,0.07843658857790727,0.07793269957404945,0.07839429213892636
208,Clin + BiomedCLIP,0.07589201200756986,0.08642184145617895,0.0756263662394138,0.08667612558986651
209,Clin + BiomedCLIP,0.10282973585512149,0.08944064448798622,0.10319927203262108,0.08988773179145655
210,Clin + BiomedCLIP,0.07394247011966218,0.03873255888795828,0.07413357956333445,0.0393809935404746
211,Clin + BiomedCLIP,0.09056236327362646,0.0777888217021548,0.09039846765801056,0.07691199039062675
212,Clin + BiomedCLIP,0.07123127500166634,0.06208572856526759,0.07105262513522959,0.06015218416986869
213,Clin + BiomedCLIP,0.10463882200960685,0.07311177195829449,0.104551343827508,0.07327288024383244
214,Clin + BiomedCLIP,0.0749702847462536,0.093820763489214,0.07492083735948195,0.09449743890660765
215,Clin + BiomedCLIP,0.10379180662124757,0.10121524316537844,0.10394129852196465,0.10043237624697124
216,Clin + BiomedCLIP,0.10042082710586217,0.11164544322226717,0.10089052106084402,0.11113115909342143
217,Clin + BiomedCLIP,0.07107447115594162,0.0459030085381684,0.07050061939554109,0.045065706634214976
218,Clin + BiomedCLIP,0.05934199645759695,0.05394911961256394,0.0594852872148339,0.053579109507550036
219,Clin + BiomedCLIP,0.08760787885469783,0.09270863382238766,0.08798067247591251,0.09438436606914287
220,Clin + BiomedCLIP,0.06916294458701992,0.08082480958325369,0.06883068075353672,0.08100291578057087
221,Clin + BiomedCLIP,0.0763823656412924,0.09378711686988189,0.07656547512235709,0.09417878032938613
222,Clin + BiomedCLIP,0.09449731682116165,0.055716961200363437,0.09495857336637405,0.0561676870779434
223,Clin + BiomedCLIP,0.09534520385306523,0.06151897115797118,0.09571013983079343,0.06189667537896077
224,Clin + BiomedCLIP,0.07822975224835102,0.05609578741850579,0.07796882167351052,0.055510299306336275
225,Clin + BiomedCLIP,0.1014580618861553,0.07660571606148577,0.1013772998041655,0.07590164978481055
226,Clin + BiomedCLIP,0.0914864116846213,0.09613423990363978,0.09154051312368593,0.09724127929681534
227,Clin + BiomedCLIP,0.07912533261958349,0.06202365072522436,0.07908378881593696,0.060501545462942806
228,Clin + BiomedCLIP,0.09036955849264776,0.06101662860714449,0.09010599272075394,0.06181506285751288
229,Clin + BiomedCLIP,0.07899017351161575,0.08684981287254591,0.07889804436919552,0.0865310276898743
230,Clin + BiomedCLIP,0.06488900875470896,0.0443841113444824,0.06488754236652575,0.043176151545280005
231,Clin + BiomedCLIP,0.046756561977050436,0.06307570271741003,0.04682555190935439,0.063300601104661
232,Clin + BiomedCLIP,0.06999574328596776,0.06846446294749839,0.06972871814640778,0.06965919171776827
233,Clin + BiomedCLIP,0.06657619028872862,0.0755855662953522,0.06619373202353597,0.07579087007221452
234,Clin + BiomedCLIP,0.07448429490686334,0.07469880369410006,0.07482547920106783,0.0743140706274366
235,Clin + BiomedCLIP,0.07712824454827288,0.07283631090206205,0.07709956165165453,0.07272388504398887
236,Clin + BiomedCLIP,0.0686635623394079,0.06342865879676578,0.06865172508478011,0.06344892854684123
237,Clin + BiomedCLIP,0.06694242947186312,0.07473984731077853,0.06711349587361874,0.07450194570386297
238,Clin + BiomedCLIP,0.08808879896855568,0.0818070720241669,0.0876317656481901,0.08174114714928186
239,Clin + BiomedCLIP,0.10335712357145703,0.0772173795990195,0.10344286867204217,0.07643072836779412
240,Clin + BiomedCLIP,0.07975024566786315,0.05075204112712384,0.07976157182594898,0.05104249859908724
241,Clin + BiomedCLIP,0.05341788799893329,0.09077819443292726,0.05319400246609541,0.09089379918037445
242,Clin + BiomedCLIP,0.06165515084900317,0.098227744005853,0.061333145663037915,0.0991202996656289
243,Clin + BiomedCLIP,0.06113734612549072,0.06067483096526018,0.061498917318887486,0.06095640556601923
244,Clin + BiomedCLIP,0.06340217441535549,0.0498089139747463,0.06317300267091519,0.049438387083052704
245,Clin + BiomedCLIP,0.09891434507343345,0.05828143510263171,0.09939903471061455,0.057546852050875
246,Clin + BiomedCLIP,0.07220556508892885,0.059717797892918534,0.072276926247512,0.05891519742932321
247,Clin + BiomedCLIP,0.07909778779075927,0.09002752486183133,0.07892691257195779,0.08932194104976468
248,Clin + BiomedCLIP,0.06644615913415261,0.07795263514314847,0.06629909202274108,0.0778306391049689
249,Clin + BiomedCLIP,0.08621991880286639,0.0847916375358485,0.08628079493733305,0.0856818893455649
250,Clin + BiomedCLIP,0.05968113793128701,0.06849126081087831,0.0594313369819613,0.06774028287018417
251,Clin + BiomedCLIP,0.07980988504367703,0.06343375937893225,0.08004367123430796,0.06208535742120223
252,Clin + BiomedCLIP,0.04964403601271211,0.056836384363989495,0.0497276038448674,0.05595779698877735
253,Clin + BiomedCLIP,0.05813189113515433,0.07074279758999488,0.05820594913644008,0.07153512295362359
254,Clin + BiomedCLIP,0.07295672568701053,0.08314215115781992,0.07269330746112165,0.08253975845710312
255,Clin + BiomedCLIP,0.07148091587855458,0.04443207600761238,0.07171467914588776,0.04466882033668039
256,Clin + BiomedCLIP,0.06453723404281209,0.06814582495546419,0.0645893273157207,0.06793546920947278
257,Clin + BiomedCLIP,0.07868281344510851,0.06481566888862852,0.07883472114726778,0.0660274878697255
258,Clin + BiomedCLIP,0.043097634040228636,0.06457845521275046,0.04293463435906887,0.06411876466839316
259,Clin + BiomedCLIP,0.056918874762889926,0.046934492066313616,0.05662305837443155,0.046499412150094364
260,Clin + BiomedCLIP,0.09417590467305802,0.08897864175130223,0.09443379234568364,0.08848890346576029
261,Clin + BiomedCLIP,0.08633607448564512,0.07910847680211275,0.08631143981993677,0.0797953385889419
262,Clin + BiomedCLIP,0.08097365192484639,0.06008867067832012,0.0814293624792682,0.05975792880932741
263,Clin + BiomedCLIP,0.036850562728081605,0.06844365398167819,0.036223489737870145,0.06801694147668699
264,Clin + BiomedCLIP,0.07662876615308914,0.07561450003065713,0.07685642709589217,0.07669201639983658
265,Clin + BiomedCLIP,0.0526857853078308,0.059265765600960696,0.05244417241677107,0.05798526498986418
266,Clin + BiomedCLIP,0.08271450881871467,0.09117394216639671,0.08276606196089153,0.09179137187710401
267,Clin + BiomedCLIP,0.08131701114067194,0.07108189689625705,0.08120963968607435,0.07031613356407407
268,Clin + BiomedCLIP,0.07671845468267578,0.056729500178066265,0.07675006630246514,0.05718017998829088
269,Clin + BiomedCLIP,0.05948103909555936,0.08645690939224925,0.05964664593319034,0.08553379434943346
270,Clin + BiomedCLIP,0.0737047619345345,0.08639092411476947,0.07392691537992198,0.08691436315962346
271,Clin + BiomedCLIP,0.0700586444828383,0.08130413894011136,0.06990004101400017,0.08040117630086405
272,Clin + BiomedCLIP,0.05285040924667152,0.07130668823174637,0.05256837637545713,0.07088458502900401
273,Clin + BiomedCLIP,0.05111500430186185,0.0814192087059705,0.05053195864478959,0.08081554821424743
274,Clin + BiomedCLIP,0.07467968080071173,0.07818598438575848,0.07476990269343432,0.07659678007587493
275,Clin + BiomedCLIP,0.0752054503991631,0.0492482663142132,0.07557673247480345,0.05000442250455427
276,Clin + BiomedCLIP,0.06747772287952805,0.08711468259912802,0.0674470129908738,0.087168937672614
277,Clin + BiomedCLIP,0.05700782640829096,0.0607599391865022,0.05683139864606077,0.05940181052159576
278,Clin + BiomedCLIP,0.05364800850741981,0.07659929464698283,0.05338239151013066,0.07552577369724361
279,Clin + BiomedCLIP,0.0814510293022581,0.07290054566254033,0.08172226173513569,0.07290460693043552
280,Clin + BiomedCLIP,0.07502906743345826,0.07655240226547462,0.0752575206526608,0.07628423658309413
281,Clin + BiomedCLIP,0.07936558178277937,0.10024526066702227,0.0794831804862516,0.10036741407774527
282,Clin + BiomedCLIP,0.10407850693137853,0.11390298543303082,0.1039565990461369,0.11516099139858085
283,Clin + BiomedCLIP,0.051489318302617555,0.04149308631976544,0.05089881471563974,0.04184104810988117
284,Clin + BiomedCLIP,0.06858933139760748,0.05998854177889697,0.06839721189566583,0.05879173650017975
285,Clin + BiomedCLIP,0.06428131614782699,0.05822418924522171,0.0642704781899842,0.05826785821660823
286,Clin + BiomedCLIP,0.07285889150752586,0.07049734459829733,0.07258458051948016,0.06964145514778511
287,Clin + BiomedCLIP,0.09450522733697006,0.07348127860845655,0.09469059548076575,0.07266891488808477
288,Clin + BiomedCLIP,0.09237657697367076,0.07744599140909804,0.09231080068259082,0.0780284139990736
289,Clin + BiomedCLIP,0.07151207485245337,0.07118892973273326,0.07180193200403873,0.07118573082034926
290,Clin + BiomedCLIP,0.08198613602098202,0.08060554413683477,0.08182800983076102,0.08159338739285693
291,Clin + BiomedCLIP,0.0889096915847339,0.0640718090711888,0.0889395247878374,0.06336183337359683
292,Clin + BiomedCLIP,0.08083478363710007,0.08558136425631387,0.08118331106601522,0.08662910065872141
293,Clin + BiomedCLIP,0.05593979248837873,0.07127999083644875,0.05607660257029428,0.07239128786631294
294,Clin + BiomedCLIP,0.08024490110024997,0.05508627875122407,0.07998334789927934,0.053200109495859516
295,Clin + BiomedCLIP,0.10304563159726345,0.11236645809086425,0.10296485221945725,0.11255772771205269
296,Clin + BiomedCLIP,0.08342291452582072,0.09020309320426322,0.08350547949115314,0.09035945461885282
297,Clin + BiomedCLIP,0.05496322099896179,0.0787463973352242,0.05512434055481921,0.07908400651733341
298,Clin + BiomedCLIP,0.09763917154976592,0.08271353707153913,0.09773337565827746,0.08378105016733411
299,Clin + BiomedCLIP,0.07109432005971615,0.05713554825154517,0.0710035510955843,0.05773656000080196
300,Clin + BiomedCLIP,0.061418022068427225,0.06896337960128386,0.06179349785998269,0.06899543979266093
301,Clin + BiomedCLIP,0.0624702136854977,0.05005426991928664,0.06220510440217703,0.0498092113006996
302,Clin + BiomedCLIP,0.07325837919660089,0.08217711399620707,0.073180707560357,0.08167811651876333
303,Clin + BiomedCLIP,0.08817159359070505,0.09610852845066832,0.08839271119119131,0.09630264651497349
304,Clin + BiomedCLIP,0.09108743967298022,0.07182839412858394,0.09126797826413942,0.07089495994498625
305,Clin + BiomedCLIP,0.07267725407103441,0.0841518966342041,0.07274434289866007,0.0837451732017952
306,Clin + BiomedCLIP,0.09661511979916167,0.07362546050818898,0.09708664113438313,0.07338445120475669
307,Clin + BiomedCLIP,0.03158891188120154,0.024621232126423875,0.030958028413698012,0.0249064440270922
308,Clin + BiomedCLIP,0.056014207829744325,0.05396346296164723,0.056146056592739704,0.054433583134660554
309,Clin + BiomedCLIP,0.08384806545081559,0.09450934828936902,0.0835678486398287,0.09565433810396212
310,Clin + BiomedCLIP,0.05477542576135219,0.05609733580018989,0.054889599039336386,0.055845322791413916
311,Clin + BiomedCLIP,0.05336656909018466,0.050023989022931724,0.05290582062208832,0.04992061077658418
312,Clin + BiomedCLIP,0.040703826260016826,0.05064035347271261,0.040431139518651266,0.050763961118042
313,Clin + BiomedCLIP,0.06949280723144745,0.07412574164499455,0.06904426867884157,0.07368910994662253
314,Clin + BiomedCLIP,0.07343214113129275,0.07456032723460274,0.07365717709465658,0.07416403664796997
315,Clin + BiomedCLIP,0.03768445321225551,0.07925003748569692,0.03708990146319149,0.07935923158216679
316,Clin + BiomedCLIP,0.07799914655580628,0.04857747833417305,0.07825069208957529,0.04889117510371648
317,Clin + BiomedCLIP,0.0656260915984255,0.06099520781356325,0.06534893506515016,0.06178546198551772
318,Clin + BiomedCLIP,0.06588112495809018,0.06091125296503268,0.06559799165814229,0.0604957718729188
319,Clin + BiomedCLIP,0.10185302061862565,0.09325001826048564,0.10212250782024246,0.09259579333014326
320,Clin + BiomedCLIP,0.05866328091641544,0.06066357095380124,0.05806681479005333,0.06159503443419498
321,Clin + BiomedCLIP,0.055898994751345556,0.0573471638685305,0.05549818914619116,0.0569975108487929
322,Clin + BiomedCLIP,0.045042715849202164,0.05156702673852388,0.04496369657948132,0.05204001683469369
323,Clin + BiomedCLIP,0.08611689979446328,0.0784368585516185,0.08608192202676478,0.08010828672822173
324,Clin + BiomedCLIP,0.05126472238900115,0.053743474340794205,0.05108627003947612,0.05329320541516396
325,Clin + BiomedCLIP,0.05152394253167683,0.0636049190631112,0.05102183560718856,0.06362611967584016
326,Clin + BiomedCLIP,0.06205800298251225,0.07029886210951604,0.06229138091608176,0.06990700473512332
327,Clin + BiomedCLIP,0.061830191118530595,0.038960016426728576,0.061858156381180175,0.038597451076630394
328,Clin + BiomedCLIP,0.08300272366767647,0.08737353639857179,0.0825417386313974,0.08672373649366448
329,Clin + BiomedCLIP,0.06695425992391943,0.07029572504328133,0.06697442597375061,0.06948555861118899
330,Clin + BiomedCLIP,0.09642005303366429,0.09612101361678124,0.09692980376220948,0.09705013768381232
331,Clin + BiomedCLIP,0.06037343070463148,0.07059108929852359,0.06033701784174472,0.07170818702879281
332,Clin + BiomedCLIP,0.09480279815502765,0.05139760180764212,0.09494636159716272,0.05150557044103608
333,Clin + BiomedCLIP,0.07979447632073695,0.08767847375766909,0.07973093107806621,0.0882682753841361
334,Clin + BiomedCLIP,0.07505146981294694,0.05763463394306208,0.0747542463184104,0.056461774297225195
335,Clin + BiomedCLIP,0.07417046333096125,0.04873827075732287,0.07418621466413165,0.04916690441986409
336,Clin + BiomedCLIP,0.06288594558311812,0.06566728999950522,0.06286741835937776,0.0670709422385941
337,Clin + BiomedCLIP,0.089133063991986,0.06125685595838513,0.08918770505020288,0.06019776929651521
338,Clin + BiomedCLIP,0.0799640198120262,0.08860725857750354,0.07940102935779571,0.08810207854859865
339,Clin + BiomedCLIP,0.08050240614941301,0.0729315804581931,0.08073151559230679,0.07408543545697975
340,Clin + BiomedCLIP,0.11072600095273899,0.0896028798083378,0.11122727730260643,0.08966807067667186
341,Clin + BiomedCLIP,0.07920327929084164,0.08522783069074305,0.07925349480516428,0.08455152156129614
342,Clin + BiomedCLIP,0.10194426001376898,0.10586241831083688,0.10232019617734188,0.10644552509987847
343,Clin + BiomedCLIP,0.056755775581675875,0.07262179999307813,0.05690766942054044,0.07267790804720263
344,Clin + BiomedCLIP,0.058616914816684684,0.05933846053676522,0.058170967234542355,0.059355776065783024
345,Clin + BiomedCLIP,0.0742285214690902,0.06604431154642984,0.07403431738651631,0.06668402771210968
346,Clin + BiomedCLIP,0.10626714954746844,0.06375165161798192,0.1062327474359465,0.062097310806073655
347,Clin + BiomedCLIP,0.09673093648709145,0.07144506476065185,0.09690340789195336,0.071775987260919
348,Clin + BiomedCLIP,0.03341052188876821,0.05147575614080309,0.03313706857568572,0.050429216223513935
349,Clin + BiomedCLIP,0.08697814412813804,0.08814682932919483,0.08713628906259434,0.0887569617275389
350,Clin + BiomedCLIP,0.062326239639138976,0.05545140635842856,0.06248671301727231,0.05473906029762341
351,Clin + BiomedCLIP,0.05538409482937003,0.03193867566357682,0.05532244884306966,0.032561518891589106
352,Clin + BiomedCLIP,0.08069716119295513,0.05778286260670735,0.08066854295351199,0.05747169845048598
353,Clin + BiomedCLIP,0.0759489997396598,0.0613641137767252,0.07596887460474569,0.06031568188657648
354,Clin + BiomedCLIP,0.04503415096044266,0.07003379463493675,0.044465625649771766,0.06838785402621908
355,Clin + BiomedCLIP,0.08111595238533613,0.07732753505248227,0.0807565243861476,0.07811157314406036
356,Clin + BiomedCLIP,0.08209474134799559,0.06720061124386882,0.08198051526393474,0.06808749145104398
357,Clin + BiomedCLIP,0.04762347518069626,0.05907704997105774,0.04763202906883458,0.05918006549545171
358,Clin + BiomedCLIP,0.0972380181047734,0.08229973808305835,0.0975144029761531,0.08240762521445917
359,Clin + BiomedCLIP,0.0970660636671267,0.10078780209391865,0.09742058192106884,0.10185262713969127
360,Clin + BiomedCLIP,0.10193005920263258,0.10590509996723703,0.10180886000261377,0.10699784839981064
361,Clin + BiomedCLIP,0.10224187698074212,0.08759942170966246,0.10242804849310558,0.08673881991576635
362,Clin + BiomedCLIP,0.07045672531930842,0.05554053466959246,0.07033240905672847,0.05393314941591234
363,Clin + BiomedCLIP,0.10181758230724382,0.09874312058157982,0.10227218498519311,0.09981966557293052
364,Clin + BiomedCLIP,0.07678699423786542,0.07009264796575372,0.07678946305418959,0.07022521923891298
365,Clin + BiomedCLIP,0.07130993323782503,0.09587834198677475,0.07122861856651382,0.09576147138588997
366,Clin + BiomedCLIP,0.09124732536842185,0.0808732764837176,0.09149975183607108,0.08048765217485947
367,Clin + BiomedCLIP,0.06862088951748935,0.0564031932221202,0.06878066224021832,0.05615957464186066
368,Clin + BiomedCLIP,0.07328917952075269,0.06328648926384271,0.0729044550428155,0.06296599509050814
369,Clin + BiomedCLIP,0.06435486173496453,0.06150344998671808,0.06377074352874862,0.06272063922785684
1,Clin + RAD-DINO,0.07564465953812313,0.09040778813721467,0.07481925145005255,0.09124927311143832
2,Clin + RAD-DINO,0.0629774245357592,0.07556373941947259,0.06377281849430011,0.07573323533458196
3,Clin + RAD-DINO,0.07181483123522171,0.09004492571916668,0.0722238421198041,0.0901874996430083
4,Clin + RAD-DINO,0.08280430983732384,0.086964074596522,0.08222181382716033,0.08745964633765992
5,Clin + RAD-DINO,0.06642069717899082,0.05483393759499849,0.06647124689356201,0.05475162589092113
6,Clin + RAD-DINO,0.10049084188730961,0.058912031338473426,0.10053556871638894,0.05919536412732256
7,Clin + RAD-DINO,0.08708295723132821,0.06221590081930898,0.08793293718747855,0.0619903372548368
8,Clin + RAD-DINO,0.06702390752802725,0.08319638831173383,0.06648875793911557,0.0836825589740616
9,Clin + RAD-DINO,0.06421096056819504,0.07709463920319098,0.06447216907599189,0.07728891140563045
10,Clin + RAD-DINO,0.05898948457381614,0.06379628350674534,0.05864108896652563,0.06398989716974801
11,Clin + RAD-DINO,0.06058648986441933,0.06440168823271278,0.060780623905759036,0.06430662383744457
12,Clin + RAD-DINO,0.06581718818031917,0.07242807715341922,0.06524402005987276,0.07228631052223704
13,Clin + RAD-DINO,0.06089786892520166,0.055283913769143385,0.06058784189113806,0.05516648379516724
14,Clin + RAD-DINO,0.09278866830565675,0.05877901684371689,0.09292691988221687,0.059062420157787704
15,Clin + RAD-DINO,0.06538717353838855,0.062131045929015104,0.06532330362202096,0.06218357687387872
16,Clin + RAD-DINO,0.058008466864079386,0.08703570190598536,0.05794549925960542,0.08717788786816305
17,Clin + RAD-DINO,0.07614140572873487,0.06945275115528113,0.07624812455793455,0.06951433006824725
18,Clin + RAD-DINO,0.08793743141273823,0.07801083815574872,0.08778381578156226,0.07789599297354094
19,Clin + RAD-DINO,0.06764469721023322,0.07752628904706367,0.0676121507539739,0.0778140966783035
20,Clin + RAD-DINO,0.04423261374503499,0.04288212033119046,0.04505803510246304,0.0428974119821901
21,Clin + RAD-DINO,0.08387795449820805,0.07357863438989413,0.08427278069449194,0.07361522543003636
22,Clin + RAD-DINO,0.05566260864980447,0.06663127241226782,0.055308951713986476,0.06682590478680714
23,Clin + RAD-DINO,0.06757857844196033,0.05971045604827101,0.06766948430215715,0.06022345100946968
24,Clin + RAD-DINO,0.06436096139435336,0.0746121419927481,0.06351152167396729,0.07487953417413673
25,Clin + RAD-DINO,0.07750526711251651,0.05739317554070866,0.07781461898250965,0.057060258383838006
26,Clin + RAD-DINO,0.07461428762462236,0.06513871245374307,0.0742806550386277,0.0649567456005331
27,Clin + RAD-DINO,0.07478142130555492,0.054057504702230794,0.07553775762800609,0.05455436222496509
28,Clin + RAD-DINO,0.08069623826694798,0.0465097356312341,0.08095334509757371,0.04658675497817891
29,Clin + RAD-DINO,0.05422284275321211,0.05020381734578291,0.054189438218858466,0.0503830113052871
30,Clin + RAD-DINO,0.08589568586556214,0.07079833850284539,0.0852651508096754,0.07071323225990296
31,Clin + RAD-DINO,0.07825413608159328,0.06523951894568486,0.07797010280928601,0.06547356987511932
32,Clin + RAD-DINO,0.06581999455870026,0.07837118418014645,0.06520785896821928,0.07823215240909476
33,Clin + RAD-DINO,0.06476744117061126,0.07692969482608648,0.06552816905663997,0.0769720773190265
34,Clin + RAD-DINO,0.08368910241126604,0.07256669791126445,0.08360392998349662,0.07273517400161007
35,Clin + RAD-DINO,0.09192879184511786,0.08962580266932722,0.09170991093201412,0.08933524338089674
36,Clin + RAD-DINO,0.05666777683782021,0.0719516051888964,0.056636554245763186,0.07193824249902309
37,Clin + RAD-DINO,0.04778914083436931,0.06335702602325904,0.047092470545947965,0.06352003733543043
38,Clin + RAD-DINO,0.07289044136187561,0.06453873681976621,0.07277575051742394,0.06410121366244613
39,Clin + RAD-DINO,0.06905442018152831,0.05192514058523688,0.06887800137872761,0.05221171191688756
40,Clin + RAD-DINO,0.07813700616992146,0.07752601370574222,0.07819694556628831,0.07721386487658982
41,Clin + RAD-DINO,0.06465018397497234,0.060190063189951154,0.06484370583886821,0.06026889133448209
42,Clin + RAD-DINO,0.06619377438900931,0.059398563243447965,0.06622373633041534,0.05968183188039605
43,Clin + RAD-DINO,0.08946323033523956,0.0717297832287457,0.0886317628559583,0.07177785260048532
44,Clin + RAD-DINO,0.0502774105324678,0.04188640607251043,0.04983264299348641,0.04228171365639373
45,Clin + RAD-DINO,0.07527338612330209,0.04484852219851386,0.07570674672293105,0.0448545674815899
46,Clin + RAD-DINO,0.0560742085706873,0.05831387491982523,0.05628925448100787,0.058270665024641594
47,Clin + RAD-DINO,0.06311169584164507,0.06386188677582574,0.06247925636779917,0.06369932174497452
48,Clin + RAD-DINO,0.06199762855783719,0.044525615597019785,0.062056476045206324,0.044704894758098426
49,Clin + RAD-DINO,0.07641061147134996,0.0877832823223063,0.07686949797576718,0.08781776719497389
50,Clin + RAD-DINO,0.06984653044618272,0.0865568276867373,0.06877055279104878,0.08648597989226474
51,Clin + RAD-DINO,0.06766380379508498,0.08849105729476528,0.06813462262914921,0.08842317786299908
52,Clin + RAD-DINO,0.061954038073386127,0.049031389307850996,0.06270753227975147,0.049317129094475366
53,Clin + RAD-DINO,0.06448422018163899,0.0764867239636701,0.06469573401753792,0.07656224789608901
54,Clin + RAD-DINO,0.08095848787109076,0.06697168031196761,0.08159344820557299,0.06693993491905362
55,Clin + RAD-DINO,0.08074379121688215,0.07624933888383163,0.08044157083657784,0.07627228362213287
56,Clin + RAD-DINO,0.06427533856548646,0.05860559998565832,0.06452868267620451,0.05862021672530858
57,Clin + RAD-DINO,0.061880510360142464,0.05194565193010472,0.06284254535388845,0.052374681615727704
58,Clin + RAD-DINO,0.08340628328632069,0.06348079087574311,0.08343268517747666,0.06318378720557533
59,Clin + RAD-DINO,0.05966828194748278,0.06254254317883523,0.059601931761373655,0.06282363205171163
60,Clin + RAD-DINO,0.08340039288296854,0.07613544476603032,0.08310559209107185,0.07653541685076416
61,Clin + RAD-DINO,0.08003327466929802,0.05910570866696485,0.07943290624541255,0.05896554501515418
62,Clin + RAD-DINO,0.07622195612798913,0.06848965967426623,0.07630206585135983,0.06884141099986928
63,Clin + RAD-DINO,0.06589652125100463,0.05977335343303489,0.0651908448775371,0.059660304155248825
64,Clin + RAD-DINO,0.0808537865766992,0.07045199702145091,0.08116425277760407,0.07066931639441443
65,Clin + RAD-DINO,0.0703361181502074,0.09200865961019027,0.07026973652637745,0.09237960418236103
66,Clin + RAD-DINO,0.06306838678405154,0.07558189224937331,0.06341334854750336,0.07551068484231031
67,Clin + RAD-DINO,0.0872427471890307,0.06817531516741282,0.087164504012347,0.06782873864639749
68,Clin + RAD-DINO,0.09452115917020679,0.07732292838661521,0.0947727527762904,0.07747773686252651
69,Clin + RAD-DINO,0.08218559419085814,0.05864700955206549,0.08217806618227332,0.05870647963110165
70,Clin + RAD-DINO,0.06710496848913419,0.05209192330009781,0.06690834592038175,0.05232689594869688
71,Clin + RAD-DINO,0.07960859164804443,0.07961444158236966,0.07996061088002247,0.07953789384794578
72,Clin + RAD-DINO,0.084406439252269,0.08248871270699538,0.08377776041984704,0.08263508409771655
73,Clin + RAD-DINO,0.06999412141052086,0.057001137546321794,0.07005008093192742,0.05738934361482048
74,Clin + RAD-DINO,0.0930365353828267,0.08126694247999668,0.09244702622908908,0.08156886972477022
75,Clin + RAD-DINO,0.07506511509479295,0.06072999068330147,0.0753436852904232,0.06088414454381661
76,Clin + RAD-DINO,0.07055438375401381,0.07397150330701488,0.07085899254710622,0.07405148513688947
77,Clin + RAD-DINO,0.06676946934482053,0.051381566370852824,0.06693097340644723,0.05179877006291882
78,Clin + RAD-DINO,0.06868492412746952,0.07647208981258868,0.06860315338236958,0.07638352857851943
79,Clin + RAD-DINO,0.057481886972801946,0.06512974004849796,0.05728781818271907,0.06513297465186496
80,Clin + RAD-DINO,0.07995850449440038,0.09451061781337262,0.08004103956424469,0.09453669361904123
81,Clin + RAD-DINO,0.06170393782008979,0.06105241555025069,0.06189186519876847,0.06093046141722787
82,Clin + RAD-DINO,0.07555150435670127,0.06098889392774679,0.0753687402200927,0.06102743681533821
83,Clin + RAD-DINO,0.07414858765395249,0.06285928831066902,0.07439153840066505,0.062408479111280016
84,Clin + RAD-DINO,0.07037538532364745,0.06521672843241015,0.071284645200974,0.06548758370922537
85,Clin + RAD-DINO,0.09118509246514277,0.06265861072230114,0.09147467864993689,0.0629330267826893
86,Clin + RAD-DINO,0.07448531878769107,0.06556614976516457,0.07530657570979149,0.06563875749466556
87,Clin + RAD-DINO,0.08739077329573644,0.08381221691442244,0.08746253412102861,0.08396922299701812
88,Clin + RAD-DINO,0.06321687128814828,0.058607678727365047,0.06355723505652396,0.05886740280473833
89,Clin + RAD-DINO,0.09495834539581456,0.07118624862101625,0.09560622668378364,0.07114158408922626
90,Clin + RAD-DINO,0.06311153783358991,0.07670215670758912,0.06284248683903833,0.07684600894511588
91,Clin + RAD-DINO,0.09181698270988176,0.07865942347052368,0.09160258869779697,0.07859465014576035
92,Clin + RAD-DINO,0.05497151028716883,0.06926868223065545,0.05485752254585562,0.0692163733722168
93,Clin + RAD-DINO,0.05531006048939722,0.06417584216917512,0.05516514310572268,0.0650160741048687
94,Clin + RAD-DINO,0.04543878771902975,0.04858724209090039,0.04529386655397172,0.04880543797000792
95,Clin + RAD-DINO,0.08173185882232821,0.09671813281283316,0.08176642493459867,0.09667046583894814
96,Clin + RAD-DINO,0.058004165809557674,0.08933068197631823,0.05760512690283516,0.08934526488485856
97,Clin + RAD-DINO,0.07191949669596338,0.06926068548453593,0.07190253684237957,0.06923897126513093
98,Clin + RAD-DINO,0.07365102475617281,0.06523334587097389,0.07342292100945141,0.06540326622765713
99,Clin + RAD-DINO,0.0664332401166625,0.06852498281562697,0.06683087412410081,0.06879446527764524
100,Clin + RAD-DINO,0.056727983992167955,0.06517274084103021,0.05658958200461442,0.06518280305726705
101,Clin + RAD-DINO,0.05859870267866413,0.06805719417695166,0.0588096827533586,0.06763690417414647
102,Clin + RAD-DINO,0.0707008145430462,0.07192780574770163,0.07035039461031478,0.07187625236695568
103,Clin + RAD-DINO,0.05668163661022668,0.07395886703685337,0.056998743975511745,0.07409992922662362
104,Clin + RAD-DINO,0.0780362299092759,0.050781171765188954,0.07860699563973306,0.050638061479894164
105,Clin + RAD-DINO,0.08285014598673167,0.06169910703973035,0.08307118550562878,0.061737402601618876
106,Clin + RAD-DINO,0.07279494841996138,0.07584201536051766,0.07248691419657351,0.07570121366242194
107,Clin + RAD-DINO,0.055616274663642,0.08008547332452635,0.055239299202091786,0.08012064434347478
108,Clin + RAD-DINO,0.07249417833592486,0.05698616277993232,0.07234174898476405,0.057246926511954614
109,Clin + RAD-DINO,0.07336527813922838,0.07569137287406161,0.07332619722527661,0.07587406724014135
110,Clin + RAD-DINO,0.06276541446631552,0.041717908138285666,0.06330267137595892,0.04191106187307453
111,Clin + RAD-DINO,0.05978606301757417,0.06485418698661038,0.0603710616264009,0.06490319832143328
112,Clin + RAD-DINO,0.06980476114386734,0.05542101519810048,0.07032099904297744,0.055266161435326436
113,Clin + RAD-DINO,0.06604464237619807,0.06760408430976178,0.06582607201824013,0.06787045470129241
114,Clin + RAD-DINO,0.08555517885004417,0.07117312518038188,0.08564482548973096,0.07102385617731485
115,Clin + RAD-DINO,0.064044548461613,0.06678615685883652,0.06399617118556221,0.06676744579776028
116,Clin + RAD-DINO,0.06961034991041366,0.054561131694249934,0.06958329999870336,0.054722308794267795
117,Clin + RAD-DINO,0.06278491962343793,0.05760667446796109,0.06280431960085726,0.057782756904896794
118,Clin + RAD-DINO,0.08387429489959797,0.07573245860768228,0.08360302416899318,0.07577959554776764
119,Clin + RAD-DINO,0.05963268499842354,0.06633940075350729,0.059214696331417634,0.06666440895414306
120,Clin + RAD-DINO,0.05540177088963908,0.06839093053934853,0.05548092480685582,0.06869301749544755
121,Clin + RAD-DINO,0.0708251018452877,0.07290656960643173,0.07112650362015378,0.07308069313176774
122,Clin + RAD-DINO,0.07157058739067398,0.07014101051153646,0.07161311665425343,0.0701010042580761
123,Clin + RAD-DINO,0.07487297898314113,0.07745471773592395,0.07460913756880216,0.07775255998558968
124,Clin + RAD-DINO,0.07523926233514674,0.0802345476481839,0.07499402325795153,0.08057607256745553
125,Clin + RAD-DINO,0.06083677356531717,0.04880710946547065,0.061310221205236354,0.049188542695507737
126,Clin + RAD-DINO,0.07937011149136204,0.08119355186317473,0.07908901297801116,0.08141953237124527
127,Clin + RAD-DINO,0.08410146699930438,0.060877693651114104,0.08390031505301208,0.06103557030210214
128,Clin + RAD-DINO,0.07567554512453252,0.06106489896815066,0.07627181928939693,0.06121775475011334
129,Clin + RAD-DINO,0.062149872108711014,0.07564940020504461,0.06222618758185433,0.07580856512401811
130,Clin + RAD-DINO,0.06703612628729523,0.060178341423447246,0.06740830233208188,0.05984916342779389
131,Clin + RAD-DINO,0.06120848388380524,0.07374196097681134,0.061204441465497424,0.07332360253032427
132,Clin + RAD-DINO,0.05811015152964004,0.07573599560315668,0.057837297482680454,0.07574643338534386
133,Clin + RAD-DINO,0.05877745864182172,0.0602938779295282,0.05867091946722412,0.06101406245988143
134,Clin + RAD-DINO,0.08537246463180058,0.07667625286470288,0.08503469345581272,0.07674139334249043
135,Clin + RAD-DINO,0.06810720732271518,0.07070862951642067,0.06867937182329986,0.07059767607402649
136,Clin + RAD-DINO,0.053453747520510596,0.06346471552754859,0.052849321728943216,0.06385699313479593
137,Clin + RAD-DINO,0.07920546458910355,0.07322740020110731,0.07943371035651556,0.07349807194997811
138,Clin + RAD-DINO,0.08128517613433889,0.0797355720376627,0.08095244397829404,0.08046018456729369
139,Clin + RAD-DINO,0.06437813799954448,0.056086744022984025,0.06449794475765547,0.05570184233686833
140,Clin + RAD-DINO,0.06578451430277611,0.07594441366650269,0.06605387413115167,0.07610575858016376
141,Clin + RAD-DINO,0.05370108127195268,0.06155809807486364,0.053732123241106676,0.06159324087781422
142,Clin + RAD-DINO,0.08632762649804529,0.04933158239636101,0.08634080775236763,0.049110860617592435
143,Clin + RAD-DINO,0.09040563377251262,0.09136080804426576,0.08956121028858252,0.09128949902417531
144,Clin + RAD-DINO,0.07775656062714911,0.08173349238315869,0.0775675932747845,0.08165628573447399
145,Clin + RAD-DINO,0.08638939237523179,0.06515466363702924,0.08602938964554416,0.06557616940774069
146,Clin + RAD-DINO,0.08262217722805588,0.08609048757473173,0.08204832848101902,0.08627263452054848
147,Clin + RAD-DINO,0.08463198089996125,0.06834674793298956,0.08448715755746301,0.06863006869653962
148,Clin + RAD-DINO,0.07784080317109295,0.07496033870804397,0.07773198073688171,0.07510872121431571
149,Clin + RAD-DINO,0.08026248017116415,0.07315196299749814,0.08021152550505663,0.07296085452862691
150,Clin + RAD-DINO,0.061061680908847615,0.06021613145659358,0.06117384391050689,0.06038642272908638
151,Clin + RAD-DINO,0.07447072186888475,0.08348988027026345,0.07374691553585432,0.08362071881013898
152,Clin + RAD-DINO,0.05198613209620174,0.05971973129417641,0.05137344625789196,0.05997435194687524
153,Clin + RAD-DINO,0.08003446687350797,0.06604063284084619,0.07988654329414062,0.06573079835540144
154,Clin + RAD-DINO,0.06695568396249706,0.05244981430265964,0.06734109147541395,0.05293996384083422
155,Clin + RAD-DINO,0.06302541959325496,0.06573837738494337,0.06314249023354156,0.06565892303929333
156,Clin + RAD-DINO,0.0929358164323909,0.08176457969690168,0.09317791178941029,0.08172491760797132
157,Clin + RAD-DINO,0.06500690162126091,0.07187412700323274,0.06480692102967558,0.07171998952839014
158,Clin + RAD-DINO,0.05720085725021157,0.05231389034525392,0.05685865199335492,0.05230052394571181
159,Clin + RAD-DINO,0.09328808715902022,0.06520460921744406,0.09318601527099213,0.06475370948143842
160,Clin + RAD-DINO,0.07866592119229943,0.0792101183877808,0.07797631231480444,0.07927944533742393
161,Clin + RAD-DINO,0.0694766624661882,0.056252668826170533,0.0698695484376944,0.056966677895018504
162,Clin + RAD-DINO,0.07848264112685545,0.06528924382083562,0.07906699499954728,0.06545702079772996
163,Clin + RAD-DINO,0.07569899035332779,0.08541325142123743,0.07476854612433055,0.08527272834528593
164,Clin + RAD-DINO,0.07950081736083221,0.06507442620883598,0.07914658237976142,0.06476067007177694
165,Clin + RAD-DINO,0.08303974009212911,0.07974930939739808,0.08347840606017054,0.07963679756585879
166,Clin + RAD-DINO,0.06961558103133822,0.055721413656585,0.06974530285735428,0.05577531609917773
167,Clin + RAD-DINO,0.05612998058251376,0.04475348654948411,0.05674549234272035,0.04493565833021014
168,Clin + RAD-DINO,0.07570369532079439,0.08209614057068952,0.07545626852318786,0.0820007076403785
169,Clin + RAD-DINO,0.08851797681712881,0.07377761233774535,0.08903198228512561,0.07402853009247833
170,Clin + RAD-DINO,0.06746992310705018,0.0408151586503697,0.06772684150878606,0.04184546852960468
171,Clin + RAD-DINO,0.07356351362751994,0.07441134145103445,0.07357105209932874,0.07476481829897924
172,Clin + RAD-DINO,0.060891968493919126,0.05053009346910172,0.061426234756019715,0.050931832735508054
173,Clin + RAD-DINO,0.07330209821502466,0.07507835626893768,0.07292932249684637,0.07520640913132713
174,Clin + RAD-DINO,0.037612074744316076,0.07134710915136841,0.03815384867782762,0.07129407825390652
175,Clin + RAD-DINO,0.08073110691744433,0.06791090265156081,0.08068230001176564,0.06813860595696139
176,Clin + RAD-DINO,0.06747514559659526,0.05613137083896074,0.06655428289939291,0.05631353725263719
177,Clin + RAD-DINO,0.0667124357445671,0.0683026887325866,0.06679589558673955,0.06823986513966017
178,Clin + RAD-DINO,0.05677294727550606,0.054833380478187144,0.0564433922617443,0.05480558020132711
179,Clin + RAD-DINO,0.05937321868484419,0.08365043121228802,0.05915104480913756,0.08400552878986435
180,Clin + RAD-DINO,0.05585926843778328,0.046435737809803194,0.05632794210972444,0.046604603425131896
181,Clin + RAD-DINO,0.06710060475350978,0.06500618434493677,0.06707880953550306,0.06518535968448079
182,Clin + RAD-DINO,0.07562258459418508,0.06790448841922431,0.07526648513340245,0.0677796090359817
183,Clin + RAD-DINO,0.0856313939405173,0.07413749191412111,0.08570050207820741,0.07427004273543514
184,Clin + RAD-DINO,0.08057596000826801,0.06834352057444858,0.08059133052576219,0.06852111589131946
185,Clin + RAD-DINO,0.07188176886145052,0.06472594664653832,0.07117577814042637,0.06465665273227321
186,Clin + RAD-DINO,0.05355759610517357,0.046211681225470466,0.05445734020485034,0.04649121243845112
187,Clin + RAD-DINO,0.07317895015518512,0.08078180068248929,0.07352909906823647,0.08090747976486294
188,Clin + RAD-DINO,0.0689901035682664,0.06408848073005605,0.06967159298318996,0.06414903256126367
189,Clin + RAD-DINO,0.06792887693227058,0.07194084723854134,0.06715514636971448,0.07180785320430269
190,Clin + RAD-DINO,0.07090223070182716,0.05963884119675965,0.07028085767481185,0.059805777877673265
191,Clin + RAD-DINO,0.07951939385852654,0.07106983342659381,0.0793804243458279,0.07142699819682843
192,Clin + RAD-DINO,0.05910085959723783,0.05947813041817381,0.05913590433061185,0.059397425834748295
193,Clin + RAD-DINO,0.06729734191243653,0.05786813381026464,0.06678466846030444,0.05811759844326384
194,Clin + RAD-DINO,0.06962179411008054,0.030447466768470995,0.07008374408722512,0.030294604039683145
195,Clin + RAD-DINO,0.05887570173195162,0.06958010087931772,0.05949506047702261,0.06986998221258431
196,Clin + RAD-DINO,0.06934534748701257,0.08286639494972377,0.06979053985630877,0.08301721828749059
197,Clin + RAD-DINO,0.07101505495785022,0.0668316722094177,0.07138746402514638,0.06710273708565906
198,Clin + RAD-DINO,0.08690176925098105,0.0802706443836185,0.08706269637364016,0.08064315147485074
199,Clin + RAD-DINO,0.07748134791190782,0.0618411212967821,0.07753285889618433,0.0615499605014635
200,Clin + RAD-DINO,0.07071457355346074,0.038554874972242685,0.07112543553600838,0.03854158591780978
201,Clin + RAD-DINO,0.07286399418513045,0.08420924875565268,0.0726466993499213,0.08425340670363166
202,Clin + RAD-DINO,0.07419501183922213,0.075067803210784,0.07335942955337658,0.07596856590416726
203,Clin + RAD-DINO,0.05043478841393858,0.04446135529892413,0.05034878536578723,0.04429770709419397
204,Clin + RAD-DINO,0.05845295489980195,0.04777143270902928,0.0587839363061428,0.04816738182611908
205,Clin + RAD-DINO,0.07386877734904808,0.07872146580470589,0.07395264786422551,0.07866416067932802
206,Clin + RAD-DINO,0.06844214780448295,0.07640955773116336,0.06840004858342555,0.07661525119995811
207,Clin + RAD-DINO,0.06711443725016268,0.05189790455158879,0.06719712750032995,0.05189233504833645
208,Clin + RAD-DINO,0.06581489739980793,0.05067622502671622,0.06614223663719447,0.05075346260032592
209,Clin + RAD-DINO,0.07342629529169215,0.06303913293469202,0.07330987645478558,0.06282833457045787
210,Clin + RAD-DINO,0.08171835831383815,0.05165117943382258,0.08123568817470948,0.05184846000533957
211,Clin + RAD-DINO,0.06553151854591802,0.06167671752551302,0.06597901804111735,0.06174948632957402
212,Clin + RAD-DINO,0.06701003018540276,0.06791037060397945,0.06713810270812852,0.06786411249014669
213,Clin + RAD-DINO,0.08712217936760408,0.06763846426838663,0.08693587324559207,0.067930470479949
214,Clin + RAD-DINO,0.06085248988998799,0.08529380281931152,0.06070793803300479,0.08550065535078334
215,Clin + RAD-DINO,0.09257718123448729,0.09377466335427619,0.09144345972277855,0.09412033181530789
216,Clin + RAD-DINO,0.06879951844709342,0.07774457555285301,0.06842813510936542,0.07801929299171395
217,Clin + RAD-DINO,0.06206245334419907,0.05531049780244837,0.06204685453511877,0.05521597555110129
218,Clin + RAD-DINO,0.07636287812619673,0.07625091572113432,0.07674223478234517,0.07641720155112043
219,Clin + RAD-DINO,0.049981099519738774,0.0760894007868879,0.04986956164033607,0.07588253962481874
220,Clin + RAD-DINO,0.0763154272887866,0.07384426439938661,0.07611847801494054,0.07364486375389755
221,Clin + RAD-DINO,0.0658460983172964,0.08135908312283786,0.06611148686712616,0.0812529225334178
222,Clin + RAD-DINO,0.042465245666725486,0.05628804283898327,0.041944919426906334,0.05659752561000698
223,Clin + RAD-DINO,0.049487688163853585,0.05477491515780428,0.049486381116520387,0.05496142236837249
224,Clin + RAD-DINO,0.08182973210586467,0.06870337955670344,0.08212621433164044,0.06868168998908497
225,Clin + RAD-DINO,0.06894452284835376,0.06422834781817512,0.06886896385494937,0.06462385100310965
226,Clin + RAD-DINO,0.07408847832841102,0.06893599391457253,0.0736169505539514,0.06882535973358268
227,Clin + RAD-DINO,0.0517017797890552,0.07239045710200591,0.05164760685184256,0.07245682572070845
228,Clin + RAD-DINO,0.07294808810867226,0.05749791596350603,0.07272753039064303,0.057768043699408515
229,Clin + RAD-DINO,0.07434188996882858,0.056841806225603767,0.07363778709501213,0.05675860112115954
230,Clin + RAD-DINO,0.0654721351292832,0.08772140486635398,0.06558679416318049,0.08753972048957401
231,Clin + RAD-DINO,0.04877877250563541,0.05667029542081351,0.049215087791746465,0.05688035538313227
232,Clin + RAD-DINO,0.05624606208881319,0.041044882869941554,0.05598626024592466,0.04120507668859931
233,Clin + RAD-DINO,0.06031992868037155,0.07120996345542895,0.05996382822197512,0.07106024392571042
234,Clin + RAD-DINO,0.05611204719501051,0.06173845692152694,0.05649566012235397,0.06200670445882343
235,Clin + RAD-DINO,0.0842269016289047,0.06482443534411768,0.08390592892646025,0.06507072256860372
236,Clin + RAD-DINO,0.06878322221449029,0.05882530833034276,0.06802588046616663,0.05978792957309266
237,Clin + RAD-DINO,0.08005206808090524,0.07204232274226398,0.08016535839980761,0.0724392193735294
238,Clin + RAD-DINO,0.0785028583491775,0.0709746004840281,0.07796768914563768,0.07126241976887061
239,Clin + RAD-DINO,0.07004896020709811,0.06941155336076597,0.06926889155804442,0.06933569138235005
240,Clin + RAD-DINO,0.08577406524254928,0.07244230438180807,0.08643155852279001,0.07236703907169727
241,Clin + RAD-DINO,0.07121685692922455,0.0766910361930297,0.07064774025599127,0.07718107846486803
242,Clin + RAD-DINO,0.07304648343537583,0.06257284050979721,0.07324111379183389,0.06358940091555268
243,Clin + RAD-DINO,0.08907203671803243,0.07890226245346141,0.088973170954391,0.07908390257715509
244,Clin + RAD-DINO,0.082572360747519,0.08465821572719517,0.08215375950057352,0.08448245802403732
245,Clin + RAD-DINO,0.074671666878609,0.07119533810346101,0.07379636615891245,0.07147037328214384
246,Clin + RAD-DINO,0.07367333703435947,0.06559213794050907,0.07309286065563056,0.06550471160136108
247,Clin + RAD-DINO,0.05345824121445052,0.05879948390897644,0.05269275171658819,0.058996349648141704
248,Clin + RAD-DINO,0.07955741418134903,0.07219021596581954,0.07968515939363205,0.07247011383923638
249,Clin + RAD-DINO,0.061419826125698504,0.04086545531963707,0.06113597463817832,0.040984984270888605
250,Clin + RAD-DINO,0.0727392991463271,0.04492840356475424,0.07267684815852486,0.04524386892156109
251,Clin + RAD-DINO,0.07969135698525454,0.06153693895626073,0.07959923996406282,0.06147802671860148
252,Clin + RAD-DINO,0.07357588691836307,0.07873478811169196,0.07394309796737221,0.07866934988241653
253,Clin + RAD-DINO,0.06921823506499006,0.06563894604779263,0.0684174371828874,0.06583878897584235
254,Clin + RAD-DINO,0.09712574831188574,0.08031219615268528,0.09601392862412444,0.08027754067654952
255,Clin + RAD-DINO,0.07179454986674949,0.06326350150628299,0.07208610440325153,0.06312471682464518
256,Clin + RAD-DINO,0.07964662833023277,0.08710267370158442,0.07931615815297084,0.08725491346023852
257,Clin + RAD-DINO,0.046861621499011845,0.046276834388343284,0.047085982446644976,0.04679468841575962
258,Clin + RAD-DINO,0.0634736192871805,0.06754594579168297,0.06352943094957958,0.0679677661847216
259,Clin + RAD-DINO,0.07745828228733492,0.06739470048688292,0.07724813326356378,0.0676882473319799
260,Clin + RAD-DINO,0.05456514444999806,0.06443247443359873,0.054886081884364106,0.06494784589094345
261,Clin + RAD-DINO,0.0588374633492907,0.07179523988651901,0.05919386137452322,0.07175161480644854
262,Clin + RAD-DINO,0.07167665292866307,0.08076241841539852,0.07081832022435071,0.08169055769704875
263,Clin + RAD-DINO,0.06827964573414852,0.05694452740768142,0.06800905529684236,0.05671770323873754
264,Clin + RAD-DINO,0.0756051201823281,0.07790888947902044,0.07563476980466988,0.07809913139613858
265,Clin + RAD-DINO,0.07226143783302603,0.08084942281796142,0.0722209673663706,0.08121969718875414
266,Clin + RAD-DINO,0.07469441534347886,0.06390771410463351,0.07429208451553775,0.06408770739794817
267,Clin + RAD-DINO,0.06912386602024845,0.05623385387950288,0.06900151074000659,0.056176347310325246
268,Clin + RAD-DINO,0.08891050048540278,0.07122439993561758,0.08867722643468749,0.07105314028529783
269,Clin + RAD-DINO,0.0789824079069964,0.080614606075504,0.07842007188772561,0.08048255795392528
270,Clin + RAD-DINO,0.06510755224320293,0.06757767337560036,0.06526666817473094,0.06809592420629555
271,Clin + RAD-DINO,0.07631072611076264,0.06376965941597508,0.0767816009654202,0.06472066812334991
272,Clin + RAD-DINO,0.06673470005013779,0.07989381518653768,0.06737488243284699,0.08079645284187911
273,Clin + RAD-DINO,0.05510197336158631,0.07032095049998388,0.05520657573060086,0.07054121358651924
274,Clin + RAD-DINO,0.055494880566930714,0.063766081232612,0.05623497429493029,0.06395094952634321
275,Clin + RAD-DINO,0.07835716959052746,0.0554733627656271,0.07845692324452896,0.05536049509888119
276,Clin + RAD-DINO,0.07630559491126487,0.07337973765722815,0.0759512650505573,0.07410970954254884
277,Clin + RAD-DINO,0.07296615432862474,0.07476029978340529,0.07323980039460025,0.07467335778159004
278,Clin + RAD-DINO,0.05591262179163054,0.06936984250424776,0.05650796242813624,0.0692683257687761
279,Clin + RAD-DINO,0.0686400563664483,0.07451605310606635,0.06908398350322068,0.0749879786781483
280,Clin + RAD-DINO,0.08669296900313347,0.0748294875153212,0.08559833714899587,0.07500725235458049
281,Clin + RAD-DINO,0.05325066030529292,0.04870675261116991,0.053433789655494675,0.04888625255582142
282,Clin + RAD-DINO,0.04412240487985908,0.060413785132022634,0.04520071305456658,0.060593782314743515
283,Clin + RAD-DINO,0.07375921419703697,0.07361399241366312,0.0732813760130256,0.07351110426965908
284,Clin + RAD-DINO,0.06971872458044201,0.06770982451187509,0.06938723195324206,0.06798323621730622
285,Clin + RAD-DINO,0.05847837774665779,0.08038633949599493,0.05827153885354692,0.08032680239957088
286,Clin + RAD-DINO,0.08455540001704583,0.07035424090129166,0.08451274350380095,0.07051103594230351
287,Clin + RAD-DINO,0.07258635584154158,0.06324276461015513,0.07144953816878234,0.06343192419631327
288,Clin + RAD-DINO,0.058429594075336065,0.08999340197338149,0.05828543926716351,0.09011699830836434
289,Clin + RAD-DINO,0.06915282608942258,0.06270451844868898,0.06926393301706155,0.06269145440713629
290,Clin + RAD-DINO,0.05178428140740695,0.06431180888526641,0.05174797674378787,0.06449265157170384
291,Clin + RAD-DINO,0.08582686858675855,0.0813962417178076,0.08589263612444473,0.08156847772044562
292,Clin + RAD-DINO,0.0815869678991357,0.062647348590557,0.08116660838995678,0.06262751609172813
293,Clin + RAD-DINO,0.0490525220940959,0.05098556401343141,0.0489826335591573,0.05124354748893651
294,Clin + RAD-DINO,0.06946400019240649,0.0873635520298697,0.07021912687751153,0.08752392658473097
295,Clin + RAD-DINO,0.06270291468088995,0.09422117048013434,0.0628151993136197,0.09445907283010195
296,Clin + RAD-DINO,0.06766311794545349,0.06349610266840063,0.06760746006866361,0.06356977338605173
297,Clin + RAD-DINO,0.0755372247067601,0.06167708223698601,0.07555078868078423,0.06140991411141801
298,Clin + RAD-DINO,0.07747614281393114,0.07033052332061844,0.07652466029989645,0.07060909592201547
299,Clin + RAD-DINO,0.052107469754028586,0.05555776678848197,0.05229781677930955,0.055811852450938795
300,Clin + RAD-DINO,0.07937685887476456,0.09137799359862786,0.07904105052209713,0.09186036142719006
301,Clin + RAD-DINO,0.06539675117115532,0.08273938632719764,0.06573281866021262,0.08287110445923562
302,Clin + RAD-DINO,0.07953047669511105,0.07825234137903317,0.07969526113494682,0.07831405498277193
303,Clin + RAD-DINO,0.07144077119782444,0.07325884650496493,0.07172920383837701,0.07316905781043244
304,Clin + RAD-DINO,0.05956811085770556,0.05684525017560059,0.058935157411406335,0.05714385453825543
305,Clin + RAD-DINO,0.05677148382150948,0.056659915398330034,0.05625385175353615,0.05707542400973796
306,Clin + RAD-DINO,0.07004697667336603,0.08176193632690044,0.06962710262633204,0.08201646720430246
307,Clin + RAD-DINO,0.06355122165594496,0.07261580170643724,0.06380654613655913,0.0728779685728875
308,Clin + RAD-DINO,0.06636985671048745,0.06699959485575419,0.06562254242456142,0.06725893016538433
309,Clin + RAD-DINO,0.08960591063352387,0.08126932410112715,0.08958056021534037,0.08140934336143761
310,Clin + RAD-DINO,0.07498326045679539,0.06699736570660893,0.0754402466943494,0.06727731828762908
311,Clin + RAD-DINO,0.08369961389983561,0.07479465134835594,0.08386456268467246,0.07469830231339203
312,Clin + RAD-DINO,0.06895030984372172,0.06187540570694289,0.06957221557964531,0.06278637904509288
313,Clin + RAD-DINO,0.0905495456648022,0.07176972543644905,0.09010696975262644,0.07183528613319594
314,Clin + RAD-DINO,0.0642056078221097,0.04924848048023464,0.06404766008387221,0.049560727574114345
315,Clin + RAD-DINO,0.08060224216236239,0.062108347911428566,0.07921501491927374,0.06239522358221172
316,Clin + RAD-DINO,0.04412254008168948,0.05995152837627924,0.04339613936717988,0.0603401851738269
317,Clin + RAD-DINO,0.05938922691473705,0.08376683499478124,0.05916409338667288,0.08381394185169078
318,Clin + RAD-DINO,0.08959006738890961,0.07770021499283031,0.08974317684047636,0.07782301775562098
319,Clin + RAD-DINO,0.06317387180599429,0.06817696553738894,0.06278228161649026,0.06855504711526306
320,Clin + RAD-DINO,0.07325974317493861,0.04972635694308651,0.07290020227248876,0.04973253602748704
321,Clin + RAD-DINO,0.11027341065284539,0.07302724562471063,0.11015020422495855,0.07268369388027124
322,Clin + RAD-DINO,0.09575617293100205,0.07623682099778069,0.09605917935378452,0.07660860514960795
323,Clin + RAD-DINO,0.06772001017753905,0.09159016706970685,0.06743633446045122,0.09164491516940358
324,Clin + RAD-DINO,0.06737919136286002,0.08005059161978466,0.06680770394355792,0.07997165555704021
325,Clin + RAD-DINO,0.07492251964982466,0.08568994508822443,0.07548318891588772,0.08596705373823278
326,Clin + RAD-DINO,0.07527579744238251,0.0741469474955591,0.07577036732620875,0.07430481932636815
327,Clin + RAD-DINO,0.09900951390945185,0.08720032486509637,0.09913946917388071,0.08733316255357564
328,Clin + RAD-DINO,0.06699747493082979,0.05820434539848525,0.06654245854565224,0.05824470505441151
329,Clin + RAD-DINO,0.07304767541743122,0.09276957365537519,0.07238527754949291,0.0927979631321703
330,Clin + RAD-DINO,0.05845459287292143,0.05097027557328149,0.05792270655053982,0.051009327734843464
331,Clin + RAD-DINO,0.06481001448706009,0.06770843833729792,0.06459672551589267,0.06762251470627116
332,Clin + RAD-DINO,0.0848990574922435,0.08287340026577536,0.08436213227328705,0.08302067879582099
333,Clin + RAD-DINO,0.06596095824600283,0.06548888516593047,0.06619010360245593,0.06549632790972208
334,Clin + RAD-DINO,0.061576419319730374,0.09036018971150002,0.06107859694751957,0.09031643119356608
335,Clin + RAD-DINO,0.06782369719461634,0.07317467845063585,0.06867673398709649,0.07401430586326321
336,Clin + RAD-DINO,0.0794262121440727,0.08069690602151575,0.07892990604513031,0.08068883307560268
337,Clin + RAD-DINO,0.07737044045952307,0.07558455180180947,0.07717497317009028,0.0756238872212911
338,Clin + RAD-DINO,0.04670324703456381,0.055167737124515885,0.04716656016157833,0.05554885047001606
339,Clin + RAD-DINO,0.0718704208387104,0.06990541580530282,0.07167276516118712,0.07008113264346294
340,Clin + RAD-DINO,0.07447558462440432,0.07834570048880468,0.0735336286192449,0.07821966486019792
341,Clin + RAD-DINO,0.07904352378805345,0.08783971032588195,0.07925352355671042,0.0877382156211441
342,Clin + RAD-DINO,0.07409419917687436,0.06384509420770922,0.07419058570142446,0.06421308023850868
343,Clin + RAD-DINO,0.07635840501461041,0.06510527712139517,0.07590062468671546,0.06526944562894112
344,Clin + RAD-DINO,0.081564408862165,0.07839406043962434,0.08192947986004935,0.0787871720652134
345,Clin + RAD-DINO,0.07811492340330772,0.0667888732179938,0.07734562547249826,0.06669057190150589
346,Clin + RAD-DINO,0.057265540159254155,0.05545639146478222,0.05699219307538965,0.05552778096222533
347,Clin + RAD-DINO,0.0687402370098897,0.08952454247194545,0.06834835915238864,0.08946651051236108
348,Clin + RAD-DINO,0.08236025103844172,0.0828505504277252,0.08350163832670156,0.08299162359443298
349,Clin + RAD-DINO,0.0493480871218375,0.05899021098132275,0.04941410127965998,0.05933407692077587
350,Clin + RAD-DINO,0.06505842759919821,0.04032264503211509,0.06480145067140042,0.04028195496039307
351,Clin + RAD-DINO,0.05271822482220228,0.05897315045435699,0.053021782635135614,0.05882294661561719
352,Clin + RAD-DINO,0.07567259316147783,0.06999561130416172,0.07537652839086702,0.0702718201892452
353,Clin + RAD-DINO,0.09348325470397206,0.08676900807455297,0.09390389031711512,0.08646290350618908
354,Clin + RAD-DINO,0.0799606907112467,0.0726919167157645,0.07974443422236265,0.0725772781306336
355,Clin + RAD-DINO,0.06663027900753639,0.06159794770206012,0.06686739003742204,0.06175762644852573
356,Clin + RAD-DINO,0.0753840111776103,0.05426042064173573,0.0747479101470949,0.054530715550313365
357,Clin + RAD-DINO,0.06829427513996518,0.06969858018578484,0.06814768385021194,0.0698720771271699
358,Clin + RAD-DINO,0.08574745833675977,0.07682331448217866,0.08547507409881995,0.07684996055771173
359,Clin + RAD-DINO,0.06401768862579238,0.06154988341990882,0.06377043631812805,0.061610044539328196
360,Clin + RAD-DINO,0.0799218189342558,0.048150575716867615,0.08034347248903487,0.04814567379513202
361,Clin + RAD-DINO,0.0847380676304147,0.083405751157398,0.08516200395298049,0.08310671468314634
362,Clin + RAD-DINO,0.09747507067472198,0.08598270841250794,0.09787649678109406,0.08593448329311561
363,Clin + RAD-DINO,0.07353137688942843,0.07917816582795474,0.07287067720832754,0.07937204118131748
364,Clin + RAD-DINO,0.07218871960605838,0.06781016072085135,0.07333872159298362,0.06795874409181481
365,Clin + RAD-DINO,0.07030292205106672,0.05202803739040004,0.07027778625863118,0.05218173332992901
366,Clin + RAD-DINO,0.08457706525187642,0.0820857244912906,0.08394601155256677,0.08212231669350127
367,Clin + RAD-DINO,0.04225549914735671,0.05561290333703184,0.0429510129159143,0.056024424325459024
368,Clin + RAD-DINO,0.06101713617790715,0.06581855472353447,0.061272632713237574,0.0657675246397967
369,Clin + RAD-DINO,0.0773482156882507,0.07195179989108307,0.07766405179407876,0.07198105840022215
1,Clin + Rad + BiomedCLIP,0.08074652303888384,0.10500625554826003,0.08080412971116335,0.10462835340189805
2,Clin + Rad + BiomedCLIP,0.07217754337189437,0.09083839208627956,0.07242615096749108,0.09141537953907106
3,Clin + Rad + BiomedCLIP,0.07103817438057275,0.09159872725392118,0.07108349714666115,0.09163797455276029
4,Clin + Rad + BiomedCLIP,0.08085888331139883,0.10043106383134083,0.08090578260219462,0.10059413970178122
5,Clin + Rad + BiomedCLIP,0.06538784223903049,0.08362607960162889,0.06588819418117162,0.0838021797917881
6,Clin + Rad + BiomedCLIP,0.06411044424321624,0.07366814674175158,0.06457478526681619,0.07377240962427242
7,Clin + Rad + BiomedCLIP,0.0979885756709328,0.10675875158364963,0.09805493389382615,0.10620406152474991
8,Clin + Rad + BiomedCLIP,0.06598498558544871,0.061242166369560584,0.06623596206776688,0.06156690866966601
9,Clin + Rad + BiomedCLIP,0.0680005316418406,0.08704211942913624,0.06826337320304196,0.0874297939165073
10,Clin + Rad + BiomedCLIP,0.07708124412261634,0.06527761480338735,0.07728484710451984,0.06563999791699537
11,Clin + Rad + BiomedCLIP,0.06703360580950046,0.08284189406747797,0.06710326458507497,0.0833000163798402
12,Clin + Rad + BiomedCLIP,0.0974045753257877,0.08470149813476864,0.09763817432107844,0.08501524786130985
13,Clin + Rad + BiomedCLIP,0.07559625535524091,0.06880856424842174,0.07579621189734873,0.06886552990127026
14,Clin + Rad + BiomedCLIP,0.0807776612172261,0.09611346830263119,0.08100168452673422,0.09613417500459485
15,Clin + Rad + BiomedCLIP,0.07934618112393081,0.08667601287217205,0.07958995198771227,0.08629568980098101
16,Clin + Rad + BiomedCLIP,0.08200902253403862,0.1045725697739926,0.08205679732055865,0.10399059189442927
17,Clin + Rad + BiomedCLIP,0.07646849470221126,0.07628527729325237,0.07653116490062045,0.07630567528354776
18,Clin + Rad + BiomedCLIP,0.08576402161445364,0.07967308958008518,0.08603059838139204,0.07991877270836795
19,Clin + Rad + BiomedCLIP,0.0836472056929272,0.09588272023498313,0.08392597393536917,0.0958528552728062
20,Clin + Rad + BiomedCLIP,0.09929854005362072,0.10407820089285141,0.09932523407115869,0.10473323630880779
21,Clin + Rad + BiomedCLIP,0.07394845984000528,0.09581239745134226,0.07419930422091955,0.09572676694241707
22,Clin + Rad + BiomedCLIP,0.07861903787607444,0.0987163009020519,0.078838653737189,0.09866131982253971
23,Clin + Rad + BiomedCLIP,0.09129239948823285,0.08720396243734119,0.09133377270398452,0.08739367497159105
24,Clin + Rad + BiomedCLIP,0.08725881847798428,0.11708601242182291,0.08751872049140297,0.11730143391943078
25,Clin + Rad + BiomedCLIP,0.08904920759613406,0.1064307237765028,0.08926472877172464,0.10686602712510072
26,Clin + Rad + BiomedCLIP,0.07604295095286843,0.08753644445999255,0.07567204875211118,0.08692300390758159
27,Clin + Rad + BiomedCLIP,0.05676855830867178,0.0851043059946676,0.057033368906132316,0.0847065509074256
28,Clin + Rad + BiomedCLIP,0.1024572812078322,0.11376222303529798,0.10249398218152168,0.11352526592653862
29,Clin + Rad + BiomedCLIP,0.09121068500571278,0.07909818748855858,0.09126335651925495,0.0793346282699873
30,Clin + Rad + BiomedCLIP,0.06527705858324538,0.06686865819035419,0.06547483961117732,0.06673687173872911
31,Clin + Rad + BiomedCLIP,0.07630166220995714,0.06984411320739077,0.07652855604526194,0.07028943722174763
32,Clin + Rad + BiomedCLIP,0.05867224462317899,0.06383753523496433,0.05887936118893394,0.06430195945118404
33,Clin + Rad + BiomedCLIP,0.07571645620126075,0.08308321451721751,0.07591467076040662,0.0832902525723257
34,Clin + Rad + BiomedCLIP,0.08991635014681809,0.08336207030596784,0.08999481722210538,0.08336393967733902
35,Clin + Rad + BiomedCLIP,0.0746804189618269,0.09338900778000539,0.07473984723551329,0.0937673112019808
36,Clin + Rad + BiomedCLIP,0.08153585069504277,0.09326065909909363,0.08178119245148123,0.0930522372507753
37,Clin + Rad + BiomedCLIP,0.08578067260627627,0.09382025103242973,0.08582099591635944,0.09392700684625341
38,Clin + Rad + BiomedCLIP,0.07944289974856444,0.12047687586016487,0.07887163131151351,0.12095129323518015
39,Clin + Rad + BiomedCLIP,0.07978011396180751,0.0816911559503606,0.07983644617543881,0.08157779981695587
40,Clin + Rad + BiomedCLIP,0.07262193122306046,0.09678990574944493,0.07312490285389196,0.09660616214826176
41,Clin + Rad + BiomedCLIP,0.07553915604520978,0.08267375398642993,0.07560991739684375,0.08208928398992507
42,Clin + Rad + BiomedCLIP,0.06781642978298132,0.08248697495442255,0.0679952637096565,0.08304843892313997
43,Clin + Rad + BiomedCLIP,0.09753226506184817,0.08824441267458177,0.0975761892783252,0.08934480077558213
44,Clin + Rad + BiomedCLIP,0.09578493217639013,0.09700921973037266,0.09581159855945613,0.09697981016527946
45,Clin + Rad + BiomedCLIP,0.07650586474136703,0.07687685726699563,0.07655520695159974,0.07625535027749185
46,Clin + Rad + BiomedCLIP,0.07737112407215588,0.09056131294608885,0.0775642009845033,0.09036691174424615
47,Clin + Rad + BiomedCLIP,0.08907702237267615,0.1040447393376514,0.08932144406008086,0.10447992756306873
48,Clin + Rad + BiomedCLIP,0.0987776421092109,0.10127867852330254,0.09881408996881898,0.10076168693226316
49,Clin + Rad + BiomedCLIP,0.06303926996335114,0.06943388877634588,0.06323986510935825,0.06940925624121423
50,Clin + Rad + BiomedCLIP,0.10506983862564383,0.11136545180558156,0.10514788387686984,0.11139849560409372
51,Clin + Rad + BiomedCLIP,0.059824334613883354,0.07270352935843247,0.06004126339266885,0.0721391768352652
52,Clin + Rad + BiomedCLIP,0.05627803771580448,0.06889801544645764,0.05647716007206625,0.06868644245719739
53,Clin + Rad + BiomedCLIP,0.07596414026919335,0.07796019604928536,0.07619542988198288,0.07705574069149132
54,Clin + Rad + BiomedCLIP,0.10006675595593176,0.11499724550141613,0.10010229536016668,0.11515906432560473
55,Clin + Rad + BiomedCLIP,0.06080132784550638,0.09679588124676919,0.06100218829538602,0.09698829237714436
56,Clin + Rad + BiomedCLIP,0.08785915926971556,0.0922280493675618,0.08788848101335249,0.09193115177074683
57,Clin + Rad + BiomedCLIP,0.0671647491747077,0.05506431737638592,0.06735679506485333,0.05515930496384424
58,Clin + Rad + BiomedCLIP,0.06621058740551979,0.08138711997554887,0.0662536589775626,0.08128823448426944
59,Clin + Rad + BiomedCLIP,0.07616876371173144,0.10570692190366025,0.07641736397682891,0.10590016585333568
60,Clin + Rad + BiomedCLIP,0.054678730593523295,0.0754495959351588,0.05488065732958409,0.07521176936046618
61,Clin + Rad + BiomedCLIP,0.08427300354376904,0.09035941014053385,0.0845060336978729,0.09020653029522321
62,Clin + Rad + BiomedCLIP,0.09153601244533786,0.0903849956292039,0.09158864136704092,0.09017696485263492
63,Clin + Rad + BiomedCLIP,0.0838378127703244,0.11613267873962094,0.08432939567271022,0.11626362683841544
64,Clin + Rad + BiomedCLIP,0.05135225052650139,0.07274414257262146,0.050973870340196584,0.07200184918668344
65,Clin + Rad + BiomedCLIP,0.0685331573708484,0.07872580827119617,0.06878417821417668,0.07861711360802669
66,Clin + Rad + BiomedCLIP,0.0632863931133053,0.07045948077059548,0.06354444133972903,0.07142825772567832
67,Clin + Rad + BiomedCLIP,0.06606133144720104,0.09967890493320075,0.06632605522589251,0.09984518709861448
68,Clin + Rad + BiomedCLIP,0.0625898167988118,0.0798979978379638,0.0628602336396292,0.08020900055062712
69,Clin + Rad + BiomedCLIP,0.06876263253788897,0.09125128006722523,0.06881317389914664,0.0915029192745964
70,Clin + Rad + BiomedCLIP,0.07261963927166862,0.08008779006254403,0.07282262009401715,0.08016729430433356
71,Clin + Rad + BiomedCLIP,0.06896222126431109,0.06867224029994197,0.06918247323248372,0.06931851234408738
72,Clin + Rad + BiomedCLIP,0.08612594416910864,0.09993082879450106,0.08616145957099094,0.10001269911423032
73,Clin + Rad + BiomedCLIP,0.07558417833608816,0.08909106314820632,0.07583822405853526,0.08951609125041353
74,Clin + Rad + BiomedCLIP,0.07294928334984474,0.08649479908332196,0.07320713813836642,0.08633444781599195
75,Clin + Rad + BiomedCLIP,0.08832765961342767,0.10096351643830269,0.08839987098744229,0.10102386357735786
76,Clin + Rad + BiomedCLIP,0.07459693388534488,0.09358790695994197,0.074850517749113,0.09404675100391297
77,Clin + Rad + BiomedCLIP,0.11026864830631901,0.12491902252819882,0.11029383847040514,0.12513048790692355
78,Clin + Rad + BiomedCLIP,0.048258766928666506,0.08098693156427732,0.048445171869368094,0.08074427674004517
79,Clin + Rad + BiomedCLIP,0.08084876764358308,0.08254494200945584,0.08105567177873978,0.08297869999502465
80,Clin + Rad + BiomedCLIP,0.10264795646359348,0.12448776424734995,0.10270953230447376,0.12493759471005866
81,Clin + Rad + BiomedCLIP,0.08719837712275637,0.08661621502106184,0.08739979679216436,0.08702015352863317
82,Clin + Rad + BiomedCLIP,0.09821575230150022,0.08224957767840516,0.09826211810931627,0.08192149629187889
83,Clin + Rad + BiomedCLIP,0.08058384976724595,0.09651961321037841,0.0806619265290074,0.09669765974846002
84,Clin + Rad + BiomedCLIP,0.0534645950803586,0.07482263987381604,0.05370542090862494,0.07524212538736019
85,Clin + Rad + BiomedCLIP,0.1086974903470366,0.09633400949173934,0.1087289507973574,0.09669250811338344
86,Clin + Rad + BiomedCLIP,0.054424640726030864,0.09249000324473582,0.05461438968073958,0.09269326807584559
87,Clin + Rad + BiomedCLIP,0.084573512623734,0.08796471935810696,0.08421673286791594,0.0879652787283461
88,Clin + Rad + BiomedCLIP,0.07056274888067739,0.0807142963525512,0.07075351953553242,0.08112430453033986
89,Clin + Rad + BiomedCLIP,0.09083148991772855,0.10451248344861733,0.09107540345709056,0.10400771709685756
90,Clin + Rad + BiomedCLIP,0.09656674451272937,0.10538543209099634,0.0965869439432905,0.10582016907285431
91,Clin + Rad + BiomedCLIP,0.10066774042856262,0.09619358225918913,0.10072402933480909,0.09631454264793726
92,Clin + Rad + BiomedCLIP,0.10567061425522552,0.0784943511053381,0.10570148962304235,0.07839053549332455
93,Clin + Rad + BiomedCLIP,0.06841513705599576,0.08809417250285394,0.06861104803066084,0.08924448434013411
94,Clin + Rad + BiomedCLIP,0.08115574034047811,0.09907286972453862,0.08140288693501728,0.09885374187748823
95,Clin + Rad + BiomedCLIP,0.049545851185029556,0.08127902179348166,0.05005449026951837,0.0813292028019702
96,Clin + Rad + BiomedCLIP,0.09992478068721992,0.1048341153295587,0.09997143399223168,0.10509598438910442
97,Clin + Rad + BiomedCLIP,0.07512347148796726,0.06950233620877233,0.07534400114875749,0.06870332520741922
98,Clin + Rad + BiomedCLIP,0.08495228249811539,0.0877434329865957,0.08519892057815066,0.08753380018085277
99,Clin + Rad + BiomedCLIP,0.08644562210219164,0.07688573986217057,0.08664756379213336,0.0769083070570274
100,Clin + Rad + BiomedCLIP,0.0935461793552397,0.1138157287717296,0.09381802873399264,0.11392478820802364
101,Clin + Rad + BiomedCLIP,0.1002372201895391,0.08419921001455324,0.10029450266303225,0.08410104554464382
102,Clin + Rad + BiomedCLIP,0.05819238624969567,0.06297137410832206,0.058668650552207616,0.06322561621215492
103,Clin + Rad + BiomedCLIP,0.07422857369412279,0.06891450878597244,0.0744275790459363,0.06870664865338365
104,Clin + Rad + BiomedCLIP,0.07932006018444941,0.08863850614772326,0.07957206586026984,0.08853669557993012
105,Clin + Rad + BiomedCLIP,0.04736708871653068,0.04982259483006233,0.04755563917477396,0.050461931468704216
106,Clin + Rad + BiomedCLIP,0.059283660870296,0.08451425515484312,0.059478124858575246,0.08471208460589043
107,Clin + Rad + BiomedCLIP,0.07399844635708965,0.06837202833723151,0.07421340234721223,0.06878095098980207
108,Clin + Rad + BiomedCLIP,0.08945604874548596,0.08818593920022463,0.0897059704569518,0.08853726793457241
109,Clin + Rad + BiomedCLIP,0.07230374937284502,0.08899583304239737,0.07250490227978905,0.08924436902901949
110,Clin + Rad + BiomedCLIP,0.09212480602208589,0.11897609897608379,0.09216384457239205,0.11944022556873155
111,Clin + Rad + BiomedCLIP,0.07416195755290368,0.07432720765406385,0.07433847547072703,0.07480625219602369
112,Clin + Rad + BiomedCLIP,0.08259873908896942,0.09286255509148496,0.0828588919695274,0.09267810388753751
113,Clin + Rad + BiomedCLIP,0.06945240239489893,0.06408064558972655,0.06909753004138201,0.06454708212755783
114,Clin + Rad + BiomedCLIP,0.06909932060462694,0.08141493712103091,0.06936580308052248,0.08152774958132213
115,Clin + Rad + BiomedCLIP,0.07533236351525366,0.08229084170555259,0.0755809393614326,0.08246113226211602
116,Clin + Rad + BiomedCLIP,0.08110132098486758,0.08703519653633261,0.08134007848193117,0.08757884215558918
117,Clin + Rad + BiomedCLIP,0.07837752975066002,0.07610783640579735,0.07856271814370488,0.07652562218235541
118,Clin + Rad + BiomedCLIP,0.06808050241528898,0.07471089969622759,0.06835165140350345,0.0750169288379667
119,Clin + Rad + BiomedCLIP,0.08463566334894974,0.093158837689993,0.08489081358050045,0.0933804644174534
120,Clin + Rad + BiomedCLIP,0.06347495309869827,0.06815695117499034,0.06366728398922704,0.0687364373111238
121,Clin + Rad + BiomedCLIP,0.06172106928027332,0.08274520196826284,0.06197663181488389,0.08263723519380832
122,Clin + Rad + BiomedCLIP,0.08545654292135228,0.0779314474865441,0.08571027304099858,0.0784272931164702
123,Clin + Rad + BiomedCLIP,0.07215056911201953,0.10020191399333116,0.07242912519299866,0.10015236041786593
124,Clin + Rad + BiomedCLIP,0.07456284439491968,0.09342895755435227,0.07461592651202875,0.09376267703349417
125,Clin + Rad + BiomedCLIP,0.06831784708500618,0.10658129308509337,0.06856781633837068,0.10675285166956076
126,Clin + Rad + BiomedCLIP,0.09063254459211255,0.09056543292369224,0.09069811405510265,0.0906022891155646
127,Clin + Rad + BiomedCLIP,0.06859532835702423,0.06852034041569224,0.06878455857992631,0.06884595049361128
128,Clin + Rad + BiomedCLIP,0.07027497745151867,0.066630607544225,0.07032514156559798,0.06630402873688936
129,Clin + Rad + BiomedCLIP,0.09506348668994077,0.107594160837087,0.09528313903569968,0.1067238959113224
130,Clin + Rad + BiomedCLIP,0.08812029477551171,0.1137364776865664,0.08838149587890276,0.11352483562163443
131,Clin + Rad + BiomedCLIP,0.07473101822485136,0.06236998878688983,0.07493752394326719,0.06286197351306005
132,Clin + Rad + BiomedCLIP,0.06839157040920457,0.09043791982712197,0.06866311926331901,0.09056217570996473
133,Clin + Rad + BiomedCLIP,0.07750287711654238,0.11478684417145431,0.07775554646687387,0.11392289832207247
134,Clin + Rad + BiomedCLIP,0.09460571289061166,0.12454871490422437,0.0946722843685479,0.12471757916971214
135,Clin + Rad + BiomedCLIP,0.07573802595682469,0.10519357871084242,0.07579603440928875,0.10553928413234039
136,Clin + Rad + BiomedCLIP,0.07420914977288522,0.08793714119038197,0.07447179051870312,0.08834194230255457
137,Clin + Rad + BiomedCLIP,0.07367873497196203,0.06537479443179056,0.0737089397740036,0.06569651374354428
138,Clin + Rad + BiomedCLIP,0.09250778771167638,0.07403277771342998,0.09255486568517034,0.07456883188735029
139,Clin + Rad + BiomedCLIP,0.10209013401922347,0.10688700036936882,0.10212672176524018,0.10634795043414678
140,Clin + Rad + BiomedCLIP,0.07184370229551523,0.08680845482112538,0.07209330089327985,0.08661824965863037
141,Clin + Rad + BiomedCLIP,0.05747783306351142,0.07041812661209072,0.05766539075212892,0.07038011674564339
142,Clin + Rad + BiomedCLIP,0.07543921165987388,0.08145374840078451,0.07565669894210414,0.08170997471995728
143,Clin + Rad + BiomedCLIP,0.0811480601757822,0.08989606004420601,0.0807961544800761,0.08991290738761526
144,Clin + Rad + BiomedCLIP,0.0707531926127062,0.0763733331037229,0.07093029307619021,0.07585268423048298
145,Clin + Rad + BiomedCLIP,0.0751699829179869,0.06762663221371086,0.07520990034627141,0.06774628581083547
146,Clin + Rad + BiomedCLIP,0.07436588645822699,0.08691194693171182,0.07400614316143736,0.08691409228423548
147,Clin + Rad + BiomedCLIP,0.07383841030309465,0.06999057741349943,0.0738974425183172,0.06932736828643189
148,Clin + Rad + BiomedCLIP,0.11132913005407585,0.11915725666993551,0.11135299425477124,0.11925276315017629
149,Clin + Rad + BiomedCLIP,0.09112662873545967,0.11355290546373378,0.09056924285607036,0.11391780558822412
150,Clin + Rad + BiomedCLIP,0.07060043411950996,0.10869231859090453,0.07084682804668829,0.10848869906644297
151,Clin + Rad + BiomedCLIP,0.09475313961096975,0.09796038928531568,0.0948057236735492,0.09825486028943575
152,Clin + Rad + BiomedCLIP,0.06320826024045378,0.0600097230753649,0.06338651845585846,0.06044267612786475
153,Clin + Rad + BiomedCLIP,0.08978349560263604,0.08591922068845377,0.08983623739080078,0.0859187698598173
154,Clin + Rad + BiomedCLIP,0.08112282917701298,0.06881622783976256,0.08118360383458094,0.06883772058582453
155,Clin + Rad + BiomedCLIP,0.0698357397962288,0.08304791801099197,0.07009818220160584,0.08301688296839367
156,Clin + Rad + BiomedCLIP,0.1015266226019622,0.10002684878642532,0.10154246345426,0.1006808848873537
157,Clin + Rad + BiomedCLIP,0.06173105250610839,0.04516764754541977,0.06193116286689531,0.04503747984411951
158,Clin + Rad + BiomedCLIP,0.042600197407027765,0.06679400710636511,0.042818841827407424,0.06658992661399557
159,Clin + Rad + BiomedCLIP,0.07149634828331279,0.09340002759194785,0.07155205225939112,0.09372239359734597
160,Clin + Rad + BiomedCLIP,0.058319112584833355,0.0644051111916242,0.05879211454455992,0.06431757951472546
161,Clin + Rad + BiomedCLIP,0.06912150151053519,0.07771929474495551,0.06959386899328722,0.07790328795627528
162,Clin + Rad + BiomedCLIP,0.047077194145100566,0.05039640737568347,0.04725433980878427,0.05105051154308936
163,Clin + Rad + BiomedCLIP,0.055839336238058,0.05441467475635449,0.056023821777043015,0.055061817615158014
164,Clin + Rad + BiomedCLIP,0.0511991239501814,0.07100047656363231,0.05141194059152436,0.07085446619820472
165,Clin + Rad + BiomedCLIP,0.07918669878477474,0.10976228973790979,0.07946412889734392,0.10967873034881186
166,Clin + Rad + BiomedCLIP,0.050269062863104376,0.07076490737864778,0.05048855922769389,0.0700173822264033
167,Clin + Rad + BiomedCLIP,0.07713282193747603,0.09135475264408471,0.07734109426635563,0.09142506289930884
168,Clin + Rad + BiomedCLIP,0.09074379107139262,0.10250892289645787,0.09096657811552698,0.10245505097883281
169,Clin + Rad + BiomedCLIP,0.07184844295566979,0.09298108672260619,0.07206751175742668,0.09325148415483844
170,Clin + Rad + BiomedCLIP,0.08881096405539396,0.08336500568224567,0.08888717112690592,0.08331602359683958
171,Clin + Rad + BiomedCLIP,0.08272954819355205,0.10845719178458398,0.08300116400505685,0.10853327470154181
172,Clin + Rad + BiomedCLIP,0.09470709709147809,0.08673057971415588,0.09496686960445098,0.08606885687788093
173,Clin + Rad + BiomedCLIP,0.07327698120021814,0.07731750803888543,0.07353206478814019,0.07659108287750564
174,Clin + Rad + BiomedCLIP,0.1026876916057611,0.11870690997541138,0.10274428368639359,0.11874578848144685
175,Clin + Rad + BiomedCLIP,0.08098239797513272,0.08865601465989796,0.08118350167640088,0.08881704738393337
176,Clin + Rad + BiomedCLIP,0.08753633796005769,0.07303549473226055,0.0875912058827537,0.07282994906508246
177,Clin + Rad + BiomedCLIP,0.056999116098775324,0.072231696690165,0.05727258956549568,0.07161863583671986
178,Clin + Rad + BiomedCLIP,0.074273604919014,0.08038718951778942,0.07447240000204296,0.08033131432204237
179,Clin + Rad + BiomedCLIP,0.08556622175120958,0.08633127167023656,0.0857815379070348,0.08639560674104006
180,Clin + Rad + BiomedCLIP,0.10108007635530061,0.12073544694493724,0.10113941341662887,0.12043516565023299
181,Clin + Rad + BiomedCLIP,0.0950099370666715,0.10558666999056521,0.09507939864917975,0.10584418711401661
182,Clin + Rad + BiomedCLIP,0.07374172930168343,0.09928276974113934,0.07378911390071928,0.0998436986554688
183,Clin + Rad + BiomedCLIP,0.07500963750610376,0.07581874193962411,0.07519877545706473,0.07614267166524272
184,Clin + Rad + BiomedCLIP,0.060496512768559954,0.06664543086469937,0.06075545106636923,0.06708750049351553
185,Clin + Rad + BiomedCLIP,0.08381669906613243,0.10669886200966348,0.08387122562664824,0.10667136756130216
186,Clin + Rad + BiomedCLIP,0.08398213070259274,0.06788818399599714,0.08418161751981776,0.06822874794169116
187,Clin + Rad + BiomedCLIP,0.09285297706334322,0.10891562129791374,0.0929167859805765,0.1090691626405306
188,Clin + Rad + BiomedCLIP,0.07876114739489508,0.08486182046372702,0.0788015291625714,0.084250149308911
189,Clin + Rad + BiomedCLIP,0.06471353859118985,0.08343991429666431,0.0648965301079889,0.08344344623270553
190,Clin + Rad + BiomedCLIP,0.06343170102533545,0.08586269638297257,0.06363907640068885,0.0854327987238939
191,Clin + Rad + BiomedCLIP,0.08935289439220878,0.09918652186327202,0.0889957149521955,0.09951263401784828
192,Clin + Rad + BiomedCLIP,0.05964703463794857,0.0714358551267694,0.05984247588317166,0.07060134534126372
193,Clin + Rad + BiomedCLIP,0.07663717496285463,0.07897271714558102,0.07681847870533974,0.07932298175621276
194,Clin + Rad + BiomedCLIP,0.08175191864549061,0.09268812385597672,0.08180675736800815,0.09259733241203957
195,Clin + Rad + BiomedCLIP,0.08233558522746154,0.09259019371310326,0.08196718971957384,0.0928792535747178
196,Clin + Rad + BiomedCLIP,0.06860684144346993,0.07665773557746924,0.06909669353225593,0.07665643828324818
197,Clin + Rad + BiomedCLIP,0.08711013157317508,0.09950613408571174,0.08736195786099571,0.10019204334099378
198,Clin + Rad + BiomedCLIP,0.06280616575784832,0.08361727523521235,0.06329610699369176,0.08265211221661697
199,Clin + Rad + BiomedCLIP,0.08450152270882798,0.06632686935575301,0.08471151442269015,0.06655126194492711
200,Clin + Rad + BiomedCLIP,0.07462311523538315,0.08537102581011122,0.07488954658990518,0.08537071775294194
201,Clin + Rad + BiomedCLIP,0.08912303398245237,0.10320710705681482,0.08878075711272317,0.10342278928182312
202,Clin + Rad + BiomedCLIP,0.08159907244620307,0.08834535478981295,0.08187538270693492,0.0884859546433593
203,Clin + Rad + BiomedCLIP,0.09336113876450922,0.10856298989264826,0.09339117854405715,0.10875697440178642
204,Clin + Rad + BiomedCLIP,0.056930505470701095,0.09441703875872408,0.05698648089561508,0.09380116341176371
205,Clin + Rad + BiomedCLIP,0.07270091516258087,0.07266090720603313,0.07290406299276024,0.07318236037148311
206,Clin + Rad + BiomedCLIP,0.06005434885820053,0.07756687821045273,0.0602342071311003,0.07801936128815555
207,Clin + Rad + BiomedCLIP,0.08099322388074574,0.07161214559400547,0.08125670515735896,0.07211882117928244
208,Clin + Rad + BiomedCLIP,0.07417184612457468,0.09772318657056848,0.07443689036811993,0.0981477947812972
209,Clin + Rad + BiomedCLIP,0.08946637195329181,0.09425584058232794,0.08968814292374863,0.09359324963850767
210,Clin + Rad + BiomedCLIP,0.06976504037664774,0.07089682502330556,0.06996159937509004,0.07068048352931573
211,Clin + Rad + BiomedCLIP,0.08905432344622172,0.1035906346586266,0.0891301589117797,0.10301626066668046
212,Clin + Rad + BiomedCLIP,0.07693504558122648,0.08989718717976128,0.0769936921369227,0.08975396270431266
213,Clin + Rad + BiomedCLIP,0.08959611217691514,0.07680875843116754,0.08968041608728594,0.07669979392166867
214,Clin + Rad + BiomedCLIP,0.09142637551059772,0.11477345077502212,0.09167678750891416,0.11420325322817303
215,Clin + Rad + BiomedCLIP,0.09875852093270951,0.11237430567460661,0.09882570828401556,0.11303961046603274
216,Clin + Rad + BiomedCLIP,0.09169357043488478,0.10563028834376498,0.0917637836082469,0.10565471164754235
217,Clin + Rad + BiomedCLIP,0.0847814267204638,0.08608945224516679,0.08504375787145185,0.08608627906687844
218,Clin + Rad + BiomedCLIP,0.05689757385584112,0.0710201129530951,0.05715561663698354,0.07090445040006361
219,Clin + Rad + BiomedCLIP,0.08371761315222111,0.11219776848383145,0.08333865106550231,0.11234566559383603
220,Clin + Rad + BiomedCLIP,0.06945701600453337,0.07242615107741893,0.06971390512691328,0.07281262180343792
221,Clin + Rad + BiomedCLIP,0.07889658110056354,0.09943634358015621,0.07915986555542416,0.0994917753444688
222,Clin + Rad + BiomedCLIP,0.0799058280893033,0.077054569132651,0.08012191726545906,0.07675722793587299
223,Clin + Rad + BiomedCLIP,0.08436060232255344,0.07064871194892978,0.08399449621270369,0.06990537884829534
224,Clin + Rad + BiomedCLIP,0.06999855247679791,0.06665146695072371,0.07006254398747477,0.06657130878719114
225,Clin + Rad + BiomedCLIP,0.09036340920413553,0.0971701937351202,0.09041513855140401,0.09745323682320498
226,Clin + Rad + BiomedCLIP,0.08345888904369696,0.10216381953081642,0.08366146637316818,0.10151348425497587
227,Clin + Rad + BiomedCLIP,0.08610193510959731,0.07309823325860408,0.08637179547639082,0.0736715864449315
228,Clin + Rad + BiomedCLIP,0.07440915997979146,0.055182497239919075,0.0740808028169811,0.05516391931961698
229,Clin + Rad + BiomedCLIP,0.10138408046461776,0.10671618335832206,0.10143175186677139,0.10692571508585871
230,Clin + Rad + BiomedCLIP,0.07140846411846491,0.06304074313471135,0.07161831244015203,0.06368415374274662
231,Clin + Rad + BiomedCLIP,0.04821710775661166,0.05587827735089305,0.0484187643392646,0.05651147809379689
232,Clin + Rad + BiomedCLIP,0.07303716864036457,0.07394282295151003,0.0733059977015712,0.07380600477650501
233,Clin + Rad + BiomedCLIP,0.07619153788185425,0.08254773394213497,0.07643958458294223,0.08242953810006702
234,Clin + Rad + BiomedCLIP,0.08344597057352574,0.07909637941775864,0.08349713405785562,0.07945575197126056
235,Clin + Rad + BiomedCLIP,0.06955009391386006,0.09335371271929624,0.06972412489819134,0.09393322725060416
236,Clin + Rad + BiomedCLIP,0.06167231806205243,0.07078989914218936,0.061867620847081854,0.07104947510612515
237,Clin + Rad + BiomedCLIP,0.08706182925891374,0.09601213731965776,0.08650928332240192,0.09571740219820599
238,Clin + Rad + BiomedCLIP,0.0857747625763187,0.08550209995260767,0.08584331394871485,0.08519973939623936
239,Clin + Rad + BiomedCLIP,0.09765285833294356,0.09282085018954757,0.09789517028550991,0.09305477806967405
240,Clin + Rad + BiomedCLIP,0.0868450313572043,0.07972490350905927,0.08688679116971429,0.08027520827227187
241,Clin + Rad + BiomedCLIP,0.06337361102939292,0.10240555853428933,0.06299674822944422,0.10285254845381052
242,Clin + Rad + BiomedCLIP,0.06552842905611032,0.0992623273394586,0.06581045514156758,0.09934807847833907
243,Clin + Rad + BiomedCLIP,0.07082686377829996,0.0720701993940837,0.07103927213176765,0.07252744047743886
244,Clin + Rad + BiomedCLIP,0.07161688384624867,0.08526104449577263,0.0710593207901925,0.08589988783809696
245,Clin + Rad + BiomedCLIP,0.10924393097033586,0.07555676380647672,0.10928143139439994,0.0760997961580394
246,Clin + Rad + BiomedCLIP,0.07282572797876434,0.05536471566152773,0.073009240227395,0.05642120597870248
247,Clin + Rad + BiomedCLIP,0.07674668096818495,0.10400501094690422,0.07696189318187767,0.10454341324235496
248,Clin + Rad + BiomedCLIP,0.0637839533601587,0.08327911170029353,0.06396307623741739,0.0837440489891505
249,Clin + Rad + BiomedCLIP,0.0880918451912454,0.08056465795635641,0.08815319935866867,0.0804504514700641
250,Clin + Rad + BiomedCLIP,0.05782339757922529,0.08749731126246844,0.058302662715142325,0.08729454120699358
251,Clin + Rad + BiomedCLIP,0.07076200399567817,0.06878687027519141,0.07083528366484157,0.06920621342658488
252,Clin + Rad + BiomedCLIP,0.054147719652102536,0.0626749472694554,0.05435155146191415,0.06303569653999366
253,Clin + Rad + BiomedCLIP,0.06343536503187096,0.08339369793857793,0.06387846903939089,0.08275815152390566
254,Clin + Rad + BiomedCLIP,0.06432552532332149,0.0890891346337706,0.0645166727367439,0.08963645449523638
255,Clin + Rad + BiomedCLIP,0.08444408511195255,0.07719308516287655,0.08449313591716029,0.07709294360441203
256,Clin + Rad + BiomedCLIP,0.05686076264123901,0.07114898946911731,0.057111482573142455,0.07102874594392188
257,Clin + Rad + BiomedCLIP,0.08434365871400495,0.09085120270939395,0.08438041030800612,0.0902660585459115
258,Clin + Rad + BiomedCLIP,0.0497176265474098,0.08563316990597486,0.049976878805734565,0.08524298350607734
259,Clin + Rad + BiomedCLIP,0.05563513304920893,0.05821350568896292,0.05590648754514431,0.05821157199916527
260,Clin + Rad + BiomedCLIP,0.09596501592906108,0.10620904047520634,0.09598825602095293,0.10600390476733372
261,Clin + Rad + BiomedCLIP,0.08013768076159594,0.09200530147898861,0.08039281445286971,0.0921885745686782
262,Clin + Rad + BiomedCLIP,0.08819052185084841,0.0863032441789412,0.08824881559466613,0.08645772588624716
263,Clin + Rad + BiomedCLIP,0.03939553201245059,0.0799806563328456,0.03960539205460303,0.08017038827563869
264,Clin + Rad + BiomedCLIP,0.10317674889362377,0.11240640681399118,0.10319914680409638,0.11263187965617619
265,Clin + Rad + BiomedCLIP,0.04896339197474527,0.06354381791184051,0.04916105330868501,0.06409439514521838
266,Clin + Rad + BiomedCLIP,0.09056059343296824,0.1097332805438536,0.09062302742188222,0.10989488557384833
267,Clin + Rad + BiomedCLIP,0.0879735453993666,0.07342409429545628,0.08822625323656488,0.07428440675879658
268,Clin + Rad + BiomedCLIP,0.08645684301015873,0.08854295769665184,0.08669628282805376,0.08844662023788277
269,Clin + Rad + BiomedCLIP,0.07526128468573569,0.1041216832010227,0.07550983863733426,0.10425864358582428
270,Clin + Rad + BiomedCLIP,0.0757957876749289,0.0933293842073778,0.07606001539863488,0.0925894819534214
271,Clin + Rad + BiomedCLIP,0.07741609422053526,0.09712887883782644,0.07747799924332384,0.09725942847570095
272,Clin + Rad + BiomedCLIP,0.06618375706039027,0.08803753347390446,0.06644073953083911,0.08842061015381913
273,Clin + Rad + BiomedCLIP,0.05058398756159909,0.07274874571801333,0.05024310212913317,0.072708206788638
274,Clin + Rad + BiomedCLIP,0.07342374120297337,0.08795567774503786,0.07362284532688956,0.08731600984333349
275,Clin + Rad + BiomedCLIP,0.08198714854917509,0.0828543557619158,0.08202205489862137,0.08299335144590912
276,Clin + Rad + BiomedCLIP,0.0722165057164608,0.10401054501215408,0.07245847138942588,0.1045466263915444
277,Clin + Rad + BiomedCLIP,0.0719315510864503,0.07425814189929912,0.07218994392619082,0.07396957639201934
278,Clin + Rad + BiomedCLIP,0.07971006314674489,0.11317700295067655,0.0797306972792327,0.11329266612140185
279,Clin + Rad + BiomedCLIP,0.0813751639875365,0.061587079756562975,0.08143539161341251,0.06202969209647407
280,Clin + Rad + BiomedCLIP,0.0701242956061981,0.09531836933186975,0.0703925614981539,0.0952315450218746
281,Clin + Rad + BiomedCLIP,0.07905266291322784,0.1178697388418613,0.07929475523700426,0.1182237664900402
282,Clin + Rad + BiomedCLIP,0.0864084171344607,0.09593765168569048,0.08604161440659526,0.09572330222267618
283,Clin + Rad + BiomedCLIP,0.06606076664499128,0.08210219987392953,0.06632303939350699,0.08140876839570765
284,Clin + Rad + BiomedCLIP,0.07571751265216317,0.07834859899056548,0.07578029151807958,0.07846157276694209
285,Clin + Rad + BiomedCLIP,0.053959456300247344,0.07658630801741324,0.05416675567944064,0.07650842991018121
286,Clin + Rad + BiomedCLIP,0.08413875618024277,0.09113563597772774,0.08432666599098883,0.09132175404827517
287,Clin + Rad + BiomedCLIP,0.08577833618173854,0.0815562833744805,0.0859789167047078,0.08097889263875217
288,Clin + Rad + BiomedCLIP,0.08920944653193205,0.08477857501154254,0.08926385347013138,0.08518245130787966
289,Clin + Rad + BiomedCLIP,0.07317774267996348,0.0647125333225521,0.07321651572286597,0.06536367203285026
290,Clin + Rad + BiomedCLIP,0.08371102558335501,0.10545243000674047,0.08396169458787973,0.10462046768168774
291,Clin + Rad + BiomedCLIP,0.08479677679851982,0.08698349172057974,0.0850072000488298,0.08711368592612957
292,Clin + Rad + BiomedCLIP,0.08509066451060833,0.09684307673596888,0.08515564896663844,0.09662406248090724
293,Clin + Rad + BiomedCLIP,0.06455308564070156,0.07697787831039954,0.06482229808677038,0.07741450617802459
294,Clin + Rad + BiomedCLIP,0.08727063231279449,0.08290117276719128,0.08747812764216469,0.0831086781241473
295,Clin + Rad + BiomedCLIP,0.08629074063544924,0.09737348975062045,0.08652914221177652,0.09714079808973729
296,Clin + Rad + BiomedCLIP,0.07197510922325229,0.08286522127687676,0.07227276802406365,0.08326578836432669
297,Clin + Rad + BiomedCLIP,0.047141723915499825,0.07721548650385864,0.04735794821851775,0.07699500789499776
298,Clin + Rad + BiomedCLIP,0.10155241599485326,0.1069838048010297,0.10180659225864427,0.1076236039578748
299,Clin + Rad + BiomedCLIP,0.07754704794827952,0.08187483127248872,0.07780211302732322,0.08192303631820909
300,Clin + Rad + BiomedCLIP,0.08231986882612112,0.09290352407501716,0.08255543772222192,0.09219875297153492
301,Clin + Rad + BiomedCLIP,0.07532818370125957,0.07311045643829492,0.07557660580086116,0.07344915393619629
302,Clin + Rad + BiomedCLIP,0.06291918207531903,0.09230777635846528,0.06311530260128344,0.0922618028293938
303,Clin + Rad + BiomedCLIP,0.07224686146682902,0.09372578175808792,0.07246905295713456,0.09379141100619975
304,Clin + Rad + BiomedCLIP,0.0868211734489765,0.0910191870084718,0.08707130195005149,0.0910125667346414
305,Clin + Rad + BiomedCLIP,0.09104533949699042,0.11401535621480059,0.09044004492163449,0.11351564843809818
306,Clin + Rad + BiomedCLIP,0.09379813859435047,0.07425266795200318,0.09386294090776755,0.07423979017383571
307,Clin + Rad + BiomedCLIP,0.03588950550576202,0.04946908210397839,0.03636695990480641,0.049500489065391215
308,Clin + Rad + BiomedCLIP,0.06473168694214569,0.06663743012929978,0.06519992207586393,0.06657414303731446
309,Clin + Rad + BiomedCLIP,0.09111400270495935,0.10525029176869026,0.09137276948754702,0.10553944701004103
310,Clin + Rad + BiomedCLIP,0.06928464522331737,0.08041366193449162,0.06933364646221594,0.07974645878177158
311,Clin + Rad + BiomedCLIP,0.05182663978835893,0.06738311547661137,0.05200417813448727,0.06737776496685349
312,Clin + Rad + BiomedCLIP,0.041776630962951034,0.05974207067187919,0.04198204857480662,0.0592705191791993
313,Clin + Rad + BiomedCLIP,0.057683653176342546,0.08200212365018109,0.05788372165217322,0.08218980773817383
314,Clin + Rad + BiomedCLIP,0.08747571888066595,0.08631095364390277,0.08689353355258876,0.08641791633348253
315,Clin + Rad + BiomedCLIP,0.06614147902245057,0.10231955001137555,0.06640440095217166,0.1019364186643946
316,Clin + Rad + BiomedCLIP,0.07467528793920475,0.06830590513891796,0.07429631582917055,0.06831810342892367
317,Clin + Rad + BiomedCLIP,0.08701044185220884,0.08844715143222755,0.08724043269648024,0.08888185269440273
318,Clin + Rad + BiomedCLIP,0.0710442855109415,0.08212331639295392,0.07111035414353503,0.08204288673668915
319,Clin + Rad + BiomedCLIP,0.09874004763353628,0.10057844329663151,0.09878766278330713,0.10003417597656476
320,Clin + Rad + BiomedCLIP,0.07437918324315095,0.09183063721331088,0.07463714663850456,0.09112325843292486
321,Clin + Rad + BiomedCLIP,0.07044409250880086,0.06574557510250573,0.07069226828976036,0.06639271997631369
322,Clin + Rad + BiomedCLIP,0.04892666092522261,0.06145435386450396,0.04919003395776247,0.06186545544336325
323,Clin + Rad + BiomedCLIP,0.0805411355690554,0.09573649698395532,0.08060185898863535,0.09614126155313162
324,Clin + Rad + BiomedCLIP,0.05715187718602179,0.066134116008653,0.05733010586785764,0.06546366345976719
325,Clin + Rad + BiomedCLIP,0.05977960406245229,0.08329978688877766,0.05997231318138691,0.08338378582788346
326,Clin + Rad + BiomedCLIP,0.06950497072708826,0.07142793665429349,0.0697123900404641,0.07207728706243453
327,Clin + Rad + BiomedCLIP,0.064699013407095,0.051662687425353786,0.0648765715297415,0.052102527676900746
328,Clin + Rad + BiomedCLIP,0.08361799654386302,0.10702586789596492,0.08387108707306615,0.10708950408215719
329,Clin + Rad + BiomedCLIP,0.061194190411533345,0.07441143961250592,0.061391885223265344,0.07495204754615796
330,Clin + Rad + BiomedCLIP,0.07715725602838035,0.0988618805147251,0.07737940583873334,0.09788344728807553
331,Clin + Rad + BiomedCLIP,0.05641796889955774,0.0848896288100725,0.0566806143494117,0.08539745106759428
332,Clin + Rad + BiomedCLIP,0.07738763568304047,0.0717281350563345,0.07762455402610088,0.07151338900601795
333,Clin + Rad + BiomedCLIP,0.06860400851222392,0.09743505166510058,0.06909770906320171,0.09748446539145623
334,Clin + Rad + BiomedCLIP,0.07237072735107582,0.07808723787525709,0.07244020397649042,0.07803570496557963
335,Clin + Rad + BiomedCLIP,0.09153336883724535,0.07719505148204266,0.09158091242720748,0.07708697510266624
336,Clin + Rad + BiomedCLIP,0.06920439757817522,0.08024752193061903,0.06945717750292596,0.08033280927875878
337,Clin + Rad + BiomedCLIP,0.07843528344566107,0.0645999440583095,0.0786471430543662,0.06506360492556908
338,Clin + Rad + BiomedCLIP,0.08788851618478985,0.10481410427790831,0.08814360734780265,0.10534683153792433
339,Clin + Rad + BiomedCLIP,0.08076317857506946,0.08103709785919531,0.08083287756007425,0.0811695211746584
340,Clin + Rad + BiomedCLIP,0.07978401038781126,0.07932510794711077,0.08000808024893759,0.07979425890799817
341,Clin + Rad + BiomedCLIP,0.08614935287437239,0.10178552211331185,0.08641163572715456,0.10177460447106547
342,Clin + Rad + BiomedCLIP,0.08041013993360575,0.08581569524065144,0.08063477942233732,0.08589373633473116
343,Clin + Rad + BiomedCLIP,0.07022146337838303,0.09730919652821643,0.07048698948880701,0.09725019937114769
344,Clin + Rad + BiomedCLIP,0.06616851320720989,0.07912134656248224,0.06635153215669246,0.07854401784127715
345,Clin + Rad + BiomedCLIP,0.07550384801066119,0.0916129931698324,0.07572258441272191,0.0916764442696548
346,Clin + Rad + BiomedCLIP,0.09918820907788088,0.08458942198259366,0.09922782719513712,0.08471259809870223
347,Clin + Rad + BiomedCLIP,0.09010696104504405,0.09204063444669622,0.09031411634690963,0.09183819952512035
348,Clin + Rad + BiomedCLIP,0.04325733855767534,0.06193479387406847,0.0434493965880559,0.061599507452182414
349,Clin + Rad + BiomedCLIP,0.07880287025348053,0.10745739289499304,0.07906844980931252,0.1073669497607079
350,Clin + Rad + BiomedCLIP,0.08249414382199963,0.08705606824777236,0.0827280448607325,0.08676426671142752
351,Clin + Rad + BiomedCLIP,0.052531649228331694,0.05242815679442558,0.052728211943561434,0.05163888054450162
352,Clin + Rad + BiomedCLIP,0.06404454864211424,0.06696614398098719,0.06424194484867472,0.06740567924116074
353,Clin + Rad + BiomedCLIP,0.07676914533240002,0.07280423541702288,0.07683944007133175,0.07268901664572454
354,Clin + Rad + BiomedCLIP,0.05443362530595328,0.07522473307658839,0.05469536913570555,0.07553770744462551
355,Clin + Rad + BiomedCLIP,0.07732935134458668,0.0699036512469869,0.07759476261604431,0.06951278182590119
356,Clin + Rad + BiomedCLIP,0.07682338215634088,0.07562880888564312,0.07686044404288352,0.07569206478152013
357,Clin + Rad + BiomedCLIP,0.06396140847204305,0.06534873763211975,0.06424749552813905,0.0645764733445613
358,Clin + Rad + BiomedCLIP,0.09176248233351723,0.0806813504353851,0.09180091201155251,0.08085303913518997
359,Clin + Rad + BiomedCLIP,0.09229498622111978,0.11252928368856123,0.09235600947180582,0.11208608194288418
360,Clin + Rad + BiomedCLIP,0.08700881622734778,0.10274766065535514,0.08708927325303684,0.10288333765825718
361,Clin + Rad + BiomedCLIP,0.09033488604056637,0.08045263452932243,0.08996320499922224,0.08109446831705201
362,Clin + Rad + BiomedCLIP,0.07044553062119223,0.05388035372364441,0.07066281626196197,0.05376857223066271
363,Clin + Rad + BiomedCLIP,0.10541684864725567,0.1248805203092233,0.10547655027643844,0.12466506383154542
364,Clin + Rad + BiomedCLIP,0.06687630390936124,0.05770657646204371,0.06709379697572285,0.05748938049803006
365,Clin + Rad + BiomedCLIP,0.07574290224316695,0.10889483513635621,0.07600833040488782,0.10949131136433034
366,Clin + Rad + BiomedCLIP,0.08925359291240981,0.0865086561288377,0.08944070411582912,0.08640113365089681
367,Clin + Rad + BiomedCLIP,0.059343516722546924,0.06883805907320027,0.05954076624257196,0.06863757437640042
368,Clin + Rad + BiomedCLIP,0.06418301305424609,0.06841671599993461,0.06438654249952805,0.06820561429478472
369,Clin + Rad + BiomedCLIP,0.06977985483067217,0.08016710095796946,0.06997697489887858,0.08018311447991015
1,Clin + Rad + RAD-DINO,0.08971494351693564,0.11425528481781556,0.09022479487982443,0.11391752457544484
2,Clin + Rad + RAD-DINO,0.07619409233477213,0.08708959443159088,0.07670932222848852,0.08724457952844512
3,Clin + Rad + RAD-DINO,0.07267575152459436,0.10225274907286751,0.07272351216734503,0.10248805577914041
4,Clin + Rad + RAD-DINO,0.08495444608628207,0.10093386741518041,0.0846484581373033,0.1008360386448058
5,Clin + Rad + RAD-DINO,0.0711888200733692,0.0890602483764869,0.07126139413062935,0.08896876648385749
6,Clin + Rad + RAD-DINO,0.0845480764870336,0.0870279289839463,0.0845984153883025,0.0866897747654832
7,Clin + Rad + RAD-DINO,0.09319904384552637,0.10142360975141619,0.09369911310022816,0.10164675807410682
8,Clin + Rad + RAD-DINO,0.08053824528015621,0.09629071730551932,0.08040266507073834,0.09652893508413493
9,Clin + Rad + RAD-DINO,0.08573109992735106,0.09590622535445337,0.08577723696204974,0.09608891456727334
10,Clin + Rad + RAD-DINO,0.05697196382205544,0.06800012653003429,0.05681879603172487,0.0682198457176054
11,Clin + Rad + RAD-DINO,0.05677731598743135,0.08727387194082982,0.05648761510059391,0.08742742384154581
12,Clin + Rad + RAD-DINO,0.07112907013066477,0.09196319276105366,0.07138944069760972,0.09161729080425808
13,Clin + Rad + RAD-DINO,0.06519505846835408,0.07021573530226798,0.06488441497119102,0.07036567477618204
14,Clin + Rad + RAD-DINO,0.07852799139649301,0.07622010696542077,0.07821158407088813,0.07613240922146415
15,Clin + Rad + RAD-DINO,0.07437800738834156,0.08735049217105913,0.07440127092691452,0.08699881770363407
16,Clin + Rad + RAD-DINO,0.07048170331951385,0.0983694962727515,0.07050669117473267,0.09805129454213302
17,Clin + Rad + RAD-DINO,0.0845165843126063,0.08732499239705699,0.08503362081476344,0.08753603372232924
18,Clin + Rad + RAD-DINO,0.09703235803684995,0.09881271775217416,0.09709194122197042,0.09900566198646221
19,Clin + Rad + RAD-DINO,0.08541457488759556,0.09736494438168897,0.08562623468289847,0.09760279474646383
20,Clin + Rad + RAD-DINO,0.07080793683894732,0.08886454499815052,0.07131246562144077,0.08902606501038382
21,Clin + Rad + RAD-DINO,0.08329605855612456,0.09214699493090223,0.08380280308072453,0.0918337259002019
22,Clin + Rad + RAD-DINO,0.06295114949628823,0.07806459098945949,0.06320493804563534,0.07852280425633339
23,Clin + Rad + RAD-DINO,0.08314712409999225,0.09925281996301887,0.08283203611662644,0.09949764352667549
24,Clin + Rad + RAD-DINO,0.08850385428086416,0.11655272874216747,0.08864114331310971,0.11622127236819497
25,Clin + Rad + RAD-DINO,0.07052643757782322,0.09060287634205985,0.07070849073304125,0.09053141080310341
26,Clin + Rad + RAD-DINO,0.06619014310772726,0.060703477964617246,0.06601925865590101,0.06055886241767382
27,Clin + Rad + RAD-DINO,0.07835937462554952,0.08040658029105974,0.07858207159336553,0.08029226909554937
28,Clin + Rad + RAD-DINO,0.10032773946341403,0.09079869531210936,0.100004676880621,0.09070609462623425
29,Clin + Rad + RAD-DINO,0.06895043788677448,0.08698754429113251,0.06917906283208279,0.08744946568343105
30,Clin + Rad + RAD-DINO,0.06322438681896261,0.0842197929246888,0.0634601147649987,0.08388338549915558
31,Clin + Rad + RAD-DINO,0.09237491561853893,0.09861374503418362,0.09287047327827441,0.098524870698922
32,Clin + Rad + RAD-DINO,0.05855884512088654,0.08715069793719621,0.05823355501707451,0.08708991446334186
33,Clin + Rad + RAD-DINO,0.060696291574496075,0.08318363912606103,0.0609071828472326,0.08364600307923101
34,Clin + Rad + RAD-DINO,0.0893406866727044,0.0983322520462494,0.08956167344286174,0.09855747504544672
35,Clin + Rad + RAD-DINO,0.08993614794709275,0.10473313573485331,0.09010086984120018,0.10495626232038607
36,Clin + Rad + RAD-DINO,0.07877651710641038,0.10543949114872209,0.07924638966538736,0.10539874461602099
37,Clin + Rad + RAD-DINO,0.05726945190503468,0.08176219861348769,0.05742372915454104,0.08223202302760936
38,Clin + Rad + RAD-DINO,0.08346772109821174,0.09506884849081111,0.08313255466851045,0.09499513503505716
39,Clin + Rad + RAD-DINO,0.06660696260517329,0.07686881351655185,0.06714088537385454,0.07713596474055205
40,Clin + Rad + RAD-DINO,0.05416994010732271,0.07782950984002182,0.05386194904902415,0.0781083447467382
41,Clin + Rad + RAD-DINO,0.07565395960330852,0.09650500817830988,0.07588100391495628,0.0969474665414112
42,Clin + Rad + RAD-DINO,0.06634664892049687,0.0815938311909193,0.06600202466877812,0.08182833522124355
43,Clin + Rad + RAD-DINO,0.09201431447684527,0.0839880281337667,0.09207628247827157,0.0839420370816586
44,Clin + Rad + RAD-DINO,0.0676588186508731,0.09086632295585255,0.06747852537050965,0.0908084949991981
45,Clin + Rad + RAD-DINO,0.07642725894545242,0.08378842585400613,0.07612187167325711,0.08370323348749771
46,Clin + Rad + RAD-DINO,0.07508987050647016,0.09303366473046504,0.07524517787970161,0.09318709054653194
47,Clin + Rad + RAD-DINO,0.08243446065945209,0.09847496107623527,0.08293292499162296,0.09873070982011171
48,Clin + Rad + RAD-DINO,0.08477462177585039,0.09342429761230879,0.08489704290963905,0.0930972970468727
49,Clin + Rad + RAD-DINO,0.0645695466304328,0.07262393378549363,0.06442877321319461,0.07287459445445442
50,Clin + Rad + RAD-DINO,0.08406080407778314,0.10586437631555849,0.0839363714766574,0.10610533194211644
51,Clin + Rad + RAD-DINO,0.05410339199107326,0.07018244042664314,0.05413899604691188,0.06986763922839398
52,Clin + Rad + RAD-DINO,0.05487526018217423,0.07039143182550436,0.05493040542226098,0.07055875042738345
53,Clin + Rad + RAD-DINO,0.06262608505131412,0.07227457882736459,0.06290475025092936,0.07192643721771186
54,Clin + Rad + RAD-DINO,0.09461765319249174,0.10660390577412929,0.09513679066873544,0.10650695562708903
55,Clin + Rad + RAD-DINO,0.0657316119320631,0.09221251490317503,0.06594442332743475,0.09244001231218758
56,Clin + Rad + RAD-DINO,0.08300297408675338,0.10879714163017659,0.08312223691488507,0.10843659222510103
57,Clin + Rad + RAD-DINO,0.06430136876558354,0.06847752342934026,0.064354439715882,0.06840695934934089
58,Clin + Rad + RAD-DINO,0.09114952247072629,0.08474322462696725,0.0912011069128893,0.08471740851651964
59,Clin + Rad + RAD-DINO,0.07802816407931441,0.09465980155388679,0.07851392892696116,0.09461066517157286
60,Clin + Rad + RAD-DINO,0.059198551618266045,0.06559769529359563,0.05943648560031967,0.06583463852263181
61,Clin + Rad + RAD-DINO,0.08914753471517209,0.0942393903621139,0.08963540606110379,0.09390617820399323
62,Clin + Rad + RAD-DINO,0.06703383660939856,0.08204069920929247,0.0675475604277197,0.08199229289213371
63,Clin + Rad + RAD-DINO,0.06480911889744004,0.08126284697407134,0.06533774197993936,0.08147204637093769
64,Clin + Rad + RAD-DINO,0.078683250378984,0.08479833243914055,0.07875666809098841,0.08473915142796525
65,Clin + Rad + RAD-DINO,0.07981354188382363,0.0936755218302252,0.08004277489646144,0.09392236523890422
66,Clin + Rad + RAD-DINO,0.06849147762235201,0.08191644328209102,0.06872348890188043,0.08211839176228962
67,Clin + Rad + RAD-DINO,0.08502260849483406,0.09490485784956892,0.08506176914256161,0.09458482179363747
68,Clin + Rad + RAD-DINO,0.0934567710894401,0.09687696637771859,0.0936557413525252,0.09711969997907656
69,Clin + Rad + RAD-DINO,0.09896471667915797,0.09059750603930114,0.09917431303659231,0.09104436380167952
70,Clin + Rad + RAD-DINO,0.0561878568073516,0.07480103893972553,0.05640346416421638,0.075268419526222
71,Clin + Rad + RAD-DINO,0.06771017349788247,0.07508400679921079,0.06757890665784523,0.074997698047744
72,Clin + Rad + RAD-DINO,0.09647038453913671,0.09800370368001339,0.09695783937551244,0.09794989718556583
73,Clin + Rad + RAD-DINO,0.09401369437946205,0.09370696936866088,0.09450112623894975,0.09413453990453831
74,Clin + Rad + RAD-DINO,0.09200104962756081,0.09648458169404482,0.09204135459788876,0.09645000279694393
75,Clin + Rad + RAD-DINO,0.07211057795498893,0.08847289269180607,0.07192220465158346,0.08892392660351567
76,Clin + Rad + RAD-DINO,0.07765340295834638,0.10311525350633313,0.07818700593566057,0.103050192769894
77,Clin + Rad + RAD-DINO,0.09303186659405763,0.09077809497435457,0.09352514527234676,0.09043483768454659
78,Clin + Rad + RAD-DINO,0.0708048759069475,0.08454054230666835,0.07065041767132653,0.0844479705633348
79,Clin + Rad + RAD-DINO,0.061764078227467885,0.06820414632295486,0.06161482497753022,0.06846359558251476
80,Clin + Rad + RAD-DINO,0.07732359161530789,0.10596603061975536,0.07783209679782645,0.10561708667546296
81,Clin + Rad + RAD-DINO,0.06422948697915076,0.07859953455740042,0.06425858497385134,0.07853854905746308
82,Clin + Rad + RAD-DINO,0.0847090114242605,0.0844623319266077,0.08477120235319059,0.08411630224880744
83,Clin + Rad + RAD-DINO,0.0673897859436088,0.09301178228485023,0.06743344242316189,0.09291868163019731
84,Clin + Rad + RAD-DINO,0.08538821105582765,0.10043940042001036,0.08553497577937226,0.10031649890094213
85,Clin + Rad + RAD-DINO,0.09219934746619932,0.08948391669086952,0.0927077944658011,0.0897152436457968
86,Clin + Rad + RAD-DINO,0.06198784624804028,0.07852643105886796,0.06218816276354718,0.07899554341326886
87,Clin + Rad + RAD-DINO,0.07537412998227637,0.07907348623635257,0.07539883912088877,0.07933883521103835
88,Clin + Rad + RAD-DINO,0.06191048626336497,0.07195363819045211,0.06193957833218873,0.07218273658383839
89,Clin + Rad + RAD-DINO,0.09157263890013717,0.10005935979987365,0.09169885881319376,0.0996810328610903
90,Clin + Rad + RAD-DINO,0.08098155007622361,0.1135541544623552,0.0814810310861141,0.1134707130999554
91,Clin + Rad + RAD-DINO,0.09090363271165787,0.10152749307460238,0.09140572395255991,0.1017584503024623
92,Clin + Rad + RAD-DINO,0.07443689557680444,0.09400725761568726,0.07491843545366914,0.0937033032651434
93,Clin + Rad + RAD-DINO,0.051426217661345704,0.07532939736221056,0.05147276332419808,0.07527862524360193
94,Clin + Rad + RAD-DINO,0.07078227869908348,0.08890619640492953,0.0709296492141167,0.08886153845587536
95,Clin + Rad + RAD-DINO,0.0667801548238011,0.09471838191935039,0.06643868230132598,0.09465286758751684
96,Clin + Rad + RAD-DINO,0.07882605507743219,0.10494898958741995,0.07931690993739397,0.10521401006449713
97,Clin + Rad + RAD-DINO,0.08347655589243609,0.08312791874500954,0.08372997224031291,0.08274870715126076
98,Clin + Rad + RAD-DINO,0.09760620471357279,0.09927618695630923,0.098105997727629,0.09891493915342309
99,Clin + Rad + RAD-DINO,0.06918812244072509,0.09023405952822623,0.06972625800037188,0.09013904649881965
100,Clin + Rad + RAD-DINO,0.07452121398446604,0.08593563113082875,0.07438433020916001,0.08636959651013201
101,Clin + Rad + RAD-DINO,0.06605396175506281,0.0871802318391335,0.0657337502768378,0.08712513425442839
102,Clin + Rad + RAD-DINO,0.06923624264942924,0.08882306495281293,0.06889274847280404,0.08876966648820599
103,Clin + Rad + RAD-DINO,0.05327696438615625,0.08636484965801833,0.05313593612025918,0.08603506563049139
104,Clin + Rad + RAD-DINO,0.08596914904197911,0.10252537381901754,0.08646001376852731,0.102673486951526
105,Clin + Rad + RAD-DINO,0.07198015348667987,0.07789964328920329,0.07222899844389842,0.07751931644375051
106,Clin + Rad + RAD-DINO,0.06090665018927516,0.0966169024026201,0.06094581845580859,0.09653144917475728
107,Clin + Rad + RAD-DINO,0.049242650270850605,0.08213105093203128,0.04911238039984123,0.08236590181252884
108,Clin + Rad + RAD-DINO,0.07599825607441602,0.08459431282511325,0.07602155505954991,0.08453350136533416
109,Clin + Rad + RAD-DINO,0.07238113820973985,0.089303723353918,0.07293672856471238,0.08957676549298065
110,Clin + Rad + RAD-DINO,0.07642373106014771,0.06717035170185325,0.07654123702874424,0.06704613750906707
111,Clin + Rad + RAD-DINO,0.06292759590773345,0.09652082085907737,0.06311552592093177,0.09668348190315199
112,Clin + Rad + RAD-DINO,0.08626055453607431,0.10820948643307064,0.08638597385341834,0.10806517702330652
113,Clin + Rad + RAD-DINO,0.06957099841361579,0.08488151385286898,0.0694226919239353,0.0850888389493134
114,Clin + Rad + RAD-DINO,0.08446505086462482,0.0985680664811338,0.08449886139155045,0.09844921239498372
115,Clin + Rad + RAD-DINO,0.07880631083399288,0.08410755884121159,0.07931727775134505,0.08456044292160826
116,Clin + Rad + RAD-DINO,0.07375412892134244,0.0876997730382237,0.07426187694504433,0.08734868858152256
117,Clin + Rad + RAD-DINO,0.06054916796865571,0.07800813764054114,0.06057331520799701,0.07791280210283968
118,Clin + Rad + RAD-DINO,0.09069682100381062,0.0834896788296521,0.09072942318821008,0.08342590748464446
119,Clin + Rad + RAD-DINO,0.07027859858906377,0.0942817592075107,0.07076885940989985,0.09396344569238585
120,Clin + Rad + RAD-DINO,0.06006611907310379,0.07143398394363769,0.060245422570404876,0.07188210162820691
121,Clin + Rad + RAD-DINO,0.08269165881279493,0.10396486715486512,0.08321353440831923,0.1038836691036699
122,Clin + Rad + RAD-DINO,0.0920608640985367,0.09935127547020957,0.09210715341037408,0.09979484215391747
123,Clin + Rad + RAD-DINO,0.06808560108566049,0.08584873933162794,0.06794133729486897,0.08608126060777282
124,Clin + Rad + RAD-DINO,0.061809657579626,0.09086923769188752,0.06229942850082878,0.0913060782131944
125,Clin + Rad + RAD-DINO,0.08387221425327988,0.08286279041029672,0.08435555436230288,0.08272682914616027
126,Clin + Rad + RAD-DINO,0.0751940204216688,0.09846781431514308,0.07538959104008304,0.09836917676873841
127,Clin + Rad + RAD-DINO,0.07204737437725266,0.08888268068052232,0.07220927481617788,0.08912909853428973
128,Clin + Rad + RAD-DINO,0.08194172435494589,0.06974392552940856,0.08197346438116818,0.06995968078618908
129,Clin + Rad + RAD-DINO,0.07748531122087414,0.09573356419477311,0.07803126696400213,0.09535638981884725
130,Clin + Rad + RAD-DINO,0.07050683531346495,0.0895249169492403,0.07055007815545711,0.08948253761712137
131,Clin + Rad + RAD-DINO,0.0528720226195418,0.07069199548683251,0.053120245542490965,0.07036059293824179
132,Clin + Rad + RAD-DINO,0.07324516372849393,0.09820260422462689,0.07294028932395027,0.09844598546934895
133,Clin + Rad + RAD-DINO,0.07896755148737519,0.0876112453623606,0.0788074041758236,0.08747740526254673
134,Clin + Rad + RAD-DINO,0.09485913161206788,0.11163747746006755,0.09535787440619065,0.1113223660976255
135,Clin + Rad + RAD-DINO,0.07997315301418274,0.09721684436912517,0.07999907624704129,0.09763487264468748
136,Clin + Rad + RAD-DINO,0.06684075809107555,0.0849521010584974,0.06651810911006081,0.08539493016459189
137,Clin + Rad + RAD-DINO,0.07658466378204337,0.08974170241693781,0.07709376322876163,0.0896590272592419
138,Clin + Rad + RAD-DINO,0.08224886480355884,0.09166529318792101,0.08244735709268532,0.09190708886156776
139,Clin + Rad + RAD-DINO,0.08450107897107624,0.08960024092620854,0.08414876940376538,0.08955370929308804
140,Clin + Rad + RAD-DINO,0.08173032927369239,0.1036668125604376,0.08178096547790493,0.10359201759829474
141,Clin + Rad + RAD-DINO,0.05187232191047759,0.06305446718736317,0.05175339514801941,0.06352917248920399
142,Clin + Rad + RAD-DINO,0.06580434599153746,0.0715305295946653,0.06604137198728494,0.07120262462870651
143,Clin + Rad + RAD-DINO,0.0712843805768311,0.07983399452397685,0.07151764814953376,0.08009298200927388
144,Clin + Rad + RAD-DINO,0.07043293109158737,0.07093103247990408,0.0706405969290221,0.07110007587559715
145,Clin + Rad + RAD-DINO,0.07889986139777559,0.0921713492732829,0.07894743555286188,0.0923363388499037
146,Clin + Rad + RAD-DINO,0.061993152305882586,0.07973843305997987,0.06167771892959447,0.07997120133681818
147,Clin + Rad + RAD-DINO,0.08307347142672897,0.07688438900921525,0.08312774159248454,0.07658002660332637
148,Clin + Rad + RAD-DINO,0.08940279945332834,0.09751814411480761,0.0898981912893007,0.09749159297489664
149,Clin + Rad + RAD-DINO,0.07668928977549869,0.09279296647563602,0.07719146370064402,0.09304740277983455
150,Clin + Rad + RAD-DINO,0.06549270427260113,0.09665410680532831,0.06551354511469308,0.09653850542854203
151,Clin + Rad + RAD-DINO,0.08215577721362233,0.0926884812637067,0.08235327062531876,0.0928920862555153
152,Clin + Rad + RAD-DINO,0.0592270135959513,0.08716928111792288,0.05937594404871119,0.08711691028362377
153,Clin + Rad + RAD-DINO,0.07282327737735872,0.08670342033218373,0.07286978153467294,0.08660672020924384
154,Clin + Rad + RAD-DINO,0.07477320287297054,0.06759896656153919,0.07499431001705821,0.06752704381947355
155,Clin + Rad + RAD-DINO,0.06888136666378342,0.09995288402232025,0.06939027570099539,0.09992844066317975
156,Clin + Rad + RAD-DINO,0.09936022433550883,0.12489532902891469,0.09985967436183289,0.12481208808454933
157,Clin + Rad + RAD-DINO,0.0768955386394973,0.0806764365980968,0.07677693599264503,0.08035432949014068
158,Clin + Rad + RAD-DINO,0.05778810547573097,0.05827401053415032,0.05803054587355922,0.05874445614265703
159,Clin + Rad + RAD-DINO,0.08460361577238537,0.08668046131225796,0.08512586783623886,0.08663400535370588
160,Clin + Rad + RAD-DINO,0.06166740469760501,0.09310695818568399,0.06154553136922006,0.09334951807149314
161,Clin + Rad + RAD-DINO,0.06724393241632058,0.07858700301105258,0.06750689718674412,0.07878961316277988
162,Clin + Rad + RAD-DINO,0.079608655587994,0.0753512523851636,0.07926923521406966,0.07498686706984525
163,Clin + Rad + RAD-DINO,0.06351420377548492,0.08043773621168135,0.06374530839018287,0.08066376943144198
164,Clin + Rad + RAD-DINO,0.06729036517169217,0.0656170198217805,0.0671759601607577,0.06587899922967917
165,Clin + Rad + RAD-DINO,0.09982612620293803,0.12010337647417803,0.09994924623936959,0.11976717647209942
166,Clin + Rad + RAD-DINO,0.06057784264231909,0.07046754483599799,0.06044388260476452,0.07013014460164342
167,Clin + Rad + RAD-DINO,0.055186030915489744,0.07612270634838976,0.05533155515267223,0.07602592121184826
168,Clin + Rad + RAD-DINO,0.08578414842241489,0.09140997237785604,0.08604803554665755,0.09162108996189558
169,Clin + Rad + RAD-DINO,0.06699500593727443,0.07615559157739486,0.06722570293078474,0.0763967980526091
170,Clin + Rad + RAD-DINO,0.08606293877325158,0.08954269950182377,0.08628916719647152,0.08974911479388598
171,Clin + Rad + RAD-DINO,0.08607949074489246,0.09060712857928646,0.0859105759876394,0.0908473560287711
172,Clin + Rad + RAD-DINO,0.08250313114538267,0.09234616893088,0.08272753374456661,0.09196558857507735
173,Clin + Rad + RAD-DINO,0.09343640489943089,0.10387778387099365,0.09358645994510141,0.10352518863691088
174,Clin + Rad + RAD-DINO,0.06948294835650258,0.09545922490365726,0.06964193567595423,0.09562531850442296
175,Clin + Rad + RAD-DINO,0.06859970761874097,0.0851891841888951,0.0686284355192706,0.08512284514926877
176,Clin + Rad + RAD-DINO,0.0679207617381616,0.09223741547368611,0.06794724452059903,0.09219074051188123
177,Clin + Rad + RAD-DINO,0.0568573008059028,0.07511419417696842,0.05690213133448852,0.07501208767954248
178,Clin + Rad + RAD-DINO,0.05726040543995933,0.0679205016281871,0.05731372625912127,0.06785401737650709
179,Clin + Rad + RAD-DINO,0.0625218284574031,0.09847227422858994,0.062200481684729955,0.09840953523459496
180,Clin + Rad + RAD-DINO,0.06983198073254127,0.10362404436085564,0.07000754794891732,0.10348747223552716
181,Clin + Rad + RAD-DINO,0.07892668993662418,0.07861579962009797,0.078775929093205,0.07888202199374389
182,Clin + Rad + RAD-DINO,0.07989842952735249,0.0978368273249496,0.07955866099135196,0.09776953652366516
183,Clin + Rad + RAD-DINO,0.07874935710774547,0.08370942531323518,0.07894676116477933,0.08394379987079335
184,Clin + Rad + RAD-DINO,0.08134358478154417,0.08746259825739174,0.08098396554914054,0.08771004554805543
185,Clin + Rad + RAD-DINO,0.0838250307779662,0.0961279900447118,0.08387025266357018,0.09603923817532158
186,Clin + Rad + RAD-DINO,0.053892269952645476,0.06825974142759773,0.05356328355645858,0.06839707193869525
187,Clin + Rad + RAD-DINO,0.07269357487447908,0.08971175894885619,0.07255608921275661,0.08961932151087351
188,Clin + Rad + RAD-DINO,0.07609015772783322,0.1058493143585715,0.07576312021016646,0.10575692799834158
189,Clin + Rad + RAD-DINO,0.06399132126647991,0.09805851171640968,0.06415569015401966,0.09802438226360725
190,Clin + Rad + RAD-DINO,0.04842543806777294,0.08466746491783285,0.04847625864173123,0.08430866883617305
191,Clin + Rad + RAD-DINO,0.06725937188956702,0.08437854874106197,0.06749257768585933,0.0845864293241495
192,Clin + Rad + RAD-DINO,0.06286628538405864,0.06653794514597942,0.06292767125868953,0.06621588386639689
193,Clin + Rad + RAD-DINO,0.06275707624127992,0.08799583393673574,0.06291861913715635,0.08842435831474282
194,Clin + Rad + RAD-DINO,0.0753691710120164,0.09503280739118607,0.07559558015800992,0.09545946321519282
195,Clin + Rad + RAD-DINO,0.06446480050265571,0.09508072255945288,0.06449782646467606,0.09500171026203014
196,Clin + Rad + RAD-DINO,0.05986831178156594,0.102607123536086,0.05954633589560436,0.10255426222121096
197,Clin + Rad + RAD-DINO,0.06986615817954493,0.10485943447767128,0.07002698272954111,0.104768628324674
198,Clin + Rad + RAD-DINO,0.06175643597016457,0.07926398390386485,0.061965181061845793,0.07892654385711778
199,Clin + Rad + RAD-DINO,0.06513079855206692,0.0814026621385548,0.06567849179625829,0.0815459217353696
200,Clin + Rad + RAD-DINO,0.081035472557746,0.09295049108090066,0.08153547183310339,0.09309096348992335
201,Clin + Rad + RAD-DINO,0.06814657951932139,0.09175067238972232,0.06867957973537794,0.09137837757429015
202,Clin + Rad + RAD-DINO,0.08009669521648201,0.092543069748002,0.08025760277555291,0.09245397961273796
203,Clin + Rad + RAD-DINO,0.06497905936788217,0.08644957998847046,0.06548419628661586,0.08638117712615982
204,Clin + Rad + RAD-DINO,0.06221269735550617,0.08472859584903396,0.06236054010207937,0.08487360686768844
205,Clin + Rad + RAD-DINO,0.0656349098546967,0.09358626642312437,0.0652937319071537,0.09353287265828367
206,Clin + Rad + RAD-DINO,0.06751364026120965,0.08267818309436188,0.0675580978020735,0.0831431307731896
207,Clin + Rad + RAD-DINO,0.07713304069927492,0.07450237517744877,0.0767935405814178,0.07474043011779549
208,Clin + Rad + RAD-DINO,0.08873045784904211,0.08489373987608378,0.08876704421426902,0.08480751763587539
209,Clin + Rad + RAD-DINO,0.06808494278195534,0.08603650978698964,0.06830530424250285,0.08627408304118404
210,Clin + Rad + RAD-DINO,0.060218194520090994,0.07727953047411194,0.060437109998295074,0.07692581823104479
211,Clin + Rad + RAD-DINO,0.07446522012996991,0.10824004949443976,0.07463140932712745,0.10844031744404402
212,Clin + Rad + RAD-DINO,0.07165048460026342,0.09399722548674705,0.07170052797468449,0.09391415226179649
213,Clin + Rad + RAD-DINO,0.07653709518219162,0.0863155472548292,0.07659020109934078,0.08653593376812047
214,Clin + Rad + RAD-DINO,0.07980780461278829,0.10873689688017459,0.08029976417252153,0.1086695362283713
215,Clin + Rad + RAD-DINO,0.09692699676223086,0.10346418273662006,0.09660247528683771,0.10367255324540038
216,Clin + Rad + RAD-DINO,0.06497120405215313,0.07597248492780413,0.06503802117692546,0.07623564878436474
217,Clin + Rad + RAD-DINO,0.07974281259996024,0.0962212480144358,0.08024693237805788,0.09614446992064964
218,Clin + Rad + RAD-DINO,0.0735528321181689,0.08858481561472842,0.07407783410265287,0.08880417946108772
219,Clin + Rad + RAD-DINO,0.05859686011548301,0.09601137562146489,0.058775424909315185,0.09624549786688417
220,Clin + Rad + RAD-DINO,0.06343138983862483,0.08014730494350719,0.063468177311544,0.08008245958533361
221,Clin + Rad + RAD-DINO,0.07814357195260357,0.09393744612007865,0.07820359618345404,0.09388193066699807
222,Clin + Rad + RAD-DINO,0.036505750220329924,0.07624960121613548,0.0361865084049604,0.07649412393567544
223,Clin + Rad + RAD-DINO,0.05938143970946914,0.0806120357369015,0.05924692162279826,0.0804879900722155
224,Clin + Rad + RAD-DINO,0.07455243250994967,0.0786799355213602,0.07457603391870854,0.07861444480758864
225,Clin + Rad + RAD-DINO,0.08540765845175072,0.09743491717680966,0.08553789890956268,0.0973183944479019
226,Clin + Rad + RAD-DINO,0.07477614971569328,0.08698407610843853,0.07502719351521565,0.08714252567916471
227,Clin + Rad + RAD-DINO,0.07136382679998733,0.08977237762167527,0.07159702503747144,0.0902535039939948
228,Clin + Rad + RAD-DINO,0.0553132475713439,0.06971909363150608,0.05534821667194954,0.06998261493115952
229,Clin + Rad + RAD-DINO,0.08988082856763718,0.07740759474079166,0.09038119829808278,0.07734387145098048
230,Clin + Rad + RAD-DINO,0.060512865818731845,0.08346685471508124,0.06037467442459712,0.0836848344940066
231,Clin + Rad + RAD-DINO,0.05245442001243522,0.08018956617747516,0.05231500466639657,0.08063449328529097
232,Clin + Rad + RAD-DINO,0.07062874777498553,0.08423662927328153,0.07068162984088823,0.08444772358490858
233,Clin + Rad + RAD-DINO,0.08349405799900769,0.10768990299183046,0.08352491077178342,0.10783629988035458
234,Clin + Rad + RAD-DINO,0.07282453653667403,0.08043407127686832,0.07268077224506132,0.08089094235861478
235,Clin + Rad + RAD-DINO,0.07336369593045287,0.09064886712548778,0.07353141899003211,0.09056727995396459
236,Clin + Rad + RAD-DINO,0.059330783918612476,0.08100782750370693,0.05901167508050262,0.08096273273551732
237,Clin + Rad + RAD-DINO,0.08918779177641921,0.09637088451948791,0.08932883730525942,0.09604570618050953
238,Clin + Rad + RAD-DINO,0.07466592516522488,0.09372782220561218,0.07481924034340763,0.09338429736040534
239,Clin + Rad + RAD-DINO,0.07343384542071732,0.10428500763089533,0.07356983571241624,0.10452012581046999
240,Clin + Rad + RAD-DINO,0.09521301340214179,0.10615092882170822,0.09533297370800337,0.10605390964065103
241,Clin + Rad + RAD-DINO,0.07397597419607004,0.09185185940412052,0.07416228848330982,0.09180848961754458
242,Clin + Rad + RAD-DINO,0.08949986494593332,0.07237165587700718,0.08972995295907434,0.07281810601411902
243,Clin + Rad + RAD-DINO,0.07625987536809824,0.09170944088060821,0.07651964238763745,0.09195366915549241
244,Clin + Rad + RAD-DINO,0.09174279763985334,0.11974099696473454,0.09187202342378797,0.11997327827432618
245,Clin + Rad + RAD-DINO,0.09143052465623881,0.09512619972201623,0.09196001182995739,0.09508385035628278
246,Clin + Rad + RAD-DINO,0.06728689548255568,0.07735828045132785,0.06731141540104396,0.07754481900076854
247,Clin + Rad + RAD-DINO,0.054247833931574695,0.08521318755790207,0.054802934691056134,0.08546170320353183
248,Clin + Rad + RAD-DINO,0.06115828783475887,0.06518142033882739,0.06135963724041224,0.06544224320120583
249,Clin + Rad + RAD-DINO,0.07467124423716143,0.08430162869934939,0.0743575003560557,0.08425486598456085
250,Clin + Rad + RAD-DINO,0.06393736959167834,0.084656782394267,0.06445181482370867,0.08430409622240909
251,Clin + Rad + RAD-DINO,0.07478815234606781,0.07401904198822797,0.07446897492540763,0.0739475109357028
252,Clin + Rad + RAD-DINO,0.06393925059108499,0.07667112219396251,0.06416641143800632,0.0768945969894307
253,Clin + Rad + RAD-DINO,0.06895852148797742,0.0861338402423789,0.06950876645744637,0.08608182349240295
254,Clin + Rad + RAD-DINO,0.06757807499175086,0.08334901289774577,0.067271412028556,0.08324234030273793
255,Clin + Rad + RAD-DINO,0.08205372712827777,0.09244129584036184,0.08256130658883643,0.09235278740990908
256,Clin + Rad + RAD-DINO,0.07942108275029026,0.08391385143949277,0.07947533619629148,0.08414532283352176
257,Clin + Rad + RAD-DINO,0.06864813625587582,0.08610731440001741,0.06851663348618255,0.08600142591571937
258,Clin + Rad + RAD-DINO,0.06288260465456841,0.08484618359178692,0.06304592483373475,0.0851169894315177
259,Clin + Rad + RAD-DINO,0.0531444425047612,0.07492848079681444,0.05317809381789927,0.07487243516827499
260,Clin + Rad + RAD-DINO,0.07055938934786059,0.09473180377325527,0.07103345485044055,0.09438516543974824
261,Clin + Rad + RAD-DINO,0.06805160016246899,0.10080998424948043,0.06771246618426975,0.10074973625023835
262,Clin + Rad + RAD-DINO,0.07022663894603015,0.09725775211631907,0.07075312296649841,0.09748153514156149
263,Clin + Rad + RAD-DINO,0.05365225675712182,0.0725192879369869,0.05350652662227715,0.07298873958045966
264,Clin + Rad + RAD-DINO,0.08508532292840923,0.11464623647265487,0.08560663988065045,0.114601151035965
265,Clin + Rad + RAD-DINO,0.06061100298511656,0.08773225166272959,0.06083914690833457,0.08799161162249206
266,Clin + Rad + RAD-DINO,0.08850469102001918,0.1067284865500687,0.08869981685525219,0.10716238569825212
267,Clin + Rad + RAD-DINO,0.07317195966590542,0.06581244560772626,0.07320935643443566,0.06576269758332903
268,Clin + Rad + RAD-DINO,0.09659205182426914,0.10905910408783251,0.09672271595047464,0.10893727776867594
269,Clin + Rad + RAD-DINO,0.07802783990447548,0.1071983029183515,0.07855560388138573,0.107119464884011
270,Clin + Rad + RAD-DINO,0.07645379489472143,0.09356451857912766,0.07669238619012822,0.09320247942176421
271,Clin + Rad + RAD-DINO,0.07745406799948304,0.09676791128152747,0.07765234656153261,0.09700116244000724
272,Clin + Rad + RAD-DINO,0.08461908269322344,0.09870583463323475,0.08466418652386687,0.09858701811493437
273,Clin + Rad + RAD-DINO,0.05035115612537533,0.06609871141988648,0.05057613268948629,0.0665481943694563
274,Clin + Rad + RAD-DINO,0.04578802866663813,0.07854217589825628,0.04602447460860544,0.07871929672119221
275,Clin + Rad + RAD-DINO,0.09008653184765417,0.09613245531883366,0.09022852278748568,0.09579486494356175
276,Clin + Rad + RAD-DINO,0.09435226976433282,0.11701038099446787,0.09447272613588698,0.11692085536343265
277,Clin + Rad + RAD-DINO,0.07623311127108187,0.0821520575190349,0.07644594241470014,0.08237950802771113
278,Clin + Rad + RAD-DINO,0.07022521106318809,0.1043439774410939,0.07037194632678086,0.10449643418952934
279,Clin + Rad + RAD-DINO,0.06673584315236752,0.06784810249684514,0.06642687417522648,0.06809311394621118
280,Clin + Rad + RAD-DINO,0.08898714064043295,0.09996960969410756,0.08903347388304367,0.09991605470893031
281,Clin + Rad + RAD-DINO,0.06623949080254014,0.08000953575108463,0.06589852623886458,0.08015573938224496
282,Clin + Rad + RAD-DINO,0.060463103332216564,0.06459548299749039,0.06049666051031383,0.06447744836905435
283,Clin + Rad + RAD-DINO,0.09001466819556424,0.10532291691425548,0.09015881077434208,0.10517787613993049
284,Clin + Rad + RAD-DINO,0.07056939054999979,0.09031079387967796,0.07073632722485051,0.09077410330647244
285,Clin + Rad + RAD-DINO,0.054955088356087686,0.07038183560930805,0.055203774125138216,0.0706251919721709
286,Clin + Rad + RAD-DINO,0.08569847114512628,0.10447391433871568,0.08623352705873492,0.10438682406687359
287,Clin + Rad + RAD-DINO,0.06326800228224204,0.08736881777321841,0.0634468167176916,0.08753664415331264
288,Clin + Rad + RAD-DINO,0.07774823720395196,0.09571926338890947,0.07780613813985553,0.09595464120578347
289,Clin + Rad + RAD-DINO,0.0640862533018899,0.063805034976385,0.06373227756518732,0.0640313748916691
290,Clin + Rad + RAD-DINO,0.07099403043602212,0.10999899769754234,0.07150611452546338,0.11043694031552181
291,Clin + Rad + RAD-DINO,0.0822791797723964,0.08972543143487008,0.08278914527543672,0.08996542744833634
292,Clin + Rad + RAD-DINO,0.08786429366052616,0.09186008287488244,0.0879089226281984,0.0918177325010096
293,Clin + Rad + RAD-DINO,0.060900360034316564,0.08371586559431272,0.0609512000621147,0.08395473942084807
294,Clin + Rad + RAD-DINO,0.07677109875031828,0.09298015477986092,0.0769692696192745,0.09320688378929091
295,Clin + Rad + RAD-DINO,0.07260630234952943,0.08015955372557398,0.0728582823005242,0.08035658657667036
296,Clin + Rad + RAD-DINO,0.06073059326951779,0.07592561316361365,0.06093747340351318,0.07616890335393636
297,Clin + Rad + RAD-DINO,0.059034455757535555,0.07343104568212876,0.058921732086149516,0.07335409707206772
298,Clin + Rad + RAD-DINO,0.08929924942687625,0.10461691848765493,0.08979079446791072,0.10425707195731058
299,Clin + Rad + RAD-DINO,0.0781581098823245,0.08687808666051348,0.07818423912495816,0.08676788420059846
300,Clin + Rad + RAD-DINO,0.09025151228891952,0.10299262844735528,0.09047499539737043,0.10267916848141062
301,Clin + Rad + RAD-DINO,0.07925816533470796,0.1033383686686887,0.0797277944181301,0.10325487128974739
302,Clin + Rad + RAD-DINO,0.058865669729726795,0.07329328613357021,0.05892069609363511,0.07376984904959448
303,Clin + Rad + RAD-DINO,0.05453020809952547,0.06879126215464602,0.05456143671200802,0.0692542909550895
304,Clin + Rad + RAD-DINO,0.06892524829568299,0.09255240880375411,0.06942384033713359,0.09250643537109332
305,Clin + Rad + RAD-DINO,0.07747335581942084,0.10696873275582877,0.07761351216401456,0.10663895998973423
306,Clin + Rad + RAD-DINO,0.08085884134210172,0.07088772603860691,0.08054231373763732,0.07111043079969853
307,Clin + Rad + RAD-DINO,0.05280998114004314,0.07513118413700048,0.05268496453868409,0.07559997842711795
308,Clin + Rad + RAD-DINO,0.0626002387155026,0.08111954567738262,0.06264256935966492,0.08127240789581618
309,Clin + Rad + RAD-DINO,0.09731018584670507,0.09485569783332426,0.09716167886172374,0.094484745377006
310,Clin + Rad + RAD-DINO,0.08191947275072715,0.10258797206497348,0.08214557871269766,0.10278283288538703
311,Clin + Rad + RAD-DINO,0.07495328319416393,0.09592670788311919,0.0751200668922612,0.09587632991428978
312,Clin + Rad + RAD-DINO,0.06250006464229207,0.0820692974080485,0.06236913604624382,0.08250610887834721
313,Clin + Rad + RAD-DINO,0.07407786649863732,0.08795372680958252,0.07428914326940138,0.08820246586772477
314,Clin + Rad + RAD-DINO,0.08109782666999363,0.0739555554562217,0.0811395323465336,0.07387699425704518
315,Clin + Rad + RAD-DINO,0.08866299787148083,0.0981489399925792,0.08916586449820979,0.09838770338541643
316,Clin + Rad + RAD-DINO,0.05757650988820296,0.08372361640147682,0.057633953844972684,0.08359255268468702
317,Clin + Rad + RAD-DINO,0.06992586805606436,0.09998038285346691,0.07007373768872169,0.0999302884021512
318,Clin + Rad + RAD-DINO,0.08293253985029535,0.08294134553836952,0.08314815498323626,0.08318019901134167
319,Clin + Rad + RAD-DINO,0.0786092168645445,0.08245396178813859,0.07843776317807859,0.08269707470797605
320,Clin + Rad + RAD-DINO,0.09540006896733731,0.09126022985895527,0.09588416577782306,0.09110246963324076
321,Clin + Rad + RAD-DINO,0.09880330606700528,0.07612310657905784,0.09886144320807269,0.07633697521141146
322,Clin + Rad + RAD-DINO,0.09090077172257974,0.09748362931809239,0.090751855132729,0.09767405566294006
323,Clin + Rad + RAD-DINO,0.0803580069440127,0.10503586235233137,0.08040924678649142,0.10548585145057367
324,Clin + Rad + RAD-DINO,0.060554919515985066,0.08358776532706914,0.06075339038701564,0.0834736127451814
325,Clin + Rad + RAD-DINO,0.06480059426090258,0.08790883011271736,0.06500959135293528,0.08781968099333082
326,Clin + Rad + RAD-DINO,0.07251404553223735,0.06783336754685687,0.07257508882782886,0.06776719216166437
327,Clin + Rad + RAD-DINO,0.0836051581070362,0.08464312646175304,0.08326327874505629,0.08454946964843729
328,Clin + Rad + RAD-DINO,0.08654966355385811,0.08238559652426655,0.08673697053595658,0.08263309838541831
329,Clin + Rad + RAD-DINO,0.05673008894792293,0.08060752154116398,0.05679682706156437,0.08086152728504005
330,Clin + Rad + RAD-DINO,0.05908302991053881,0.07420595064321214,0.058964894792874055,0.07409894319430009
331,Clin + Rad + RAD-DINO,0.081309857987582,0.09631155976521298,0.08132057343272368,0.0965363353121046
332,Clin + Rad + RAD-DINO,0.06142414350885656,0.09136459088069232,0.061680206439248035,0.09159244528449223
333,Clin + Rad + RAD-DINO,0.061623529343424854,0.09375500871336503,0.06166661386382499,0.09372068948928404
334,Clin + Rad + RAD-DINO,0.06469459640165647,0.09737936262176104,0.06475924327301646,0.09733924489080262
335,Clin + Rad + RAD-DINO,0.09266468437589141,0.10626640894841295,0.0931444020013371,0.10669154172498377
336,Clin + Rad + RAD-DINO,0.08706937785980945,0.1015455206743061,0.08757938668372263,0.10175324220163369
337,Clin + Rad + RAD-DINO,0.06628685884627952,0.07920781185621915,0.06592504571765885,0.0794184153302941
338,Clin + Rad + RAD-DINO,0.07604475302960596,0.10606103758220341,0.0765415395398833,0.10593117798488275
339,Clin + Rad + RAD-DINO,0.0853837087031875,0.07642677644857027,0.0854183270049976,0.07634433153859106
340,Clin + Rad + RAD-DINO,0.0616537180751978,0.07975185948124484,0.061895855057199835,0.0800067309974075
341,Clin + Rad + RAD-DINO,0.08835761299273381,0.10669614361952472,0.08856360137195947,0.10691595453278027
342,Clin + Rad + RAD-DINO,0.06001397323058967,0.07228015169455977,0.06005085988480378,0.07250626750645359
343,Clin + Rad + RAD-DINO,0.09705311050287165,0.10901082915530586,0.0971735055773297,0.10864278786891744
344,Clin + Rad + RAD-DINO,0.07760478908049458,0.08856502696946857,0.07776976225244277,0.08878319756141892
345,Clin + Rad + RAD-DINO,0.06333575733199238,0.0946670798441826,0.0638805586586235,0.09487537301223216
346,Clin + Rad + RAD-DINO,0.07132605053930598,0.10213282928557037,0.07184658964565861,0.10238769869829807
347,Clin + Rad + RAD-DINO,0.07010191858303366,0.09664151834005202,0.07029680311696111,0.09685222605448977
348,Clin + Rad + RAD-DINO,0.07601292834014649,0.07956568091012149,0.0762741067722585,0.07919493064934624
349,Clin + Rad + RAD-DINO,0.062357656041368094,0.08897146708889661,0.06240543283912777,0.08940446968099172
350,Clin + Rad + RAD-DINO,0.0781460881534919,0.09058201692467759,0.07865230674987998,0.09023251358230373
351,Clin + Rad + RAD-DINO,0.04965661118972514,0.06860585602740149,0.04970962428055318,0.06825451510382949
352,Clin + Rad + RAD-DINO,0.06175666903712185,0.06910041641427937,0.06199418652675557,0.06936037847386686
353,Clin + Rad + RAD-DINO,0.09188812182403286,0.08403193889312438,0.09210818544597085,0.08419145041068365
354,Clin + Rad + RAD-DINO,0.0804121371405203,0.0649958250432499,0.08008103260922467,0.06464086277381392
355,Clin + Rad + RAD-DINO,0.06715110657121445,0.06932375177380018,0.0673523157343072,0.06927814387312735
356,Clin + Rad + RAD-DINO,0.0866715719543171,0.07979333822400472,0.08687102966670858,0.07973098772026341
357,Clin + Rad + RAD-DINO,0.08820785456530753,0.09300360479469283,0.08844277643099463,0.09319120770888077
358,Clin + Rad + RAD-DINO,0.08750843980731195,0.09390994354226187,0.08717898642977323,0.09407423323857282
359,Clin + Rad + RAD-DINO,0.08478643701107168,0.09568771184284841,0.08492887497871053,0.09536276771353368
360,Clin + Rad + RAD-DINO,0.07840160610282114,0.05779723601912897,0.0786469829697615,0.05802944260202116
361,Clin + Rad + RAD-DINO,0.07573042073040079,0.09045808265520361,0.07579704111548742,0.09062776075485665
362,Clin + Rad + RAD-DINO,0.07991550492043521,0.08338816300203356,0.08020050357365031,0.08329381314653217
363,Clin + Rad + RAD-DINO,0.07613004453158063,0.11542344752296797,0.07663550409471506,0.11539385875531988
364,Clin + Rad + RAD-DINO,0.057171448900379146,0.07202157547110756,0.05705763326001144,0.07223979560394438
365,Clin + Rad + RAD-DINO,0.08830675767023448,0.08726765609810885,0.0883433393857823,0.08740093339080539
366,Clin + Rad + RAD-DINO,0.07851514305324796,0.0824849482074045,0.07902848596145166,0.08243900528401814
367,Clin + Rad + RAD-DINO,0.05458541228668919,0.0709349222852722,0.054634803097182355,0.0710866708290786
368,Clin + Rad + RAD-DINO,0.05520406272886442,0.0630371981921492,0.055424771066642904,0.06328841176812317
369,Clin + Rad + RAD-DINO,0.07377784525141903,0.08383909538892863,0.07381937994616466,0.08374719947193766
