seq_fold,fold_row,configuration,priority
2,1,Clinical only,0.03837612554129299
2,2,Clinical only,0.03837612554129299
2,3,Clinical only,0.03837612554129299
2,4,Clinical only,0.03837612554129299
2,5,Clinical only,0.03837612554129299
2,6,Clinical only,0.03837612554129299
2,7,Clinical only,0.03837612554129299
2,8,Clinical only,0.03837612554129299
2,9,Clinical only,0.03837612554129299
2,10,Clinical only,0.03837612554129299
2,11,Clinical only,0.03837612554129299
2,12,Clinical only,0.03837612554129299
2,13,Clinical only,0.03837612554129299
2,14,Clinical only,0.03837612554129299
2,15,Clinical only,0.03837612554129299
2,16,Clinical only,0.03837612554129299
2,17,Clinical only,0.03837612554129299
2,18,Clinical only,0.03837612554129299
2,19,Clinical only,0.03837612554129299
2,20,Clinical only,0.03837612554129299
2,21,Clinical only,0.03837612554129299
2,22,Clinical only,0.03837612554129299
2,23,Clinical only,0.03837612554129299
2,24,Clinical only,0.03837612554129299
2,25,Clinical only,0.03837612554129299
2,26,Clinical only,0.03837612554129299
2,27,Clinical only,0.03837612554129299
2,28,Clinical only,0.03837612554129299
2,29,Clinical only,0.03837612554129299
2,30,Clinical only,0.03837612554129299
2,31,Clinical only,0.03837612554129299
2,32,Clinical only,0.03837612554129299
2,33,Clinical only,0.03837612554129299
2,34,Clinical only,0.03837612554129299
2,35,Clinical only,0.03837612554129299
2,36,Clinical only,0.03837612554129299
2,37,Clinical only,0.03837612554129299
2,38,Clinical only,0.03837612554129299
2,39,Clinical only,0.03837612554129299
2,40,Clinical only,0.03837612554129299
2,41,Clinical only,0.03837612554129299
2,42,Clinical only,0.03837612554129299
2,43,Clinical only,0.03837612554129299
2,44,Clinical only,0.03837612554129299
2,45,Clinical only,0.03837612554129299
2,46,Clinical only,0.03837612554129299
2,47,Clinical only,0.03837612554129299
2,48,Clinical only,0.03837612554129299
2,49,Clinical only,0.03837612554129299
2,50,Clinical only,0.03837612554129299
2,51,Clinical only,0.03837612554129299
2,52,Clinical only,0.03837612554129299
2,53,Clinical only,0.03837612554129299
2,54,Clinical only,0.03837612554129299
2,55,Clinical only,0.03837612554129299
2,56,Clinical only,0.03837612554129299
2,57,Clinical only,0.03837612554129299
2,58,Clinical only,0.03837612554129299
2,59,Clinical only,0.03837612554129299
2,60,Clinical only,0.03837612554129299
2,61,Clinical only,0.03837612554129299
2,62,Clinical only,0.03837612554129299
2,63,Clinical only,0.03837612554129299
2,64,Clinical only,0.03837612554129299
2,65,Clinical only,0.03837612554129299
2,66,Clinical only,0.03837612554129299
2,67,Clinical only,0.03837612554129299
2,68,Clinical only,0.03837612554129299
2,69,Clinical only,0.03837612554129299
2,70,Clinical only,0.03837612554129299
2,71,Clinical only,0.03837612554129299
2,72,Clinical only,0.03837612554129299
2,73,Clinical only,0.03837612554129299
2,74,Clinical only,0.03837612554129299
2,75,Clinical only,0.03837612554129299
2,76,Clinical only,0.03837612554129299
2,77,Clinical only,0.03837612554129299
2,78,Clinical only,0.03837612554129299
2,79,Clinical only,0.03837612554129299
2,80,Clinical only,0.03837612554129299
2,81,Clinical only,0.03837612554129299
2,82,Clinical only,0.03837612554129299
2,83,Clinical only,0.03837612554129299
2,84,Clinical only,0.03837612554129299
2,85,Clinical only,0.03837612554129299
2,86,Clinical only,0.03837612554129299
2,87,Clinical only,0.03837612554129299
2,88,Clinical only,0.03837612554129299
2,89,Clinical only,0.03837612554129299
2,90,Clinical only,0.03837612554129299
2,91,Clinical only,0.03837612554129299
2,92,Clinical only,0.03837612554129299
2,93,Clinical only,0.03837612554129299
2,94,Clinical only,0.03837612554129299
2,95,Clinical only,0.03837612554129299
2,96,Clinical only,0.03837612554129299
2,97,Clinical only,0.03837612554129299
2,98,Clinical only,0.03837612554129299
2,99,Clinical only,0.03837612554129299
2,100,Clinical only,0.03837612554129299
2,101,Clinical only,0.03837612554129299
2,102,Clinical only,0.03837612554129299
2,103,Clinical only,0.03837612554129299
2,104,Clinical only,0.03837612554129299
2,105,Clinical only,0.03837612554129299
2,106,Clinical only,0.03837612554129299
2,107,Clinical only,0.03837612554129299
2,108,Clinical only,0.03837612554129299
2,109,Clinical only,0.03837612554129299
2,110,Clinical only,0.03837612554129299
2,111,Clinical only,0.03837612554129299
2,112,Clinical only,0.03837612554129299
2,113,Clinical only,0.03837612554129299
2,114,Clinical only,0.03837612554129299
2,115,Clinical only,0.03837612554129299
2,116,Clinical only,0.03837612554129299
2,117,Clinical only,0.03837612554129299
2,118,Clinical only,0.03837612554129299
2,119,Clinical only,0.03837612554129299
2,120,Clinical only,0.03837612554129299
2,121,Clinical only,0.03837612554129299
2,122,Clinical only,0.03837612554129299
2,123,Clinical only,0.03837612554129299
2,124,Clinical only,0.03837612554129299
2,125,Clinical only,0.03837612554129299
2,126,Clinical only,0.03837612554129299
2,127,Clinical only,0.03837612554129299
2,128,Clinical only,0.03837612554129299
2,129,Clinical only,0.03837612554129299
2,130,Clinical only,0.03837612554129299
2,131,Clinical only,0.03837612554129299
2,132,Clinical only,0.03837612554129299
2,133,Clinical only,0.03837612554129299
2,134,Clinical only,0.03837612554129299
2,135,Clinical only,0.03837612554129299
2,136,Clinical only,0.03837612554129299
2,137,Clinical only,0.03837612554129299
2,138,Clinical only,0.03837612554129299
2,139,Clinical only,0.03837612554129299
2,140,Clinical only,0.03837612554129299
2,141,Clinical only,0.03837612554129299
2,142,Clinical only,0.03837612554129299
2,143,Clinical only,0.03837612554129299
2,144,Clinical only,0.03837612554129299
2,145,Clinical only,0.03837612554129299
2,146,Clinical only,0.03837612554129299
2,147,Clinical only,0.03837612554129299
2,148,Clinical only,0.03837612554129299
2,1,Clin + Radiomics,0.03823095712406686
2,2,Clin + Radiomics,0.03823095712406686
2,3,Clin + Radiomics,0.03823095712406686
2,4,Clin + Radiomics,0.03823095712406686
2,5,Clin + Radiomics,0.03823095712406686
2,6,Clin + Radiomics,0.03823095712406686
2,7,Clin + Radiomics,0.03823095712406686
2,8,Clin + Radiomics,0.03823095712406686
2,9,Clin + Radiomics,0.03823095712406686
2,10,Clin + Radiomics,0.03823095712406686
2,11,Clin + Radiomics,0.03823095712406686
2,12,Clin + Radiomics,0.03823095712406686
2,13,Clin + Radiomics,0.03823095712406686
2,14,Clin + Radiomics,0.03823095712406686
2,15,Clin + Radiomics,0.03823095712406686
2,16,Clin + Radiomics,0.03823095712406686
2,17,Clin + Radiomics,0.03823095712406686
2,18,Clin + Radiomics,0.03823095712406686
2,19,Clin + Radiomics,0.03823095712406686
2,20,Clin + Radiomics,0.03823095712406686
2,21,Clin + Radiomics,0.03823095712406686
2,22,Clin + Radiomics,0.03823095712406686
2,23,Clin + Radiomics,0.03823095712406686
2,24,Clin + Radiomics,0.03823095712406686
2,25,Clin + Radiomics,0.03823095712406686
2,26,Clin + Radiomics,0.03823095712406686
2,27,Clin + Radiomics,0.03823095712406686
2,28,Clin + Radiomics,0.03823095712406686
2,29,Clin + Radiomics,0.03823095712406686
2,30,Clin + Radiomics,0.03823095712406686
2,31,Clin + Radiomics,0.03823095712406686
2,32,Clin + Radiomics,0.03823095712406686
2,33,Clin + Radiomics,0.03823095712406686
2,34,Clin + Radiomics,0.03823095712406686
2,35,Clin + Radiomics,0.03823095712406686
2,36,Clin + Radiomics,0.03823095712406686
2,37,Clin + Radiomics,0.03823095712406686
2,38,Clin + Radiomics,0.03823095712406686
2,39,Clin + Radiomics,0.03823095712406686
2,40,Clin + Radiomics,0.03823095712406686
2,41,Clin + Radiomics,0.03823095712406686
2,42,Clin + Radiomics,0.03823095712406686
2,43,Clin + Radiomics,0.03823095712406686
2,44,Clin + Radiomics,0.03823095712406686
2,45,Clin + Radiomics,0.03823095712406686
2,46,Clin + Radiomics,0.03823095712406686
2,47,Clin + Radiomics,0.03823095712406686
2,48,Clin + Radiomics,0.03823095712406686
2,49,Clin + Radiomics,0.03823095712406686
2,50,Clin + Radiomics,0.03823095712406686
2,51,Clin + Radiomics,0.03823095712406686
2,52,Clin + Radiomics,0.03823095712406686
2,53,Clin + Radiomics,0.03823095712406686
2,54,Clin + Radiomics,0.03823095712406686
2,55,Clin + Radiomics,0.03823095712406686
2,56,Clin + Radiomics,0.03823095712406686
2,57,Clin + Radiomics,0.03823095712406686
2,58,Clin + Radiomics,0.03823095712406686
2,59,Clin + Radiomics,0.03823095712406686
2,60,Clin + Radiomics,0.03823095712406686
2,61,Clin + Radiomics,0.03823095712406686
2,62,Clin + Radiomics,0.03823095712406686
2,63,Clin + Radiomics,0.03823095712406686
2,64,Clin + Radiomics,0.03823095712406686
2,65,Clin + Radiomics,0.03823095712406686
2,66,Clin + Radiomics,0.03823095712406686
2,67,Clin + Radiomics,0.03823095712406686
2,68,Clin + Radiomics,0.03823095712406686
2,69,Clin + Radiomics,0.03823095712406686
2,70,Clin + Radiomics,0.03823095712406686
2,71,Clin + Radiomics,0.03823095712406686
2,72,Clin + Radiomics,0.03823095712406686
2,73,Clin + Radiomics,0.03823095712406686
2,74,Clin + Radiomics,0.03823095712406686
2,75,Clin + Radiomics,0.03823095712406686
2,76,Clin + Radiomics,0.03823095712406686
2,77,Clin + Radiomics,0.03823095712406686
2,78,Clin + Radiomics,0.03823095712406686
2,79,Clin + Radiomics,0.03823095712406686
2,80,Clin + Radiomics,0.03823095712406686
2,81,Clin + Radiomics,0.03823095712406686
2,82,Clin + Radiomics,0.03823095712406686
2,83,Clin + Radiomics,0.03823095712406686
2,84,Clin + Radiomics,0.03823095712406686
2,85,Clin + Radiomics,0.03823095712406686
2,86,Clin + Radiomics,0.03823095712406686
2,87,Clin + Radiomics,0.03823095712406686
2,88,Clin + Radiomics,0.03823095712406686
2,89,Clin + Radiomics,0.03823095712406686
2,90,Clin + Radiomics,0.03823095712406686
2,91,Clin + Radiomics,0.03823095712406686
2,92,Clin + Radiomics,0.03823095712406686
2,93,Clin + Radiomics,0.03823095712406686
2,94,Clin + Radiomics,0.03823095712406686
2,95,Clin + Radiomics,0.03823095712406686
2,96,Clin + Radiomics,0.03823095712406686
2,97,Clin + Radiomics,0.03823095712406686
2,98,Clin + Radiomics,0.03823095712406686
2,99,Clin + Radiomics,0.03823095712406686
2,100,Clin + Radiomics,0.03823095712406686
2,101,Clin + Radiomics,0.03823095712406686
2,102,Clin + Radiomics,0.03823095712406686
2,103,Clin + Radiomics,0.03823095712406686
2,104,Clin + Radiomics,0.03823095712406686
2,105,Clin + Radiomics,0.03823095712406686
2,106,Clin + Radiomics,0.03823095712406686
2,107,Clin + Radiomics,0.03823095712406686
2,108,Clin + Radiomics,0.03823095712406686
2,109,Clin + Radiomics,0.03823095712406686
2,110,Clin + Radiomics,0.03823095712406686
2,111,Clin + Radiomics,0.03823095712406686
2,112,Clin + Radiomics,0.03823095712406686
2,113,Clin + Radiomics,0.03823095712406686
2,114,Clin + Radiomics,0.03823095712406686
2,115,Clin + Radiomics,0.03823095712406686
2,116,Clin + Radiomics,0.03823095712406686
2,117,Clin + Radiomics,0.03823095712406686
2,118,Clin + Radiomics,0.03823095712406686
2,119,Clin + Radiomics,0.03823095712406686
2,120,Clin + Radiomics,0.03823095712406686
2,121,Clin + Radiomics,0.03823095712406686
2,122,Clin + Radiomics,0.03823095712406686
2,123,Clin + Radiomics,0.03823095712406686
2,124,Clin + Radiomics,0.03823095712406686
2,125,Clin + Radiomics,0.03823095712406686
2,126,Clin + Radiomics,0.03823095712406686
2,127,Clin + Radiomics,0.03823095712406686
2,128,Clin + Radiomics,0.03823095712406686
2,129,Clin + Radiomics,0.03823095712406686
2,130,Clin + Radiomics,0.03823095712406686
2,131,Clin + Radiomics,0.03823095712406686
2,132,Clin + Radiomics,0.03823095712406686
2,133,Clin + Radiomics,0.03823095712406686
2,134,Clin + Radiomics,0.03823095712406686
2,135,Clin + Radiomics,0.03823095712406686
2,136,Clin + Radiomics,0.03823095712406686
2,137,Clin + Radiomics,0.03823095712406686
2,138,Clin + Radiomics,0.03823095712406686
2,139,Clin + Radiomics,0.03823095712406686
2,140,Clin + Radiomics,0.03823095712406686
2,141,Clin + Radiomics,0.03823095712406686
2,142,Clin + Radiomics,0.03823095712406686
2,143,Clin + Radiomics,0.03823095712406686
2,144,Clin + Radiomics,0.03823095712406686
2,145,Clin + Radiomics,0.03823095712406686
2,146,Clin + Radiomics,0.03823095712406686
2,147,Clin + Radiomics,0.03823095712406686
2,148,Clin + Radiomics,0.03823095712406686
2,1,Clin + BiomedCLIP,0.02612663349120948
2,2,Clin + BiomedCLIP,0.02612663349120948
2,3,Clin + BiomedCLIP,0.02612663349120948
2,4,Clin + BiomedCLIP,0.02612663349120948
2,5,Clin + BiomedCLIP,0.02612663349120948
2,6,Clin + BiomedCLIP,0.02612663349120948
2,7,Clin + BiomedCLIP,0.02612663349120948
2,8,Clin + BiomedCLIP,0.02612663349120948
2,9,Clin + BiomedCLIP,0.02612663349120948
2,10,Clin + BiomedCLIP,0.02612663349120948
2,11,Clin + BiomedCLIP,0.02612663349120948
2,12,Clin + BiomedCLIP,0.02612663349120948
2,13,Clin + BiomedCLIP,0.02612663349120948
2,14,Clin + BiomedCLIP,0.02612663349120948
2,15,Clin + BiomedCLIP,0.02612663349120948
2,16,Clin + BiomedCLIP,0.02612663349120948
2,17,Clin + BiomedCLIP,0.02612663349120948
2,18,Clin + BiomedCLIP,0.02612663349120948
2,19,Clin + BiomedCLIP,0.02612663349120948
2,20,Clin + BiomedCLIP,0.02612663349120948
2,21,Clin + BiomedCLIP,0.02612663349120948
2,22,Clin + BiomedCLIP,0.02612663349120948
2,23,Clin + BiomedCLIP,0.02612663349120948
2,24,Clin + BiomedCLIP,0.02612663349120948
2,25,Clin + BiomedCLIP,0.02612663349120948
2,26,Clin + BiomedCLIP,0.02612663349120948
2,27,Clin + BiomedCLIP,0.02612663349120948
2,28,Clin + BiomedCLIP,0.02612663349120948
2,29,Clin + BiomedCLIP,0.02612663349120948
2,30,Clin + BiomedCLIP,0.02612663349120948
2,31,Clin + BiomedCLIP,0.02612663349120948
2,32,Clin + BiomedCLIP,0.02612663349120948
2,33,Clin + BiomedCLIP,0.02612663349120948
2,34,Clin + BiomedCLIP,0.02612663349120948
2,35,Clin + BiomedCLIP,0.02612663349120948
2,36,Clin + BiomedCLIP,0.02612663349120948
2,37,Clin + BiomedCLIP,0.02612663349120948
2,38,Clin + BiomedCLIP,0.02612663349120948
2,39,Clin + BiomedCLIP,0.02612663349120948
2,40,Clin + BiomedCLIP,0.02612663349120948
2,41,Clin + BiomedCLIP,0.02612663349120948
2,42,Clin + BiomedCLIP,0.02612663349120948
2,43,Clin + BiomedCLIP,0.02612663349120948
2,44,Clin + BiomedCLIP,0.02612663349120948
2,45,Clin + BiomedCLIP,0.02612663349120948
2,46,Clin + BiomedCLIP,0.02612663349120948
2,47,Clin + BiomedCLIP,0.02612663349120948
2,48,Clin + BiomedCLIP,0.02612663349120948
2,49,Clin + BiomedCLIP,0.02612663349120948
2,50,Clin + BiomedCLIP,0.02612663349120948
2,51,Clin + BiomedCLIP,0.02612663349120948
2,52,Clin + BiomedCLIP,0.02612663349120948
2,53,Clin + BiomedCLIP,0.02612663349120948
2,54,Clin + BiomedCLIP,0.02612663349120948
2,55,Clin + BiomedCLIP,0.02612663349120948
2,56,Clin + BiomedCLIP,0.02612663349120948
2,57,Clin + BiomedCLIP,0.02612663349120948
2,58,Clin + BiomedCLIP,0.02612663349120948
2,59,Clin + BiomedCLIP,0.02612663349120948
2,60,Clin + BiomedCLIP,0.02612663349120948
2,61,Clin + BiomedCLIP,0.02612663349120948
2,62,Clin + BiomedCLIP,0.02612663349120948
2,63,Clin + BiomedCLIP,0.02612663349120948
2,64,Clin + BiomedCLIP,0.02612663349120948
2,65,Clin + BiomedCLIP,0.02612663349120948
2,66,Clin + BiomedCLIP,0.02612663349120948
2,67,Clin + BiomedCLIP,0.02612663349120948
2,68,Clin + BiomedCLIP,0.02612663349120948
2,69,Clin + BiomedCLIP,0.02612663349120948
2,70,Clin + BiomedCLIP,0.02612663349120948
2,71,Clin + BiomedCLIP,0.02612663349120948
2,72,Clin + BiomedCLIP,0.02612663349120948
2,73,Clin + BiomedCLIP,0.02612663349120948
2,74,Clin + BiomedCLIP,0.02612663349120948
2,75,Clin + BiomedCLIP,0.02612663349120948
2,76,Clin + BiomedCLIP,0.02612663349120948
2,77,Clin + BiomedCLIP,0.02612663349120948
2,78,Clin + BiomedCLIP,0.02612663349120948
2,79,Clin + BiomedCLIP,0.02612663349120948
2,80,Clin + BiomedCLIP,0.02612663349120948
2,81,Clin + BiomedCLIP,0.02612663349120948
2,82,Clin + BiomedCLIP,0.02612663349120948
2,83,Clin + BiomedCLIP,0.02612663349120948
2,84,Clin + BiomedCLIP,0.02612663349120948
2,85,Clin + BiomedCLIP,0.02612663349120948
2,86,Clin + BiomedCLIP,0.02612663349120948
2,87,Clin + BiomedCLIP,0.02612663349120948
2,88,Clin + BiomedCLIP,0.02612663349120948
2,89,Clin + BiomedCLIP,0.02612663349120948
2,90,Clin + BiomedCLIP,0.02612663349120948
2,91,Clin + BiomedCLIP,0.02612663349120948
2,92,Clin + BiomedCLIP,0.02612663349120948
2,93,Clin + BiomedCLIP,0.02612663349120948
2,94,Clin + BiomedCLIP,0.02612663349120948
2,95,Clin + BiomedCLIP,0.02612663349120948
2,96,Clin + BiomedCLIP,0.02612663349120948
2,97,Clin + BiomedCLIP,0.02612663349120948
2,98,Clin + BiomedCLIP,0.02612663349120948
2,99,Clin + BiomedCLIP,0.02612663349120948
2,100,Clin + BiomedCLIP,0.02612663349120948
2,101,Clin + BiomedCLIP,0.02612663349120948
2,102,Clin + BiomedCLIP,0.02612663349120948
2,103,Clin + BiomedCLIP,0.02612663349120948
2,104,Clin + BiomedCLIP,0.02612663349120948
2,105,Clin + BiomedCLIP,0.02612663349120948
2,106,Clin + BiomedCLIP,0.02612663349120948
2,107,Clin + BiomedCLIP,0.02612663349120948
2,108,Clin + BiomedCLIP,0.02612663349120948
2,109,Clin + BiomedCLIP,0.02612663349120948
2,110,Clin + BiomedCLIP,0.02612663349120948
2,111,Clin + BiomedCLIP,0.02612663349120948
2,112,Clin + BiomedCLIP,0.02612663349120948
2,113,Clin + BiomedCLIP,0.02612663349120948
2,114,Clin + BiomedCLIP,0.02612663349120948
2,115,Clin + BiomedCLIP,0.02612663349120948
2,116,Clin + BiomedCLIP,0.02612663349120948
2,117,Clin + BiomedCLIP,0.02612663349120948
2,118,Clin + BiomedCLIP,0.02612663349120948
2,119,Clin + BiomedCLIP,0.02612663349120948
2,120,Clin + BiomedCLIP,0.02612663349120948
2,121,Clin + BiomedCLIP,0.02612663349120948
2,122,Clin + BiomedCLIP,0.02612663349120948
2,123,Clin + BiomedCLIP,0.02612663349120948
2,124,Clin + BiomedCLIP,0.02612663349120948
2,125,Clin + BiomedCLIP,0.02612663349120948
2,126,Clin + BiomedCLIP,0.02612663349120948
2,127,Clin + BiomedCLIP,0.02612663349120948
2,128,Clin + BiomedCLIP,0.02612663349120948
2,129,Clin + BiomedCLIP,0.02612663349120948
2,130,Clin + BiomedCLIP,0.02612663349120948
2,131,Clin + BiomedCLIP,0.02612663349120948
2,132,Clin + BiomedCLIP,0.02612663349120948
2,133,Clin + BiomedCLIP,0.02612663349120948
2,134,Clin + BiomedCLIP,0.02612663349120948
2,135,Clin + BiomedCLIP,0.02612663349120948
2,136,Clin + BiomedCLIP,0.02612663349120948
2,137,Clin + BiomedCLIP,0.02612663349120948
2,138,Clin + BiomedCLIP,0.02612663349120948
2,139,Clin + BiomedCLIP,0.02612663349120948
2,140,Clin + BiomedCLIP,0.02612663349120948
2,141,Clin + BiomedCLIP,0.02612663349120948
2,142,Clin + BiomedCLIP,0.02612663349120948
2,143,Clin + BiomedCLIP,0.02612663349120948
2,144,Clin + BiomedCLIP,0.02612663349120948
2,145,Clin + BiomedCLIP,0.02612663349120948
2,146,Clin + BiomedCLIP,0.02612663349120948
2,147,Clin + BiomedCLIP,0.02612663349120948
2,148,Clin + BiomedCLIP,0.02612663349120948
2,1,Clin + RAD-DINO,0.023445318920690635
2,2,Clin + RAD-DINO,0.023445318920690635
2,3,Clin + RAD-DINO,0.023445318920690635
2,4,Clin + RAD-DINO,0.023445318920690635
2,5,Clin + RAD-DINO,0.023445318920690635
2,6,Clin + RAD-DINO,0.023445318920690635
2,7,Clin + RAD-DINO,0.023445318920690635
2,8,Clin + RAD-DINO,0.023445318920690635
2,9,Clin + RAD-DINO,0.023445318920690635
2,10,Clin + RAD-DINO,0.023445318920690635
2,11,Clin + RAD-DINO,0.023445318920690635
2,12,Clin + RAD-DINO,0.023445318920690635
2,13,Clin + RAD-DINO,0.023445318920690635
2,14,Clin + RAD-DINO,0.023445318920690635
2,15,Clin + RAD-DINO,0.023445318920690635
2,16,Clin + RAD-DINO,0.023445318920690635
2,17,Clin + RAD-DINO,0.023445318920690635
2,18,Clin + RAD-DINO,0.023445318920690635
2,19,Clin + RAD-DINO,0.023445318920690635
2,20,Clin + RAD-DINO,0.023445318920690635
2,21,Clin + RAD-DINO,0.023445318920690635
2,22,Clin + RAD-DINO,0.023445318920690635
2,23,Clin + RAD-DINO,0.023445318920690635
2,24,Clin + RAD-DINO,0.023445318920690635
2,25,Clin + RAD-DINO,0.023445318920690635
2,26,Clin + RAD-DINO,0.023445318920690635
2,27,Clin + RAD-DINO,0.023445318920690635
2,28,Clin + RAD-DINO,0.023445318920690635
2,29,Clin + RAD-DINO,0.023445318920690635
2,30,Clin + RAD-DINO,0.023445318920690635
2,31,Clin + RAD-DINO,0.023445318920690635
2,32,Clin + RAD-DINO,0.023445318920690635
2,33,Clin + RAD-DINO,0.023445318920690635
2,34,Clin + RAD-DINO,0.023445318920690635
2,35,Clin + RAD-DINO,0.023445318920690635
2,36,Clin + RAD-DINO,0.023445318920690635
2,37,Clin + RAD-DINO,0.023445318920690635
2,38,Clin + RAD-DINO,0.023445318920690635
2,39,Clin + RAD-DINO,0.023445318920690635
2,40,Clin + RAD-DINO,0.023445318920690635
2,41,Clin + RAD-DINO,0.023445318920690635
2,42,Clin + RAD-DINO,0.023445318920690635
2,43,Clin + RAD-DINO,0.023445318920690635
2,44,Clin + RAD-DINO,0.023445318920690635
2,45,Clin + RAD-DINO,0.023445318920690635
2,46,Clin + RAD-DINO,0.023445318920690635
2,47,Clin + RAD-DINO,0.023445318920690635
2,48,Clin + RAD-DINO,0.023445318920690635
2,49,Clin + RAD-DINO,0.023445318920690635
2,50,Clin + RAD-DINO,0.023445318920690635
2,51,Clin + RAD-DINO,0.023445318920690635
2,52,Clin + RAD-DINO,0.023445318920690635
2,53,Clin + RAD-DINO,0.023445318920690635
2,54,Clin + RAD-DINO,0.023445318920690635
2,55,Clin + RAD-DINO,0.023445318920690635
2,56,Clin + RAD-DINO,0.023445318920690635
2,57,Clin + RAD-DINO,0.023445318920690635
2,58,Clin + RAD-DINO,0.023445318920690635
2,59,Clin + RAD-DINO,0.023445318920690635
2,60,Clin + RAD-DINO,0.023445318920690635
2,61,Clin + RAD-DINO,0.023445318920690635
2,62,Clin + RAD-DINO,0.023445318920690635
2,63,Clin + RAD-DINO,0.023445318920690635
2,64,Clin + RAD-DINO,0.023445318920690635
2,65,Clin + RAD-DINO,0.023445318920690635
2,66,Clin + RAD-DINO,0.023445318920690635
2,67,Clin + RAD-DINO,0.023445318920690635
2,68,Clin + RAD-DINO,0.023445318920690635
2,69,Clin + RAD-DINO,0.023445318920690635
2,70,Clin + RAD-DINO,0.023445318920690635
2,71,Clin + RAD-DINO,0.023445318920690635
2,72,Clin + RAD-DINO,0.023445318920690635
2,73,Clin + RAD-DINO,0.023445318920690635
2,74,Clin + RAD-DINO,0.023445318920690635
2,75,Clin + RAD-DINO,0.023445318920690635
2,76,Clin + RAD-DINO,0.023445318920690635
2,77,Clin + RAD-DINO,0.023445318920690635
2,78,Clin + RAD-DINO,0.023445318920690635
2,79,Clin + RAD-DINO,0.023445318920690635
2,80,Clin + RAD-DINO,0.023445318920690635
2,81,Clin + RAD-DINO,0.023445318920690635
2,82,Clin + RAD-DINO,0.023445318920690635
2,83,Clin + RAD-DINO,0.023445318920690635
2,84,Clin + RAD-DINO,0.023445318920690635
2,85,Clin + RAD-DINO,0.023445318920690635
2,86,Clin + RAD-DINO,0.023445318920690635
2,87,Clin + RAD-DINO,0.023445318920690635
2,88,Clin + RAD-DINO,0.023445318920690635
2,89,Clin + RAD-DINO,0.023445318920690635
2,90,Clin + RAD-DINO,0.023445318920690635
2,91,Clin + RAD-DINO,0.023445318920690635
2,92,Clin + RAD-DINO,0.023445318920690635
2,93,Clin + RAD-DINO,0.023445318920690635
2,94,Clin + RAD-DINO,0.023445318920690635
2,95,Clin + RAD-DINO,0.023445318920690635
2,96,Clin + RAD-DINO,0.023445318920690635
2,97,Clin + RAD-DINO,0.023445318920690635
2,98,Clin + RAD-DINO,0.023445318920690635
2,99,Clin + RAD-DINO,0.023445318920690635
2,100,Clin + RAD-DINO,0.023445318920690635
2,101,Clin + RAD-DINO,0.023445318920690635
2,102,Clin + RAD-DINO,0.023445318920690635
2,103,Clin + RAD-DINO,0.023445318920690635
2,104,Clin + RAD-DINO,0.023445318920690635
2,105,Clin + RAD-DINO,0.023445318920690635
2,106,Clin + RAD-DINO,0.023445318920690635
2,107,Clin + RAD-DINO,0.023445318920690635
2,108,Clin + RAD-DINO,0.023445318920690635
2,109,Clin + RAD-DINO,0.023445318920690635
2,110,Clin + RAD-DINO,0.023445318920690635
2,111,Clin + RAD-DINO,0.023445318920690635
2,112,Clin + RAD-DINO,0.023445318920690635
2,113,Clin + RAD-DINO,0.023445318920690635
2,114,Clin + RAD-DINO,0.023445318920690635
2,115,Clin + RAD-DINO,0.023445318920690635
2,116,Clin + RAD-DINO,0.023445318920690635
2,117,Clin + RAD-DINO,0.023445318920690635
2,118,Clin + RAD-DINO,0.023445318920690635
2,119,Clin + RAD-DINO,0.023445318920690635
2,120,Clin + RAD-DINO,0.023445318920690635
2,121,Clin + RAD-DINO,0.023445318920690635
2,122,Clin + RAD-DINO,0.023445318920690635
2,123,Clin + RAD-DINO,0.023445318920690635
2,124,Clin + RAD-DINO,0.023445318920690635
2,125,Clin + RAD-DINO,0.023445318920690635
2,126,Clin + RAD-DINO,0.023445318920690635
2,127,Clin + RAD-DINO,0.023445318920690635
2,128,Clin + RAD-DINO,0.023445318920690635
2,129,Clin + RAD-DINO,0.023445318920690635
2,130,Clin + RAD-DINO,0.023445318920690635
2,131,Clin + RAD-DINO,0.023445318920690635
2,132,Clin + RAD-DINO,0.023445318920690635
2,133,Clin + RAD-DINO,0.023445318920690635
2,134,Clin + RAD-DINO,0.023445318920690635
2,135,Clin + RAD-DINO,0.023445318920690635
2,136,Clin + RAD-DINO,0.023445318920690635
2,137,Clin + RAD-DINO,0.023445318920690635
2,138,Clin + RAD-DINO,0.023445318920690635
2,139,Clin + RAD-DINO,0.023445318920690635
2,140,Clin + RAD-DINO,0.023445318920690635
2,141,Clin + RAD-DINO,0.023445318920690635
2,142,Clin + RAD-DINO,0.023445318920690635
2,143,Clin + RAD-DINO,0.023445318920690635
2,144,Clin + RAD-DINO,0.023445318920690635
2,145,Clin + RAD-DINO,0.023445318920690635
2,146,Clin + RAD-DINO,0.023445318920690635
2,147,Clin + RAD-DINO,0.023445318920690635
2,148,Clin + RAD-DINO,0.023445318920690635
2,1,Clin + Rad + BiomedCLIP,0.030821998393544336
2,2,Clin + Rad + BiomedCLIP,0.030821998393544336
2,3,Clin + Rad + BiomedCLIP,0.030821998393544336
2,4,Clin + Rad + BiomedCLIP,0.030821998393544336
2,5,Clin + Rad + BiomedCLIP,0.030821998393544336
2,6,Clin + Rad + BiomedCLIP,0.030821998393544336
2,7,Clin + Rad + BiomedCLIP,0.030821998393544336
2,8,Clin + Rad + BiomedCLIP,0.030821998393544336
2,9,Clin + Rad + BiomedCLIP,0.030821998393544336
2,10,Clin + Rad + BiomedCLIP,0.030821998393544336
2,11,Clin + Rad + BiomedCLIP,0.030821998393544336
2,12,Clin + Rad + BiomedCLIP,0.030821998393544336
2,13,Clin + Rad + BiomedCLIP,0.030821998393544336
2,14,Clin + Rad + BiomedCLIP,0.030821998393544336
2,15,Clin + Rad + BiomedCLIP,0.030821998393544336
2,16,Clin + Rad + BiomedCLIP,0.030821998393544336
2,17,Clin + Rad + BiomedCLIP,0.030821998393544336
2,18,Clin + Rad + BiomedCLIP,0.030821998393544336
2,19,Clin + Rad + BiomedCLIP,0.030821998393544336
2,20,Clin + Rad + BiomedCLIP,0.030821998393544336
2,21,Clin + Rad + BiomedCLIP,0.030821998393544336
2,22,Clin + Rad + BiomedCLIP,0.030821998393544336
2,23,Clin + Rad + BiomedCLIP,0.030821998393544336
2,24,Clin + Rad + BiomedCLIP,0.030821998393544336
2,25,Clin + Rad + BiomedCLIP,0.030821998393544336
2,26,Clin + Rad + BiomedCLIP,0.030821998393544336
2,27,Clin + Rad + BiomedCLIP,0.030821998393544336
2,28,Clin + Rad + BiomedCLIP,0.030821998393544336
2,29,Clin + Rad + BiomedCLIP,0.030821998393544336
2,30,Clin + Rad + BiomedCLIP,0.030821998393544336
2,31,Clin + Rad + BiomedCLIP,0.030821998393544336
2,32,Clin + Rad + BiomedCLIP,0.030821998393544336
2,33,Clin + Rad + BiomedCLIP,0.030821998393544336
2,34,Clin + Rad + BiomedCLIP,0.030821998393544336
2,35,Clin + Rad + BiomedCLIP,0.030821998393544336
2,36,Clin + Rad + BiomedCLIP,0.030821998393544336
2,37,Clin + Rad + BiomedCLIP,0.030821998393544336
2,38,Clin + Rad + BiomedCLIP,0.030821998393544336
2,39,Clin + Rad + BiomedCLIP,0.030821998393544336
2,40,Clin + Rad + BiomedCLIP,0.030821998393544336
2,41,Clin + Rad + BiomedCLIP,0.030821998393544336
2,42,Clin + Rad + BiomedCLIP,0.030821998393544336
2,43,Clin + Rad + BiomedCLIP,0.030821998393544336
2,44,Clin + Rad + BiomedCLIP,0.030821998393544336
2,45,Clin + Rad + BiomedCLIP,0.030821998393544336
2,46,Clin + Rad + BiomedCLIP,0.030821998393544336
2,47,Clin + Rad + BiomedCLIP,0.030821998393544336
2,48,Clin + Rad + BiomedCLIP,0.030821998393544336
2,49,Clin + Rad + BiomedCLIP,0.030821998393544336
2,50,Clin + Rad + BiomedCLIP,0.030821998393544336
2,51,Clin + Rad + BiomedCLIP,0.030821998393544336
2,52,Clin + Rad + BiomedCLIP,0.030821998393544336
2,53,Clin + Rad + BiomedCLIP,0.030821998393544336
2,54,Clin + Rad + BiomedCLIP,0.030821998393544336
2,55,Clin + Rad + BiomedCLIP,0.030821998393544336
2,56,Clin + Rad + BiomedCLIP,0.030821998393544336
2,57,Clin + Rad + BiomedCLIP,0.030821998393544336
2,58,Clin + Rad + BiomedCLIP,0.030821998393544336
2,59,Clin + Rad + BiomedCLIP,0.030821998393544336
2,60,Clin + Rad + BiomedCLIP,0.030821998393544336
2,61,Clin + Rad + BiomedCLIP,0.030821998393544336
2,62,Clin + Rad + BiomedCLIP,0.030821998393544336
2,63,Clin + Rad + BiomedCLIP,0.030821998393544336
2,64,Clin + Rad + BiomedCLIP,0.030821998393544336
2,65,Clin + Rad + BiomedCLIP,0.030821998393544336
2,66,Clin + Rad + BiomedCLIP,0.030821998393544336
2,67,Clin + Rad + BiomedCLIP,0.030821998393544336
2,68,Clin + Rad + BiomedCLIP,0.030821998393544336
2,69,Clin + Rad + BiomedCLIP,0.030821998393544336
2,70,Clin + Rad + BiomedCLIP,0.030821998393544336
2,71,Clin + Rad + BiomedCLIP,0.030821998393544336
2,72,Clin + Rad + BiomedCLIP,0.030821998393544336
2,73,Clin + Rad + BiomedCLIP,0.030821998393544336
2,74,Clin + Rad + BiomedCLIP,0.030821998393544336
2,75,Clin + Rad + BiomedCLIP,0.030821998393544336
2,76,Clin + Rad + BiomedCLIP,0.030821998393544336
2,77,Clin + Rad + BiomedCLIP,0.030821998393544336
2,78,Clin + Rad + BiomedCLIP,0.030821998393544336
2,79,Clin + Rad + BiomedCLIP,0.030821998393544336
2,80,Clin + Rad + BiomedCLIP,0.030821998393544336
2,81,Clin + Rad + BiomedCLIP,0.030821998393544336
2,82,Clin + Rad + BiomedCLIP,0.030821998393544336
2,83,Clin + Rad + BiomedCLIP,0.030821998393544336
2,84,Clin + Rad + BiomedCLIP,0.030821998393544336
2,85,Clin + Rad + BiomedCLIP,0.030821998393544336
2,86,Clin + Rad + BiomedCLIP,0.030821998393544336
2,87,Clin + Rad + BiomedCLIP,0.030821998393544336
2,88,Clin + Rad + BiomedCLIP,0.030821998393544336
2,89,Clin + Rad + BiomedCLIP,0.030821998393544336
2,90,Clin + Rad + BiomedCLIP,0.030821998393544336
2,91,Clin + Rad + BiomedCLIP,0.030821998393544336
2,92,Clin + Rad + BiomedCLIP,0.030821998393544336
2,93,Clin + Rad + BiomedCLIP,0.030821998393544336
2,94,Clin + Rad + BiomedCLIP,0.030821998393544336
2,95,Clin + Rad + BiomedCLIP,0.030821998393544336
2,96,Clin + Rad + BiomedCLIP,0.030821998393544336
2,97,Clin + Rad + BiomedCLIP,0.030821998393544336
2,98,Clin + Rad + BiomedCLIP,0.030821998393544336
2,99,Clin + Rad + BiomedCLIP,0.030821998393544336
2,100,Clin + Rad + BiomedCLIP,0.030821998393544336
2,101,Clin + Rad + BiomedCLIP,0.030821998393544336
2,102,Clin + Rad + BiomedCLIP,0.030821998393544336
2,103,Clin + Rad + BiomedCLIP,0.030821998393544336
2,104,Clin + Rad + BiomedCLIP,0.030821998393544336
2,105,Clin + Rad + BiomedCLIP,0.030821998393544336
2,106,Clin + Rad + BiomedCLIP,0.030821998393544336
2,107,Clin + Rad + BiomedCLIP,0.030821998393544336
2,108,Clin + Rad + BiomedCLIP,0.030821998393544336
2,109,Clin + Rad + BiomedCLIP,0.030821998393544336
2,110,Clin + Rad + BiomedCLIP,0.030821998393544336
2,111,Clin + Rad + BiomedCLIP,0.030821998393544336
2,112,Clin + Rad + BiomedCLIP,0.030821998393544336
2,113,Clin + Rad + BiomedCLIP,0.030821998393544336
2,114,Clin + Rad + BiomedCLIP,0.030821998393544336
2,115,Clin + Rad + BiomedCLIP,0.030821998393544336
2,116,Clin + Rad + BiomedCLIP,0.030821998393544336
2,117,Clin + Rad + BiomedCLIP,0.030821998393544336
2,118,Clin + Rad + BiomedCLIP,0.030821998393544336
2,119,Clin + Rad + BiomedCLIP,0.030821998393544336
2,120,Clin + Rad + BiomedCLIP,0.030821998393544336
2,121,Clin + Rad + BiomedCLIP,0.030821998393544336
2,122,Clin + Rad + BiomedCLIP,0.030821998393544336
2,123,Clin + Rad + BiomedCLIP,0.030821998393544336
2,124,Clin + Rad + BiomedCLIP,0.030821998393544336
2,125,Clin + Rad + BiomedCLIP,0.030821998393544336
2,126,Clin + Rad + BiomedCLIP,0.030821998393544336
2,127,Clin + Rad + BiomedCLIP,0.030821998393544336
2,128,Clin + Rad + BiomedCLIP,0.030821998393544336
2,129,Clin + Rad + BiomedCLIP,0.030821998393544336
2,130,Clin + Rad + BiomedCLIP,0.030821998393544336
2,131,Clin + Rad + BiomedCLIP,0.030821998393544336
2,132,Clin + Rad + BiomedCLIP,0.030821998393544336
2,133,Clin + Rad + BiomedCLIP,0.030821998393544336
2,134,Clin + Rad + BiomedCLIP,0.030821998393544336
2,135,Clin + Rad + BiomedCLIP,0.030821998393544336
2,136,Clin + Rad + BiomedCLIP,0.030821998393544336
2,137,Clin + Rad + BiomedCLIP,0.030821998393544336
2,138,Clin + Rad + BiomedCLIP,0.030821998393544336
2,139,Clin + Rad + BiomedCLIP,0.030821998393544336
2,140,Clin + Rad + BiomedCLIP,0.030821998393544336
2,141,Clin + Rad + BiomedCLIP,0.030821998393544336
2,142,Clin + Rad + BiomedCLIP,0.030821998393544336
2,143,Clin + Rad + BiomedCLIP,0.030821998393544336
2,144,Clin + Rad + BiomedCLIP,0.030821998393544336
2,145,Clin + Rad + BiomedCLIP,0.030821998393544336
2,146,Clin + Rad + BiomedCLIP,0.030821998393544336
2,147,Clin + Rad + BiomedCLIP,0.030821998393544336
2,148,Clin + Rad + BiomedCLIP,0.030821998393544336
2,1,Clin + Rad + RAD-DINO,0.02086086274365173
2,2,Clin + Rad + RAD-DINO,0.02086086274365173
2,3,Clin + Rad + RAD-DINO,0.02086086274365173
2,4,Clin + Rad + RAD-DINO,0.02086086274365173
2,5,Clin + Rad + RAD-DINO,0.02086086274365173
2,6,Clin + Rad + RAD-DINO,0.02086086274365173
2,7,Clin + Rad + RAD-DINO,0.02086086274365173
2,8,Clin + Rad + RAD-DINO,0.02086086274365173
2,9,Clin + Rad + RAD-DINO,0.02086086274365173
2,10,Clin + Rad + RAD-DINO,0.02086086274365173
2,11,Clin + Rad + RAD-DINO,0.02086086274365173
2,12,Clin + Rad + RAD-DINO,0.02086086274365173
2,13,Clin + Rad + RAD-DINO,0.02086086274365173
2,14,Clin + Rad + RAD-DINO,0.02086086274365173
2,15,Clin + Rad + RAD-DINO,0.02086086274365173
2,16,Clin + Rad + RAD-DINO,0.02086086274365173
2,17,Clin + Rad + RAD-DINO,0.02086086274365173
2,18,Clin + Rad + RAD-DINO,0.02086086274365173
2,19,Clin + Rad + RAD-DINO,0.02086086274365173
2,20,Clin + Rad + RAD-DINO,0.02086086274365173
2,21,Clin + Rad + RAD-DINO,0.02086086274365173
2,22,Clin + Rad + RAD-DINO,0.02086086274365173
2,23,Clin + Rad + RAD-DINO,0.02086086274365173
2,24,Clin + Rad + RAD-DINO,0.02086086274365173
2,25,Clin + Rad + RAD-DINO,0.02086086274365173
2,26,Clin + Rad + RAD-DINO,0.02086086274365173
2,27,Clin + Rad + RAD-DINO,0.02086086274365173
2,28,Clin + Rad + RAD-DINO,0.02086086274365173
2,29,Clin + Rad + RAD-DINO,0.02086086274365173
2,30,Clin + Rad + RAD-DINO,0.02086086274365173
2,31,Clin + Rad + RAD-DINO,0.02086086274365173
2,32,Clin + Rad + RAD-DINO,0.02086086274365173
2,33,Clin + Rad + RAD-DINO,0.02086086274365173
2,34,Clin + Rad + RAD-DINO,0.02086086274365173
2,35,Clin + Rad + RAD-DINO,0.02086086274365173
2,36,Clin + Rad + RAD-DINO,0.02086086274365173
2,37,Clin + Rad + RAD-DINO,0.02086086274365173
2,38,Clin + Rad + RAD-DINO,0.02086086274365173
2,39,Clin + Rad + RAD-DINO,0.02086086274365173
2,40,Clin + Rad + RAD-DINO,0.02086086274365173
2,41,Clin + Rad + RAD-DINO,0.02086086274365173
2,42,Clin + Rad + RAD-DINO,0.02086086274365173
2,43,Clin + Rad + RAD-DINO,0.02086086274365173
2,44,Clin + Rad + RAD-DINO,0.02086086274365173
2,45,Clin + Rad + RAD-DINO,0.02086086274365173
2,46,Clin + Rad + RAD-DINO,0.02086086274365173
2,47,Clin + Rad + RAD-DINO,0.02086086274365173
2,48,Clin + Rad + RAD-DINO,0.02086086274365173
2,49,Clin + Rad + RAD-DINO,0.02086086274365173
2,50,Clin + Rad + RAD-DINO,0.02086086274365173
2,51,Clin + Rad + RAD-DINO,0.02086086274365173
2,52,Clin + Rad + RAD-DINO,0.02086086274365173
2,53,Clin + Rad + RAD-DINO,0.02086086274365173
2,54,Clin + Rad + RAD-DINO,0.02086086274365173
2,55,Clin + Rad + RAD-DINO,0.02086086274365173
2,56,Clin + Rad + RAD-DINO,0.02086086274365173
2,57,Clin + Rad + RAD-DINO,0.02086086274365173
2,58,Clin + Rad + RAD-DINO,0.02086086274365173
2,59,Clin + Rad + RAD-DINO,0.02086086274365173
2,60,Clin + Rad + RAD-DINO,0.02086086274365173
2,61,Clin + Rad + RAD-DINO,0.02086086274365173
2,62,Clin + Rad + RAD-DINO,0.02086086274365173
2,63,Clin + Rad + RAD-DINO,0.02086086274365173
2,64,Clin + Rad + RAD-DINO,0.02086086274365173
2,65,Clin + Rad + RAD-DINO,0.02086086274365173
2,66,Clin + Rad + RAD-DINO,0.02086086274365173
2,67,Clin + Rad + RAD-DINO,0.02086086274365173
2,68,Clin + Rad + RAD-DINO,0.02086086274365173
2,69,Clin + Rad + RAD-DINO,0.02086086274365173
2,70,Clin + Rad + RAD-DINO,0.02086086274365173
2,71,Clin + Rad + RAD-DINO,0.02086086274365173
2,72,Clin + Rad + RAD-DINO,0.02086086274365173
2,73,Clin + Rad + RAD-DINO,0.02086086274365173
2,74,Clin + Rad + RAD-DINO,0.02086086274365173
2,75,Clin + Rad + RAD-DINO,0.02086086274365173
2,76,Clin + Rad + RAD-DINO,0.02086086274365173
2,77,Clin + Rad + RAD-DINO,0.02086086274365173
2,78,Clin + Rad + RAD-DINO,0.02086086274365173
2,79,Clin + Rad + RAD-DINO,0.02086086274365173
2,80,Clin + Rad + RAD-DINO,0.02086086274365173
2,81,Clin + Rad + RAD-DINO,0.02086086274365173
2,82,Clin + Rad + RAD-DINO,0.02086086274365173
2,83,Clin + Rad + RAD-DINO,0.02086086274365173
2,84,Clin + Rad + RAD-DINO,0.02086086274365173
2,85,Clin + Rad + RAD-DINO,0.02086086274365173
2,86,Clin + Rad + RAD-DINO,0.02086086274365173
2,87,Clin + Rad + RAD-DINO,0.02086086274365173
2,88,Clin + Rad + RAD-DINO,0.02086086274365173
2,89,Clin + Rad + RAD-DINO,0.02086086274365173
2,90,Clin + Rad + RAD-DINO,0.02086086274365173
2,91,Clin + Rad + RAD-DINO,0.02086086274365173
2,92,Clin + Rad + RAD-DINO,0.02086086274365173
2,93,Clin + Rad + RAD-DINO,0.02086086274365173
2,94,Clin + Rad + RAD-DINO,0.02086086274365173
2,95,Clin + Rad + RAD-DINO,0.02086086274365173
2,96,Clin + Rad + RAD-DINO,0.02086086274365173
2,97,Clin + Rad + RAD-DINO,0.02086086274365173
2,98,Clin + Rad + RAD-DINO,0.02086086274365173
2,99,Clin + Rad + RAD-DINO,0.02086086274365173
2,100,Clin + Rad + RAD-DINO,0.02086086274365173
2,101,Clin + Rad + RAD-DINO,0.02086086274365173
2,102,Clin + Rad + RAD-DINO,0.02086086274365173
2,103,Clin + Rad + RAD-DINO,0.02086086274365173
2,104,Clin + Rad + RAD-DINO,0.02086086274365173
2,105,Clin + Rad + RAD-DINO,0.02086086274365173
2,106,Clin + Rad + RAD-DINO,0.02086086274365173
2,107,Clin + Rad + RAD-DINO,0.02086086274365173
2,108,Clin + Rad + RAD-DINO,0.02086086274365173
2,109,Clin + Rad + RAD-DINO,0.02086086274365173
2,110,Clin + Rad + RAD-DINO,0.02086086274365173
2,111,Clin + Rad + RAD-DINO,0.02086086274365173
2,112,Clin + Rad + RAD-DINO,0.02086086274365173
2,113,Clin + Rad + RAD-DINO,0.02086086274365173
2,114,Clin + Rad + RAD-DINO,0.02086086274365173
2,115,Clin + Rad + RAD-DINO,0.02086086274365173
2,116,Clin + Rad + RAD-DINO,0.02086086274365173
2,117,Clin + Rad + RAD-DINO,0.02086086274365173
2,118,Clin + Rad + RAD-DINO,0.02086086274365173
2,119,Clin + Rad + RAD-DINO,0.02086086274365173
2,120,Clin + Rad + RAD-DINO,0.02086086274365173
2,121,Clin + Rad + RAD-DINO,0.02086086274365173
2,122,Clin + Rad + RAD-DINO,0.02086086274365173
2,123,Clin + Rad + RAD-DINO,0.02086086274365173
2,124,Clin + Rad + RAD-DINO,0.02086086274365173
2,125,Clin + Rad + RAD-DINO,0.02086086274365173
2,126,Clin + Rad + RAD-DINO,0.02086086274365173
2,127,Clin + Rad + RAD-DINO,0.02086086274365173
2,128,Clin + Rad + RAD-DINO,0.02086086274365173
2,129,Clin + Rad + RAD-DINO,0.02086086274365173
2,130,Clin + Rad + RAD-DINO,0.02086086274365173
2,131,Clin + Rad + RAD-DINO,0.02086086274365173
2,132,Clin + Rad + RAD-DINO,0.02086086274365173
2,133,Clin + Rad + RAD-DINO,0.02086086274365173
2,134,Clin + Rad + RAD-DINO,0.02086086274365173
2,135,Clin + Rad + RAD-DINO,0.02086086274365173
2,136,Clin + Rad + RAD-DINO,0.02086086274365173
2,137,Clin + Rad + RAD-DINO,0.02086086274365173
2,138,Clin + Rad + RAD-DINO,0.02086086274365173
2,139,Clin + Rad + RAD-DINO,0.02086086274365173
2,140,Clin + Rad + RAD-DINO,0.02086086274365173
2,141,Clin + Rad + RAD-DINO,0.02086086274365173
2,142,Clin + Rad + RAD-DINO,0.02086086274365173
2,143,Clin + Rad + RAD-DINO,0.02086086274365173
2,144,Clin + Rad + RAD-DINO,0.02086086274365173
2,145,Clin + Rad + RAD-DINO,0.02086086274365173
2,146,Clin + Rad + RAD-DINO,0.02086086274365173
2,147,Clin + Rad + RAD-DINO,0.02086086274365173
2,148,Clin + Rad + RAD-DINO,0.02086086274365173
3,1,Clinical only,0.058673722162665115
3,2,Clinical only,0.041448023539654835
3,3,Clinical only,0.056014088970391875
3,4,Clinical only,0.049948672917121247
3,5,Clinical only,0.11005015376651298
3,6,Clinical only,0.04161588724719942
3,7,Clinical only,0.08193965249508357
3,8,Clinical only,0.08015634291183556
3,9,Clinical only,0.10969445129882785
3,10,Clinical only,0.058673722162665115
3,11,Clinical only,0.10663096096872095
3,12,Clinical only,0.06252188324404138
3,13,Clinical only,0.04085172883832787
3,14,Clinical only,0.08519908630652956
3,15,Clinical only,0.07549018639390348
3,16,Clinical only,0.034766754706447814
3,17,Clinical only,0.03972619791445651
3,18,Clinical only,0.08297325035612642
3,19,Clinical only,0.046590858056302614
3,20,Clinical only,0.034766754706447814
3,21,Clinical only,0.08282725972947345
3,22,Clinical only,0.07683432623958572
3,23,Clinical only,0.034766754706447814
3,24,Clinical only,0.03972619791445651
3,25,Clinical only,0.11033888711518741
3,26,Clinical only,0.061770097255600155
3,27,Clinical only,0.11033888711518741
3,28,Clinical only,0.058140076943144825
3,29,Clinical only,0.07454139172187028
3,30,Clinical only,0.053925142899430865
3,31,Clinical only,0.07919779924061872
3,32,Clinical only,0.08696843212079927
3,33,Clinical only,0.07208635173051049
3,34,Clinical only,0.10615935479452544
3,35,Clinical only,0.09338683545263268
3,36,Clinical only,0.05792233475262476
3,37,Clinical only,0.07031268424865368
3,38,Clinical only,0.08572219743403706
3,39,Clinical only,0.06453578038391335
3,40,Clinical only,0.049948672917121247
3,41,Clinical only,0.07612978637130899
3,42,Clinical only,0.08031513029954761
3,43,Clinical only,0.04338361216811995
3,44,Clinical only,0.08572219743403706
3,45,Clinical only,0.061938034230418305
3,46,Clinical only,0.08572219743403706
3,47,Clinical only,0.08297325035612642
3,48,Clinical only,0.08572219743403706
3,49,Clinical only,0.08643992481790756
3,50,Clinical only,0.06252188324404138
3,51,Clinical only,0.03838737413612817
3,52,Clinical only,0.06252188324404138
3,53,Clinical only,0.10969445129882785
3,54,Clinical only,0.05214471827941709
3,55,Clinical only,0.056743761597047936
3,56,Clinical only,0.06938700556563066
3,57,Clinical only,0.057428871667934395
3,58,Clinical only,0.0849757608047782
3,59,Clinical only,0.07612978637130899
3,60,Clinical only,0.06439895611110547
3,61,Clinical only,0.1011246705548616
3,62,Clinical only,0.058140076943144825
3,63,Clinical only,0.06252188324404138
3,64,Clinical only,0.07549018639390348
3,65,Clinical only,0.0776047128388632
3,66,Clinical only,0.0849757608047782
3,67,Clinical only,0.034766754706447814
3,68,Clinical only,0.06895235701698323
3,69,Clinical only,0.057428871667934395
3,70,Clinical only,0.10935844122311018
3,71,Clinical only,0.034766754706447814
3,72,Clinical only,0.058673722162665115
3,73,Clinical only,0.11005015376651298
3,74,Clinical only,0.08643992481790756
3,75,Clinical only,0.0749250568027936
3,76,Clinical only,0.08643992481790756
3,77,Clinical only,0.10583466389138746
3,78,Clinical only,0.06252188324404138
3,79,Clinical only,0.09479839003031847
3,80,Clinical only,0.04667589263870122
3,81,Clinical only,0.08572219743403706
3,82,Clinical only,0.10686924541858951
3,83,Clinical only,0.08643992481790756
3,84,Clinical only,0.053862909692592074
3,85,Clinical only,0.04736021782103778
3,86,Clinical only,0.06252188324404138
3,87,Clinical only,0.08111122098819468
3,88,Clinical only,0.07703913954562629
3,89,Clinical only,0.05476184293692072
3,90,Clinical only,0.07549018639390348
3,91,Clinical only,0.03400943161915193
3,92,Clinical only,0.07900034141141907
3,93,Clinical only,0.10663096096872095
3,94,Clinical only,0.07998309396441781
3,95,Clinical only,0.11005015376651298
3,96,Clinical only,0.08680698844839563
3,97,Clinical only,0.054981434655555605
3,98,Clinical only,0.08661303508249661
3,99,Clinical only,0.08519908630652956
3,100,Clinical only,0.07172971085060778
3,101,Clinical only,0.07921960880403026
3,102,Clinical only,0.034766754706447814
3,103,Clinical only,0.034766754706447814
3,104,Clinical only,0.08175499182946822
3,105,Clinical only,0.0701540574477948
3,106,Clinical only,0.06252188324404138
3,107,Clinical only,0.03340640182124044
3,108,Clinical only,0.0765060213393081
3,109,Clinical only,0.057428871667934395
3,110,Clinical only,0.034766754706447814
3,111,Clinical only,0.06757996015955041
3,112,Clinical only,0.055308047811092755
3,113,Clinical only,0.07784145696402
3,114,Clinical only,0.04161588724719942
3,115,Clinical only,0.1053081499562428
3,116,Clinical only,0.04431565919750696
3,117,Clinical only,0.10663096096872095
3,118,Clinical only,0.05942001479709076
3,119,Clinical only,0.06770678168905948
3,120,Clinical only,0.04099366234279458
3,121,Clinical only,0.06252188324404138
3,122,Clinical only,0.07094999210496687
3,123,Clinical only,0.06313061992892992
3,124,Clinical only,0.10475837274336627
3,125,Clinical only,0.08572219743403706
3,126,Clinical only,0.03972619791445651
3,127,Clinical only,0.10542180391298284
3,128,Clinical only,0.06377685733453027
3,129,Clinical only,0.07816186450521295
3,130,Clinical only,0.07587534687832113
3,131,Clinical only,0.058673722162665115
3,132,Clinical only,0.07031268424865368
3,133,Clinical only,0.053925142899430865
3,134,Clinical only,0.09313310242949835
3,135,Clinical only,0.0811492077293534
3,136,Clinical only,0.05081991959054429
3,137,Clinical only,0.08643992481790756
3,138,Clinical only,0.04161588724719942
3,139,Clinical only,0.07921960880403026
3,140,Clinical only,0.08643992481790756
3,141,Clinical only,0.07884900521631925
3,142,Clinical only,0.06075288008480599
3,143,Clinical only,0.058673722162665115
3,144,Clinical only,0.04519344452634454
3,145,Clinical only,0.04451302130725915
3,146,Clinical only,0.0849757608047782
3,147,Clinical only,0.06506126023613511
3,148,Clinical only,0.07587534687832113
3,1,Clin + Radiomics,0.08078630605715625
3,2,Clin + Radiomics,0.07188618056338156
3,3,Clin + Radiomics,0.08975816177440012
3,4,Clin + Radiomics,0.06316261415538191
3,5,Clin + Radiomics,0.077200629743396
3,6,Clin + Radiomics,0.09235392631967891
3,7,Clin + Radiomics,0.10964602289799014
3,8,Clin + Radiomics,0.10232459871815837
3,9,Clin + Radiomics,0.1074024817400487
3,10,Clin + Radiomics,0.11283963840365113
3,11,Clin + Radiomics,0.11784371546756542
3,12,Clin + Radiomics,0.10963276927973319
3,13,Clin + Radiomics,0.0903451167145555
3,14,Clin + Radiomics,0.09925783030102583
3,15,Clin + Radiomics,0.08494016481391464
3,16,Clin + Radiomics,0.05966053046186534
3,17,Clin + Radiomics,0.10634837343664057
3,18,Clin + Radiomics,0.09500974214380582
3,19,Clin + Radiomics,0.08097022747300726
3,20,Clin + Radiomics,0.08192188709812176
3,21,Clin + Radiomics,0.07936489564673542
3,22,Clin + Radiomics,0.08010982211540282
3,23,Clin + Radiomics,0.06810714365910739
3,24,Clin + Radiomics,0.11860398471867224
3,25,Clin + Radiomics,0.08760086097718749
3,26,Clin + Radiomics,0.09813174758499166
3,27,Clin + Radiomics,0.07868515664258668
3,28,Clin + Radiomics,0.11216876494467264
3,29,Clin + Radiomics,0.08623460958869805
3,30,Clin + Radiomics,0.0849345730963536
3,31,Clin + Radiomics,0.09881358133572915
3,32,Clin + Radiomics,0.09137252678674562
3,33,Clin + Radiomics,0.10335442573644797
3,34,Clin + Radiomics,0.10398745487729999
3,35,Clin + Radiomics,0.1294949740788337
3,36,Clin + Radiomics,0.09291007127874325
3,37,Clin + Radiomics,0.07591240703727088
3,38,Clin + Radiomics,0.12042335688274024
3,39,Clin + Radiomics,0.09444846099310773
3,40,Clin + Radiomics,0.07841927863895164
3,41,Clin + Radiomics,0.07697755751852839
3,42,Clin + Radiomics,0.08695290013022479
3,43,Clin + Radiomics,0.114513115633547
3,44,Clin + Radiomics,0.08755066533133278
3,45,Clin + Radiomics,0.10427298867245047
3,46,Clin + Radiomics,0.09486140710901265
3,47,Clin + Radiomics,0.07466970248937696
3,48,Clin + Radiomics,0.0856934305261404
3,49,Clin + Radiomics,0.08210731200743909
3,50,Clin + Radiomics,0.10966890413960574
3,51,Clin + Radiomics,0.08441931289045956
3,52,Clin + Radiomics,0.09665217573784868
3,53,Clin + Radiomics,0.1166528845932866
3,54,Clin + Radiomics,0.0789909223293725
3,55,Clin + Radiomics,0.09347673366477151
3,56,Clin + Radiomics,0.07987736615178781
3,57,Clin + Radiomics,0.0859995694867988
3,58,Clin + Radiomics,0.09311096688319043
3,59,Clin + Radiomics,0.08225966613871953
3,60,Clin + Radiomics,0.1275505343660706
3,61,Clin + Radiomics,0.11173009524974561
3,62,Clin + Radiomics,0.11579779857237317
3,63,Clin + Radiomics,0.13075072065933127
3,64,Clin + Radiomics,0.078578985466018
3,65,Clin + Radiomics,0.05374436057922616
3,66,Clin + Radiomics,0.10521253924729539
3,67,Clin + Radiomics,0.0675685948217008
3,68,Clin + Radiomics,0.1022938588907176
3,69,Clin + Radiomics,0.09023561052850376
3,70,Clin + Radiomics,0.0793848131288556
3,71,Clin + Radiomics,0.08832153421358506
3,72,Clin + Radiomics,0.09961674270820761
3,73,Clin + Radiomics,0.06311696529275272
3,74,Clin + Radiomics,0.08187098261853801
3,75,Clin + Radiomics,0.0916854622934356
3,76,Clin + Radiomics,0.08710128254160766
3,77,Clin + Radiomics,0.07932470763254341
3,78,Clin + Radiomics,0.10256106368840355
3,79,Clin + Radiomics,0.0780913035284563
3,80,Clin + Radiomics,0.07788207576230378
3,81,Clin + Radiomics,0.09031487341467895
3,82,Clin + Radiomics,0.09683126079897139
3,83,Clin + Radiomics,0.0811356168830642
3,84,Clin + Radiomics,0.08337423238042052
3,85,Clin + Radiomics,0.06553600229785514
3,86,Clin + Radiomics,0.09761727804441349
3,87,Clin + Radiomics,0.09989508674287
3,88,Clin + Radiomics,0.09954821799606961
3,89,Clin + Radiomics,0.09734636785936983
3,90,Clin + Radiomics,0.0992193543756676
3,91,Clin + Radiomics,0.10178694382327778
3,92,Clin + Radiomics,0.10397135450299538
3,93,Clin + Radiomics,0.08752866265494005
3,94,Clin + Radiomics,0.09495773818505215
3,95,Clin + Radiomics,0.08210457033876789
3,96,Clin + Radiomics,0.09277786310050438
3,97,Clin + Radiomics,0.07612360307737716
3,98,Clin + Radiomics,0.11051812432630777
3,99,Clin + Radiomics,0.08439647493907552
3,100,Clin + Radiomics,0.10040465277968971
3,101,Clin + Radiomics,0.08125010214500676
3,102,Clin + Radiomics,0.09945354640372465
3,103,Clin + Radiomics,0.10047890156966058
3,104,Clin + Radiomics,0.08160729575665435
3,105,Clin + Radiomics,0.08633921447017676
3,106,Clin + Radiomics,0.11147719140351843
3,107,Clin + Radiomics,0.06863267507275433
3,108,Clin + Radiomics,0.07683150913623112
3,109,Clin + Radiomics,0.09687728583135037
3,110,Clin + Radiomics,0.07750938797863424
3,111,Clin + Radiomics,0.08048754753676952
3,112,Clin + Radiomics,0.07298870912561743
3,113,Clin + Radiomics,0.1132259685079767
3,114,Clin + Radiomics,0.10545713555668015
3,115,Clin + Radiomics,0.0924572259533549
3,116,Clin + Radiomics,0.06899286907885684
3,117,Clin + Radiomics,0.09415657627293361
3,118,Clin + Radiomics,0.07023870873381642
3,119,Clin + Radiomics,0.10200002905538397
3,120,Clin + Radiomics,0.11132287818680472
3,121,Clin + Radiomics,0.10749193179644623
3,122,Clin + Radiomics,0.09074354749625303
3,123,Clin + Radiomics,0.08695864964942572
3,124,Clin + Radiomics,0.11474392842581571
3,125,Clin + Radiomics,0.11686545259182347
3,126,Clin + Radiomics,0.08558579322904522
3,127,Clin + Radiomics,0.08210832838035859
3,128,Clin + Radiomics,0.08646449454875989
3,129,Clin + Radiomics,0.10546807660136245
3,130,Clin + Radiomics,0.07498618506537996
3,131,Clin + Radiomics,0.0776925405358467
3,132,Clin + Radiomics,0.08835910346475769
3,133,Clin + Radiomics,0.07396486347422415
3,134,Clin + Radiomics,0.11568851075969622
3,135,Clin + Radiomics,0.06960224076059848
3,136,Clin + Radiomics,0.08000228154737438
3,137,Clin + Radiomics,0.07852086163007659
3,138,Clin + Radiomics,0.10903045603826797
3,139,Clin + Radiomics,0.08049211122805834
3,140,Clin + Radiomics,0.09831661867970462
3,141,Clin + Radiomics,0.08109916706381538
3,142,Clin + Radiomics,0.057512744150429264
3,143,Clin + Radiomics,0.1075693180316244
3,144,Clin + Radiomics,0.08987810036150573
3,145,Clin + Radiomics,0.08185221328342614
3,146,Clin + Radiomics,0.10917820329889229
3,147,Clin + Radiomics,0.09017071994385827
3,148,Clin + Radiomics,0.07879118074149961
3,1,Clin + BiomedCLIP,0.11107521534336964
3,2,Clin + BiomedCLIP,0.08855250076011528
3,3,Clin + BiomedCLIP,0.07051657469395316
3,4,Clin + BiomedCLIP,0.08152398666461283
3,5,Clin + BiomedCLIP,0.08397783984372481
3,6,Clin + BiomedCLIP,0.07408735877429136
3,7,Clin + BiomedCLIP,0.09651488457446361
3,8,Clin + BiomedCLIP,0.07499412227570909
3,9,Clin + BiomedCLIP,0.09578636243721615
3,10,Clin + BiomedCLIP,0.1146240112799587
3,11,Clin + BiomedCLIP,0.10390700024608095
3,12,Clin + BiomedCLIP,0.08819628685272142
3,13,Clin + BiomedCLIP,0.08613887177853036
3,14,Clin + BiomedCLIP,0.09409508972128866
3,15,Clin + BiomedCLIP,0.07590250456355667
3,16,Clin + BiomedCLIP,0.09150325162011061
3,17,Clin + BiomedCLIP,0.09685419835442396
3,18,Clin + BiomedCLIP,0.0846570261232431
3,19,Clin + BiomedCLIP,0.0893080068641097
3,20,Clin + BiomedCLIP,0.09532525240374626
3,21,Clin + BiomedCLIP,0.08534256271694057
3,22,Clin + BiomedCLIP,0.11336631562213105
3,23,Clin + BiomedCLIP,0.0848835321610006
3,24,Clin + BiomedCLIP,0.09914563681832915
3,25,Clin + BiomedCLIP,0.11224675173311258
3,26,Clin + BiomedCLIP,0.10415349653541246
3,27,Clin + BiomedCLIP,0.08524690712752943
3,28,Clin + BiomedCLIP,0.08079068194061817
3,29,Clin + BiomedCLIP,0.05865155815342254
3,30,Clin + BiomedCLIP,0.07866419043784904
3,31,Clin + BiomedCLIP,0.09596802029951274
3,32,Clin + BiomedCLIP,0.08647879854414475
3,33,Clin + BiomedCLIP,0.07506474255347594
3,34,Clin + BiomedCLIP,0.08618452124411341
3,35,Clin + BiomedCLIP,0.10948469781293518
3,36,Clin + BiomedCLIP,0.0826594126439408
3,37,Clin + BiomedCLIP,0.09099577762084148
3,38,Clin + BiomedCLIP,0.10898006437149779
3,39,Clin + BiomedCLIP,0.09940504175491585
3,40,Clin + BiomedCLIP,0.07727992097904664
3,41,Clin + BiomedCLIP,0.09345410897621034
3,42,Clin + BiomedCLIP,0.09782945113288212
3,43,Clin + BiomedCLIP,0.10740692595337566
3,44,Clin + BiomedCLIP,0.0917100812560326
3,45,Clin + BiomedCLIP,0.11104271343623995
3,46,Clin + BiomedCLIP,0.07267771861208988
3,47,Clin + BiomedCLIP,0.07767757144873089
3,48,Clin + BiomedCLIP,0.09936435109842309
3,49,Clin + BiomedCLIP,0.09497359670757223
3,50,Clin + BiomedCLIP,0.09084356230163679
3,51,Clin + BiomedCLIP,0.10302221711744107
3,52,Clin + BiomedCLIP,0.11349274440042668
3,53,Clin + BiomedCLIP,0.10140688658976935
3,54,Clin + BiomedCLIP,0.08769201839652228
3,55,Clin + BiomedCLIP,0.08119562794548124
3,56,Clin + BiomedCLIP,0.08354435910314098
3,57,Clin + BiomedCLIP,0.09480432479272055
3,58,Clin + BiomedCLIP,0.09383667111687512
3,59,Clin + BiomedCLIP,0.10226515382291784
3,60,Clin + BiomedCLIP,0.11912937516410935
3,61,Clin + BiomedCLIP,0.11964436458551349
3,62,Clin + BiomedCLIP,0.11546716355031231
3,63,Clin + BiomedCLIP,0.11084181241588316
3,64,Clin + BiomedCLIP,0.08546700251325938
3,65,Clin + BiomedCLIP,0.07188345258352202
3,66,Clin + BiomedCLIP,0.1041079011486911
3,67,Clin + BiomedCLIP,0.11571387795299151
3,68,Clin + BiomedCLIP,0.12087458117573635
3,69,Clin + BiomedCLIP,0.10069173158353968
3,70,Clin + BiomedCLIP,0.06592050398781615
3,71,Clin + BiomedCLIP,0.08871298818440347
3,72,Clin + BiomedCLIP,0.09386431595369349
3,73,Clin + BiomedCLIP,0.11139207969422263
3,74,Clin + BiomedCLIP,0.09556295428715361
3,75,Clin + BiomedCLIP,0.0885456581544696
3,76,Clin + BiomedCLIP,0.1029616035684083
3,77,Clin + BiomedCLIP,0.08357569038043375
3,78,Clin + BiomedCLIP,0.09997879548356085
3,79,Clin + BiomedCLIP,0.09532443489515449
3,80,Clin + BiomedCLIP,0.0776049814956568
3,81,Clin + BiomedCLIP,0.1000881857220085
3,82,Clin + BiomedCLIP,0.10508056551752709
3,83,Clin + BiomedCLIP,0.08654189480528167
3,84,Clin + BiomedCLIP,0.10207108017464851
3,85,Clin + BiomedCLIP,0.06820266244920192
3,86,Clin + BiomedCLIP,0.11467585036576833
3,87,Clin + BiomedCLIP,0.1062513574435031
3,88,Clin + BiomedCLIP,0.08909414787128848
3,89,Clin + BiomedCLIP,0.08185720123617252
3,90,Clin + BiomedCLIP,0.09376520147160276
3,91,Clin + BiomedCLIP,0.08885509621948215
3,92,Clin + BiomedCLIP,0.10480783815761857
3,93,Clin + BiomedCLIP,0.11012182920663453
3,94,Clin + BiomedCLIP,0.07936539739486564
3,95,Clin + BiomedCLIP,0.0959667413919039
3,96,Clin + BiomedCLIP,0.10363760631495272
3,97,Clin + BiomedCLIP,0.09037194993657338
3,98,Clin + BiomedCLIP,0.08835875214031957
3,99,Clin + BiomedCLIP,0.096159078827989
3,100,Clin + BiomedCLIP,0.08943458485867406
3,101,Clin + BiomedCLIP,0.0870686407306777
3,102,Clin + BiomedCLIP,0.09063485227767328
3,103,Clin + BiomedCLIP,0.07927645017634935
3,104,Clin + BiomedCLIP,0.07097642277733947
3,105,Clin + BiomedCLIP,0.08510824021428459
3,106,Clin + BiomedCLIP,0.11801950522022145
3,107,Clin + BiomedCLIP,0.06631989836751856
3,108,Clin + BiomedCLIP,0.07064632769759557
3,109,Clin + BiomedCLIP,0.0984538370486633
3,110,Clin + BiomedCLIP,0.07979712343683235
3,111,Clin + BiomedCLIP,0.08226525975572578
3,112,Clin + BiomedCLIP,0.07958706061666904
3,113,Clin + BiomedCLIP,0.09525607863925703
3,114,Clin + BiomedCLIP,0.09477391356322835
3,115,Clin + BiomedCLIP,0.09546100373577782
3,116,Clin + BiomedCLIP,0.10120754635073191
3,117,Clin + BiomedCLIP,0.09593152756465502
3,118,Clin + BiomedCLIP,0.09503267770009409
3,119,Clin + BiomedCLIP,0.1055389370977577
3,120,Clin + BiomedCLIP,0.10126478948710158
3,121,Clin + BiomedCLIP,0.09581616434901255
3,122,Clin + BiomedCLIP,0.07820607105875639
3,123,Clin + BiomedCLIP,0.10817404073041909
3,124,Clin + BiomedCLIP,0.09904499240878212
3,125,Clin + BiomedCLIP,0.11379812414690708
3,126,Clin + BiomedCLIP,0.08258796761986555
3,127,Clin + BiomedCLIP,0.076705671864764
3,128,Clin + BiomedCLIP,0.09416551817655053
3,129,Clin + BiomedCLIP,0.09719103417092864
3,130,Clin + BiomedCLIP,0.07920714025736326
3,131,Clin + BiomedCLIP,0.08563844554533734
3,132,Clin + BiomedCLIP,0.08853404423805747
3,133,Clin + BiomedCLIP,0.11661998700842878
3,134,Clin + BiomedCLIP,0.1002370725198334
3,135,Clin + BiomedCLIP,0.10513281430307514
3,136,Clin + BiomedCLIP,0.10021267002508852
3,137,Clin + BiomedCLIP,0.06841660112468786
3,138,Clin + BiomedCLIP,0.10064196520455765
3,139,Clin + BiomedCLIP,0.0844820534256137
3,140,Clin + BiomedCLIP,0.08649728959727962
3,141,Clin + BiomedCLIP,0.0978474431900512
3,142,Clin + BiomedCLIP,0.08060977302739951
3,143,Clin + BiomedCLIP,0.08754748969095699
3,144,Clin + BiomedCLIP,0.08685951946470874
3,145,Clin + BiomedCLIP,0.061163019095909654
3,146,Clin + BiomedCLIP,0.11317775577239891
3,147,Clin + BiomedCLIP,0.08026260030375842
3,148,Clin + BiomedCLIP,0.09171884976527066
3,1,Clin + RAD-DINO,0.07795725762349594
3,2,Clin + RAD-DINO,0.08323396397372146
3,3,Clin + RAD-DINO,0.09695364195628124
3,4,Clin + RAD-DINO,0.08428954955775506
3,5,Clin + RAD-DINO,0.09325447896762543
3,6,Clin + RAD-DINO,0.07095000161844958
3,7,Clin + RAD-DINO,0.08566248044311763
3,8,Clin + RAD-DINO,0.07679215676352331
3,9,Clin + RAD-DINO,0.10652103157217073
3,10,Clin + RAD-DINO,0.08755993424946816
3,11,Clin + RAD-DINO,0.08303125497165455
3,12,Clin + RAD-DINO,0.0934312441788068
3,13,Clin + RAD-DINO,0.0780466001389189
3,14,Clin + RAD-DINO,0.09353539546145868
3,15,Clin + RAD-DINO,0.08268564406177711
3,16,Clin + RAD-DINO,0.07415366607536142
3,17,Clin + RAD-DINO,0.07460610083412589
3,18,Clin + RAD-DINO,0.09452323234230675
3,19,Clin + RAD-DINO,0.08810388398976626
3,20,Clin + RAD-DINO,0.09130569961060755
3,21,Clin + RAD-DINO,0.0775223004696263
3,22,Clin + RAD-DINO,0.0691864727936041
3,23,Clin + RAD-DINO,0.07529567086179838
3,24,Clin + RAD-DINO,0.08455186297251491
3,25,Clin + RAD-DINO,0.07655787492519112
3,26,Clin + RAD-DINO,0.07371230652238192
3,27,Clin + RAD-DINO,0.07756156955893999
3,28,Clin + RAD-DINO,0.07969548634452943
3,29,Clin + RAD-DINO,0.07718435669949988
3,30,Clin + RAD-DINO,0.06843358415147502
3,31,Clin + RAD-DINO,0.07411481699070613
3,32,Clin + RAD-DINO,0.09582045204300384
3,33,Clin + RAD-DINO,0.06995227190504792
3,34,Clin + RAD-DINO,0.11161182785967902
3,35,Clin + RAD-DINO,0.07853935785873238
3,36,Clin + RAD-DINO,0.06688033872202707
3,37,Clin + RAD-DINO,0.07668795075996045
3,38,Clin + RAD-DINO,0.0897867661497376
3,39,Clin + RAD-DINO,0.08524065342383932
3,40,Clin + RAD-DINO,0.06623561037995147
3,41,Clin + RAD-DINO,0.08760823368241823
3,42,Clin + RAD-DINO,0.07333239687068399
3,43,Clin + RAD-DINO,0.06782357063223411
3,44,Clin + RAD-DINO,0.0825400013062142
3,45,Clin + RAD-DINO,0.08643381746847208
3,46,Clin + RAD-DINO,0.07323839222785819
3,47,Clin + RAD-DINO,0.1106103019733858
3,48,Clin + RAD-DINO,0.08663703806250349
3,49,Clin + RAD-DINO,0.07024111359622966
3,50,Clin + RAD-DINO,0.07837485382444127
3,51,Clin + RAD-DINO,0.07758910902212253
3,52,Clin + RAD-DINO,0.10033631901715288
3,53,Clin + RAD-DINO,0.07377941949938846
3,54,Clin + RAD-DINO,0.07462049635021824
3,55,Clin + RAD-DINO,0.07048155668883076
3,56,Clin + RAD-DINO,0.06619553141231925
3,57,Clin + RAD-DINO,0.0770453302121632
3,58,Clin + RAD-DINO,0.07364954942588475
3,59,Clin + RAD-DINO,0.08556685147173138
3,60,Clin + RAD-DINO,0.09849418025332005
3,61,Clin + RAD-DINO,0.09319601235236803
3,62,Clin + RAD-DINO,0.07802194977676291
3,63,Clin + RAD-DINO,0.09048222731055539
3,64,Clin + RAD-DINO,0.08121227759931446
3,65,Clin + RAD-DINO,0.07250755449289703
3,66,Clin + RAD-DINO,0.07696545119898221
3,67,Clin + RAD-DINO,0.06965228350829146
3,68,Clin + RAD-DINO,0.09064200437987661
3,69,Clin + RAD-DINO,0.0780468953329074
3,70,Clin + RAD-DINO,0.0671789307730596
3,71,Clin + RAD-DINO,0.0925596518799161
3,72,Clin + RAD-DINO,0.08740489613551837
3,73,Clin + RAD-DINO,0.0756533398522199
3,74,Clin + RAD-DINO,0.06785014684609568
3,75,Clin + RAD-DINO,0.06261072327870285
3,76,Clin + RAD-DINO,0.07966106890624718
3,77,Clin + RAD-DINO,0.07752579435576537
3,78,Clin + RAD-DINO,0.0973792727609848
3,79,Clin + RAD-DINO,0.06883157511401276
3,80,Clin + RAD-DINO,0.08601494152354072
3,81,Clin + RAD-DINO,0.08055408169074152
3,82,Clin + RAD-DINO,0.08685798426211566
3,83,Clin + RAD-DINO,0.061600461147275416
3,84,Clin + RAD-DINO,0.08895959205374626
3,85,Clin + RAD-DINO,0.07542400570137259
3,86,Clin + RAD-DINO,0.08678484141879912
3,87,Clin + RAD-DINO,0.09810376399882983
3,88,Clin + RAD-DINO,0.09785127485501183
3,89,Clin + RAD-DINO,0.07307353640476834
3,90,Clin + RAD-DINO,0.07560949829918226
3,91,Clin + RAD-DINO,0.0666178003652054
3,92,Clin + RAD-DINO,0.08002184119405711
3,93,Clin + RAD-DINO,0.09625943544008089
3,94,Clin + RAD-DINO,0.0818652230944114
3,95,Clin + RAD-DINO,0.08254363989205615
3,96,Clin + RAD-DINO,0.08142745759808133
3,97,Clin + RAD-DINO,0.08047679757167217
3,98,Clin + RAD-DINO,0.07685859201015252
3,99,Clin + RAD-DINO,0.08152265516682401
3,100,Clin + RAD-DINO,0.0906671005664882
3,101,Clin + RAD-DINO,0.06791919910233801
3,102,Clin + RAD-DINO,0.06635471097398585
3,103,Clin + RAD-DINO,0.06679225684228327
3,104,Clin + RAD-DINO,0.07566293253155884
3,105,Clin + RAD-DINO,0.09129743094356531
3,106,Clin + RAD-DINO,0.07563022510767078
3,107,Clin + RAD-DINO,0.06978694148480656
3,108,Clin + RAD-DINO,0.07299557206870487
3,109,Clin + RAD-DINO,0.08197106181754096
3,110,Clin + RAD-DINO,0.07161848807113942
3,111,Clin + RAD-DINO,0.0586310505346339
3,112,Clin + RAD-DINO,0.08556679483593808
3,113,Clin + RAD-DINO,0.07163502650854614
3,114,Clin + RAD-DINO,0.07137732566989996
3,115,Clin + RAD-DINO,0.08390950338812954
3,116,Clin + RAD-DINO,0.06519229939468053
3,117,Clin + RAD-DINO,0.07028475221722369
3,118,Clin + RAD-DINO,0.06443922342069588
3,119,Clin + RAD-DINO,0.0812572941192356
3,120,Clin + RAD-DINO,0.05502990467292584
3,121,Clin + RAD-DINO,0.08879978581252157
3,122,Clin + RAD-DINO,0.0939271054450196
3,123,Clin + RAD-DINO,0.07204843952484495
3,124,Clin + RAD-DINO,0.07539873718383702
3,125,Clin + RAD-DINO,0.08216993962919461
3,126,Clin + RAD-DINO,0.09033186991103569
3,127,Clin + RAD-DINO,0.09879482130329047
3,128,Clin + RAD-DINO,0.06579333326880397
3,129,Clin + RAD-DINO,0.07628496696301024
3,130,Clin + RAD-DINO,0.07956196129501467
3,131,Clin + RAD-DINO,0.0842280483696551
3,132,Clin + RAD-DINO,0.08244877397854546
3,133,Clin + RAD-DINO,0.07160011819517967
3,134,Clin + RAD-DINO,0.08093489965535372
3,135,Clin + RAD-DINO,0.08531224220979328
3,136,Clin + RAD-DINO,0.07186541294134845
3,137,Clin + RAD-DINO,0.08341712116860805
3,138,Clin + RAD-DINO,0.07101375979458155
3,139,Clin + RAD-DINO,0.071381643963467
3,140,Clin + RAD-DINO,0.09805075028947599
3,141,Clin + RAD-DINO,0.10238094761064839
3,142,Clin + RAD-DINO,0.07458308736166697
3,143,Clin + RAD-DINO,0.078601700958135
3,144,Clin + RAD-DINO,0.07656889029472107
3,145,Clin + RAD-DINO,0.09599981210820095
3,146,Clin + RAD-DINO,0.08655117286353688
3,147,Clin + RAD-DINO,0.08164069661473065
3,148,Clin + RAD-DINO,0.07813653169380314
3,1,Clin + Rad + BiomedCLIP,0.12505237825569687
3,2,Clin + Rad + BiomedCLIP,0.08783116080004845
3,3,Clin + Rad + BiomedCLIP,0.09598199303872854
3,4,Clin + Rad + BiomedCLIP,0.07991568335136204
3,5,Clin + Rad + BiomedCLIP,0.08443626639157403
3,6,Clin + Rad + BiomedCLIP,0.10195954654111108
3,7,Clin + Rad + BiomedCLIP,0.10750147398431341
3,8,Clin + Rad + BiomedCLIP,0.0889251085487569
3,9,Clin + Rad + BiomedCLIP,0.10696163960481342
3,10,Clin + Rad + BiomedCLIP,0.12898894410894035
3,11,Clin + Rad + BiomedCLIP,0.11484008783485763
3,12,Clin + Rad + BiomedCLIP,0.10592147097259398
3,13,Clin + Rad + BiomedCLIP,0.09246806258726409
3,14,Clin + Rad + BiomedCLIP,0.10029099506993519
3,15,Clin + Rad + BiomedCLIP,0.09774913173970867
3,16,Clin + Rad + BiomedCLIP,0.09222805149849435
3,17,Clin + Rad + BiomedCLIP,0.10155603605152648
3,18,Clin + Rad + BiomedCLIP,0.09846860977312967
3,19,Clin + Rad + BiomedCLIP,0.10561928198910826
3,20,Clin + Rad + BiomedCLIP,0.09618014652219634
3,21,Clin + Rad + BiomedCLIP,0.09871551373537837
3,22,Clin + Rad + BiomedCLIP,0.10815591218069807
3,23,Clin + Rad + BiomedCLIP,0.09276838285184524
3,24,Clin + Rad + BiomedCLIP,0.11649018267097422
3,25,Clin + Rad + BiomedCLIP,0.11865735962816809
3,26,Clin + Rad + BiomedCLIP,0.11109765259439297
3,27,Clin + Rad + BiomedCLIP,0.09258506472705436
3,28,Clin + Rad + BiomedCLIP,0.0936328335009065
3,29,Clin + Rad + BiomedCLIP,0.0878676029986941
3,30,Clin + Rad + BiomedCLIP,0.08961771816975456
3,31,Clin + Rad + BiomedCLIP,0.10763010094148878
3,32,Clin + Rad + BiomedCLIP,0.09324451131351141
3,33,Clin + Rad + BiomedCLIP,0.09528596735803443
3,34,Clin + Rad + BiomedCLIP,0.10561595923938116
3,35,Clin + Rad + BiomedCLIP,0.13078260254593124
3,36,Clin + Rad + BiomedCLIP,0.10660667676258041
3,37,Clin + Rad + BiomedCLIP,0.10480071234026334
3,38,Clin + Rad + BiomedCLIP,0.1204541496738492
3,39,Clin + Rad + BiomedCLIP,0.11251497449348748
3,40,Clin + Rad + BiomedCLIP,0.08277769975574199
3,41,Clin + Rad + BiomedCLIP,0.10478884756418273
3,42,Clin + Rad + BiomedCLIP,0.10602662355341305
3,43,Clin + Rad + BiomedCLIP,0.12447356656088654
3,44,Clin + Rad + BiomedCLIP,0.08723349200080616
3,45,Clin + Rad + BiomedCLIP,0.11132837554201686
3,46,Clin + Rad + BiomedCLIP,0.08460955138954217
3,47,Clin + Rad + BiomedCLIP,0.08356918540472331
3,48,Clin + Rad + BiomedCLIP,0.0925249117449226
3,49,Clin + Rad + BiomedCLIP,0.10230938987764479
3,50,Clin + Rad + BiomedCLIP,0.10328728021086055
3,51,Clin + Rad + BiomedCLIP,0.11809173576663717
3,52,Clin + Rad + BiomedCLIP,0.11993183540954859
3,53,Clin + Rad + BiomedCLIP,0.11869029838424544
3,54,Clin + Rad + BiomedCLIP,0.099201525560362
3,55,Clin + Rad + BiomedCLIP,0.11157274387986917
3,56,Clin + Rad + BiomedCLIP,0.08749367300791379
3,57,Clin + Rad + BiomedCLIP,0.108526731079125
3,58,Clin + Rad + BiomedCLIP,0.10134715111224422
3,59,Clin + Rad + BiomedCLIP,0.1077095533730096
3,60,Clin + Rad + BiomedCLIP,0.12180704897439731
3,61,Clin + Rad + BiomedCLIP,0.1197940149748151
3,62,Clin + Rad + BiomedCLIP,0.12204733062672338
3,63,Clin + Rad + BiomedCLIP,0.11345233399582512
3,64,Clin + Rad + BiomedCLIP,0.0941806748074212
3,65,Clin + Rad + BiomedCLIP,0.07139294916235757
3,66,Clin + Rad + BiomedCLIP,0.1107013888357251
3,67,Clin + Rad + BiomedCLIP,0.1107247397903468
3,68,Clin + Rad + BiomedCLIP,0.13202832900311867
3,69,Clin + Rad + BiomedCLIP,0.11636340709084955
3,70,Clin + Rad + BiomedCLIP,0.07864065062582445
3,71,Clin + Rad + BiomedCLIP,0.10574469193889906
3,72,Clin + Rad + BiomedCLIP,0.10307918290618849
3,73,Clin + Rad + BiomedCLIP,0.09016401127110771
3,74,Clin + Rad + BiomedCLIP,0.10173507887516993
3,75,Clin + Rad + BiomedCLIP,0.11122323254525464
3,76,Clin + Rad + BiomedCLIP,0.11158528321297516
3,77,Clin + Rad + BiomedCLIP,0.07785277451145543
3,78,Clin + Rad + BiomedCLIP,0.11406305468677042
3,79,Clin + Rad + BiomedCLIP,0.08924343420433578
3,80,Clin + Rad + BiomedCLIP,0.10485892985112666
3,81,Clin + Rad + BiomedCLIP,0.09194980766029108
3,82,Clin + Rad + BiomedCLIP,0.10760960965692265
3,83,Clin + Rad + BiomedCLIP,0.09288023832132504
3,84,Clin + Rad + BiomedCLIP,0.11501219327564513
3,85,Clin + Rad + BiomedCLIP,0.07457918840352873
3,86,Clin + Rad + BiomedCLIP,0.11778669667311126
3,87,Clin + Rad + BiomedCLIP,0.11700465096225897
3,88,Clin + Rad + BiomedCLIP,0.10078277479804507
3,89,Clin + Rad + BiomedCLIP,0.09230692859957595
3,90,Clin + Rad + BiomedCLIP,0.10243566961676438
3,91,Clin + Rad + BiomedCLIP,0.1025428903856739
3,92,Clin + Rad + BiomedCLIP,0.10885803736352102
3,93,Clin + Rad + BiomedCLIP,0.11418307861905223
3,94,Clin + Rad + BiomedCLIP,0.0907393725645489
3,95,Clin + Rad + BiomedCLIP,0.10691604311017125
3,96,Clin + Rad + BiomedCLIP,0.11356303963317001
3,97,Clin + Rad + BiomedCLIP,0.09392653545243491
3,98,Clin + Rad + BiomedCLIP,0.10314621424350104
3,99,Clin + Rad + BiomedCLIP,0.09410379979088673
3,100,Clin + Rad + BiomedCLIP,0.09437455427554549
3,101,Clin + Rad + BiomedCLIP,0.1120250572068299
3,102,Clin + Rad + BiomedCLIP,0.10459582139942993
3,103,Clin + Rad + BiomedCLIP,0.11340151355406533
3,104,Clin + Rad + BiomedCLIP,0.07865386039327846
3,105,Clin + Rad + BiomedCLIP,0.08649923708309262
3,106,Clin + Rad + BiomedCLIP,0.12400819161454117
3,107,Clin + Rad + BiomedCLIP,0.06746411662240036
3,108,Clin + Rad + BiomedCLIP,0.08533442671032508
3,109,Clin + Rad + BiomedCLIP,0.1151039362775333
3,110,Clin + Rad + BiomedCLIP,0.10117590571609318
3,111,Clin + Rad + BiomedCLIP,0.08046073431007475
3,112,Clin + Rad + BiomedCLIP,0.08483286372086142
3,113,Clin + Rad + BiomedCLIP,0.1083990591756628
3,114,Clin + Rad + BiomedCLIP,0.10929464566385616
3,115,Clin + Rad + BiomedCLIP,0.1090759187635823
3,116,Clin + Rad + BiomedCLIP,0.0943011649971272
3,117,Clin + Rad + BiomedCLIP,0.11752851235906045
3,118,Clin + Rad + BiomedCLIP,0.08634762897080954
3,119,Clin + Rad + BiomedCLIP,0.11399008342519652
3,120,Clin + Rad + BiomedCLIP,0.11503710894184636
3,121,Clin + Rad + BiomedCLIP,0.11392700079523513
3,122,Clin + Rad + BiomedCLIP,0.0939619756481003
3,123,Clin + Rad + BiomedCLIP,0.1172945399999507
3,124,Clin + Rad + BiomedCLIP,0.12203520376289885
3,125,Clin + Rad + BiomedCLIP,0.1154431090480502
3,126,Clin + Rad + BiomedCLIP,0.09671469523739662
3,127,Clin + Rad + BiomedCLIP,0.0828322349839163
3,128,Clin + Rad + BiomedCLIP,0.1062741326649747
3,129,Clin + Rad + BiomedCLIP,0.12159228837092924
3,130,Clin + Rad + BiomedCLIP,0.0912204088059894
3,131,Clin + Rad + BiomedCLIP,0.0940900249790927
3,132,Clin + Rad + BiomedCLIP,0.09347356041246213
3,133,Clin + Rad + BiomedCLIP,0.102626988562115
3,134,Clin + Rad + BiomedCLIP,0.1144755771934747
3,135,Clin + Rad + BiomedCLIP,0.1038394546264205
3,136,Clin + Rad + BiomedCLIP,0.10528912468869255
3,137,Clin + Rad + BiomedCLIP,0.07477563116140429
3,138,Clin + Rad + BiomedCLIP,0.11645359805338514
3,139,Clin + Rad + BiomedCLIP,0.08563248313530304
3,140,Clin + Rad + BiomedCLIP,0.08490160010618418
3,141,Clin + Rad + BiomedCLIP,0.10572239415492603
3,142,Clin + Rad + BiomedCLIP,0.07547499817831518
3,143,Clin + Rad + BiomedCLIP,0.11588293111395852
3,144,Clin + Rad + BiomedCLIP,0.10915246749002623
3,145,Clin + Rad + BiomedCLIP,0.07712065064805156
3,146,Clin + Rad + BiomedCLIP,0.13259957031600705
3,147,Clin + Rad + BiomedCLIP,0.09632013546571136
3,148,Clin + Rad + BiomedCLIP,0.10467538636993622
3,1,Clin + Rad + RAD-DINO,0.09262273922205892
3,2,Clin + Rad + RAD-DINO,0.07686432747764052
3,3,Clin + Rad + RAD-DINO,0.09435162344673756
3,4,Clin + Rad + RAD-DINO,0.07207027903083056
3,5,Clin + Rad + RAD-DINO,0.07548710410285692
3,6,Clin + Rad + RAD-DINO,0.07650223564776304
3,7,Clin + Rad + RAD-DINO,0.09540806579748223
3,8,Clin + Rad + RAD-DINO,0.08773544168368533
3,9,Clin + Rad + RAD-DINO,0.09659040638601532
3,10,Clin + Rad + RAD-DINO,0.10968960983540461
3,11,Clin + Rad + RAD-DINO,0.09457899734272887
3,12,Clin + Rad + RAD-DINO,0.10592984725104242
3,13,Clin + Rad + RAD-DINO,0.08312581317662401
3,14,Clin + Rad + RAD-DINO,0.0874927877860745
3,15,Clin + Rad + RAD-DINO,0.07764980165742537
3,16,Clin + Rad + RAD-DINO,0.08013633229122953
3,17,Clin + Rad + RAD-DINO,0.08817775438151952
3,18,Clin + Rad + RAD-DINO,0.09679465077120405
3,19,Clin + Rad + RAD-DINO,0.09330425647967917
3,20,Clin + Rad + RAD-DINO,0.09227903037909334
3,21,Clin + Rad + RAD-DINO,0.07366772824764636
3,22,Clin + Rad + RAD-DINO,0.06421451493685336
3,23,Clin + Rad + RAD-DINO,0.07659121214666308
3,24,Clin + Rad + RAD-DINO,0.10216015813102503
3,25,Clin + Rad + RAD-DINO,0.0784177783899229
3,26,Clin + Rad + RAD-DINO,0.0838479249256218
3,27,Clin + Rad + RAD-DINO,0.06589869123059303
3,28,Clin + Rad + RAD-DINO,0.09473191842525494
3,29,Clin + Rad + RAD-DINO,0.0861855568245107
3,30,Clin + Rad + RAD-DINO,0.06120816329772262
3,31,Clin + Rad + RAD-DINO,0.07822008635969688
3,32,Clin + Rad + RAD-DINO,0.09580174213921445
3,33,Clin + Rad + RAD-DINO,0.09077120183007145
3,34,Clin + Rad + RAD-DINO,0.10292552109176316
3,35,Clin + Rad + RAD-DINO,0.10262013538300309
3,36,Clin + Rad + RAD-DINO,0.08876857511725157
3,37,Clin + Rad + RAD-DINO,0.06673162999939648
3,38,Clin + Rad + RAD-DINO,0.10280211452246858
3,39,Clin + Rad + RAD-DINO,0.08574591221646458
3,40,Clin + Rad + RAD-DINO,0.07545114917378476
3,41,Clin + Rad + RAD-DINO,0.08939721473702485
3,42,Clin + Rad + RAD-DINO,0.08441782359426239
3,43,Clin + Rad + RAD-DINO,0.10060405865662386
3,44,Clin + Rad + RAD-DINO,0.08148447637706091
3,45,Clin + Rad + RAD-DINO,0.10014191622543625
3,46,Clin + Rad + RAD-DINO,0.07166896959641025
3,47,Clin + Rad + RAD-DINO,0.08186274561132519
3,48,Clin + Rad + RAD-DINO,0.0717662858559676
3,49,Clin + Rad + RAD-DINO,0.08042965952281124
3,50,Clin + Rad + RAD-DINO,0.09549407157966364
3,51,Clin + Rad + RAD-DINO,0.08615326683038359
3,52,Clin + Rad + RAD-DINO,0.09288773112268367
3,53,Clin + Rad + RAD-DINO,0.09606699184195329
3,54,Clin + Rad + RAD-DINO,0.09125432667653281
3,55,Clin + Rad + RAD-DINO,0.07526054569566977
3,56,Clin + Rad + RAD-DINO,0.07645505223563673
3,57,Clin + Rad + RAD-DINO,0.08687862079070265
3,58,Clin + Rad + RAD-DINO,0.07824828007241719
3,59,Clin + Rad + RAD-DINO,0.08155273484686804
3,60,Clin + Rad + RAD-DINO,0.10731548877581676
3,61,Clin + Rad + RAD-DINO,0.08886327163226188
3,62,Clin + Rad + RAD-DINO,0.0987501387806882
3,63,Clin + Rad + RAD-DINO,0.11126837099233176
3,64,Clin + Rad + RAD-DINO,0.08174429541873615
3,65,Clin + Rad + RAD-DINO,0.057352393147465756
3,66,Clin + Rad + RAD-DINO,0.08913832080480828
3,67,Clin + Rad + RAD-DINO,0.07950734912170437
3,68,Clin + Rad + RAD-DINO,0.10746414240742683
3,69,Clin + Rad + RAD-DINO,0.09100762759070766
3,70,Clin + Rad + RAD-DINO,0.05962440203514432
3,71,Clin + Rad + RAD-DINO,0.09649561060191102
3,72,Clin + Rad + RAD-DINO,0.09542949543523122
3,73,Clin + Rad + RAD-DINO,0.05660403428055867
3,74,Clin + Rad + RAD-DINO,0.07923233462602845
3,75,Clin + Rad + RAD-DINO,0.07568540386880077
3,76,Clin + Rad + RAD-DINO,0.07642152171461858
3,77,Clin + Rad + RAD-DINO,0.0758297533404466
3,78,Clin + Rad + RAD-DINO,0.09749138987723802
3,79,Clin + Rad + RAD-DINO,0.07565981052535702
3,80,Clin + Rad + RAD-DINO,0.08890063752822563
3,81,Clin + Rad + RAD-DINO,0.08646879233284907
3,82,Clin + Rad + RAD-DINO,0.08473081375487374
3,83,Clin + Rad + RAD-DINO,0.0714037616045994
3,84,Clin + Rad + RAD-DINO,0.08848292725090139
3,85,Clin + Rad + RAD-DINO,0.076735872980089
3,86,Clin + Rad + RAD-DINO,0.09493083162344218
3,87,Clin + Rad + RAD-DINO,0.10783760265093677
3,88,Clin + Rad + RAD-DINO,0.09088341669216664
3,89,Clin + Rad + RAD-DINO,0.09537441136923752
3,90,Clin + Rad + RAD-DINO,0.08988426790966315
3,91,Clin + Rad + RAD-DINO,0.08026830657434485
3,92,Clin + Rad + RAD-DINO,0.08282162678094475
3,93,Clin + Rad + RAD-DINO,0.08021069826662923
3,94,Clin + Rad + RAD-DINO,0.08715296615383016
3,95,Clin + Rad + RAD-DINO,0.07878628017232742
3,96,Clin + Rad + RAD-DINO,0.08558687109404906
3,97,Clin + Rad + RAD-DINO,0.09084929382905879
3,98,Clin + Rad + RAD-DINO,0.09268024213518364
3,99,Clin + Rad + RAD-DINO,0.06616875323017785
3,100,Clin + Rad + RAD-DINO,0.09540952074496557
3,101,Clin + Rad + RAD-DINO,0.06975257128386825
3,102,Clin + Rad + RAD-DINO,0.08706809938737373
3,103,Clin + Rad + RAD-DINO,0.09681916674655137
3,104,Clin + Rad + RAD-DINO,0.07673085125311396
3,105,Clin + Rad + RAD-DINO,0.07990186997358614
3,106,Clin + Rad + RAD-DINO,0.0994959564864304
3,107,Clin + Rad + RAD-DINO,0.0748657624542504
3,108,Clin + Rad + RAD-DINO,0.07590129817266388
3,109,Clin + Rad + RAD-DINO,0.10028287897314808
3,110,Clin + Rad + RAD-DINO,0.08973565784476234
3,111,Clin + Rad + RAD-DINO,0.07031960635525698
3,112,Clin + Rad + RAD-DINO,0.0845788668399865
3,113,Clin + Rad + RAD-DINO,0.09795048025680364
3,114,Clin + Rad + RAD-DINO,0.10340274542996353
3,115,Clin + Rad + RAD-DINO,0.09938923037375924
3,116,Clin + Rad + RAD-DINO,0.06343750327827465
3,117,Clin + Rad + RAD-DINO,0.08077099773390797
3,118,Clin + Rad + RAD-DINO,0.07780914792376052
3,119,Clin + Rad + RAD-DINO,0.1031898721098484
3,120,Clin + Rad + RAD-DINO,0.09957725681441636
3,121,Clin + Rad + RAD-DINO,0.10074248703368231
3,122,Clin + Rad + RAD-DINO,0.09411109121021656
3,123,Clin + Rad + RAD-DINO,0.07414232519213065
3,124,Clin + Rad + RAD-DINO,0.08907309792706342
3,125,Clin + Rad + RAD-DINO,0.10395395617540414
3,126,Clin + Rad + RAD-DINO,0.08594732644466949
3,127,Clin + Rad + RAD-DINO,0.08274805409791801
3,128,Clin + Rad + RAD-DINO,0.08564070196528263
3,129,Clin + Rad + RAD-DINO,0.09612252746743573
3,130,Clin + Rad + RAD-DINO,0.08006447498523511
3,131,Clin + Rad + RAD-DINO,0.08874883706209771
3,132,Clin + Rad + RAD-DINO,0.07703980269026763
3,133,Clin + Rad + RAD-DINO,0.07808924176966817
3,134,Clin + Rad + RAD-DINO,0.09391822088533337
3,135,Clin + Rad + RAD-DINO,0.07433811391435312
3,136,Clin + Rad + RAD-DINO,0.08201100257856067
3,137,Clin + Rad + RAD-DINO,0.08130904956226223
3,138,Clin + Rad + RAD-DINO,0.0955636042534125
3,139,Clin + Rad + RAD-DINO,0.07556825117611486
3,140,Clin + Rad + RAD-DINO,0.08190946153650436
3,141,Clin + Rad + RAD-DINO,0.09244876529823652
3,142,Clin + Rad + RAD-DINO,0.07488423197081187
3,143,Clin + Rad + RAD-DINO,0.08858533979644934
3,144,Clin + Rad + RAD-DINO,0.08286823040172639
3,145,Clin + Rad + RAD-DINO,0.08536803608752128
3,146,Clin + Rad + RAD-DINO,0.08291290399176279
3,147,Clin + Rad + RAD-DINO,0.09242163282562423
3,148,Clin + Rad + RAD-DINO,0.08161706455278657
4,1,Clinical only,0.016958291724348384
4,2,Clinical only,0.0782822729480443
4,3,Clinical only,0.1360137099994524
4,4,Clinical only,0.05461462346905681
4,5,Clinical only,0.14539874623385557
4,6,Clinical only,0.1412018438312025
4,7,Clinical only,0.0018747015287827215
4,8,Clinical only,0.11788626724614808
4,9,Clinical only,0.12465935870056502
4,10,Clinical only,0.006434709407628864
4,11,Clinical only,0.07600977434881416
4,12,Clinical only,0.06606283099460676
4,13,Clinical only,-0.0006119776154999417
4,14,Clinical only,0.09943480883655736
4,15,Clinical only,-0.002812278575123366
4,16,Clinical only,0.0007289393460627133
4,17,Clinical only,0.13687173792083326
4,18,Clinical only,0.0018747015287827215
4,19,Clinical only,0.11299594262063693
4,20,Clinical only,0.1196388126367711
4,21,Clinical only,0.10099709204917205
4,22,Clinical only,0.11231484106369294
4,23,Clinical only,0.10699020798640169
4,24,Clinical only,0.1454356479935395
4,25,Clinical only,0.08969717450413217
4,26,Clinical only,0.09701001416231331
4,27,Clinical only,0.044803247731344524
4,28,Clinical only,0.11231484106369294
4,29,Clinical only,0.021465811557481767
4,30,Clinical only,0.07395151869716975
4,31,Clinical only,0.08899349371050395
4,32,Clinical only,0.11755383244375063
4,33,Clinical only,0.047036566078401676
4,34,Clinical only,0.003769251631645406
4,35,Clinical only,0.042956367488256146
4,36,Clinical only,0.126200060954425
4,37,Clinical only,0.1304793800585118
4,38,Clinical only,0.13615918847682343
4,39,Clinical only,0.12359420634558643
4,40,Clinical only,0.13772350155786758
4,41,Clinical only,0.11215722305102503
4,42,Clinical only,0.021465811557481767
4,43,Clinical only,0.12725350273251945
4,44,Clinical only,0.12470691925069372
4,45,Clinical only,0.11810438227449069
4,46,Clinical only,0.06552261080551967
4,47,Clinical only,0.13934371637909185
4,48,Clinical only,0.10577742950589751
4,49,Clinical only,0.13426709152491118
4,50,Clinical only,0.07555156895671941
4,51,Clinical only,0.12098991658149666
4,52,Clinical only,0.12154680162366119
4,53,Clinical only,0.11737319349110827
4,54,Clinical only,0.06728090178741666
4,55,Clinical only,0.1069559143564219
4,56,Clinical only,0.13567901635215934
4,57,Clinical only,0.10849318515037225
4,58,Clinical only,0.11493717990673451
4,59,Clinical only,0.02805622284550818
4,60,Clinical only,0.11163673540069581
4,61,Clinical only,0.058103077394461855
4,62,Clinical only,0.15275725386962563
4,63,Clinical only,0.11788626724614808
4,64,Clinical only,0.07682081324250618
4,65,Clinical only,0.09526461164846575
4,66,Clinical only,0.06552261080551967
4,67,Clinical only,0.10272418116373119
4,68,Clinical only,0.11986791361095053
4,69,Clinical only,0.11384151067635413
4,70,Clinical only,0.14371640224311494
4,71,Clinical only,0.12909682077708162
4,72,Clinical only,0.13810605051246544
4,73,Clinical only,0.13426709152491118
4,74,Clinical only,0.11759820808233909
4,75,Clinical only,0.0822669091959491
4,76,Clinical only,0.06679327811679626
4,77,Clinical only,0.12086160282250623
4,78,Clinical only,0.1108656042257557
4,79,Clinical only,0.1209784175890031
4,80,Clinical only,0.0782822729480443
4,81,Clinical only,0.10581829482691138
4,82,Clinical only,0.15171927350073325
4,83,Clinical only,0.06728090178741666
4,84,Clinical only,0.14050650311564886
4,85,Clinical only,0.11384151067635413
4,86,Clinical only,0.14100036316279194
4,87,Clinical only,0.13701727591857593
4,88,Clinical only,0.10956612469765689
4,89,Clinical only,0.12209604398077951
4,90,Clinical only,0.12830052308241094
4,91,Clinical only,0.12110399904050724
4,92,Clinical only,0.1260868093118986
4,93,Clinical only,0.07982296571973414
4,94,Clinical only,0.10346280287192672
4,95,Clinical only,0.12093932246388457
4,96,Clinical only,0.0770852905490834
4,97,Clinical only,0.07831606184852893
4,98,Clinical only,0.14047536530176902
4,99,Clinical only,0.09086466442868675
4,100,Clinical only,0.0007289393460627133
4,101,Clinical only,0.13113551413617563
4,102,Clinical only,0.1452016429963147
4,103,Clinical only,0.11344384789148693
4,104,Clinical only,0.1255337312823203
4,105,Clinical only,0.11944526969305233
4,106,Clinical only,0.14047536530176902
4,107,Clinical only,0.020275083491568164
4,108,Clinical only,0.06802215315842981
4,109,Clinical only,0.08756248971804073
4,110,Clinical only,0.09324965611365442
4,111,Clinical only,0.11810438227449069
4,112,Clinical only,0.06552261080551967
4,113,Clinical only,2.1600736884151445e-05
4,114,Clinical only,0.14896509195916355
4,115,Clinical only,0.11884200600678604
4,116,Clinical only,0.14152805297906634
4,117,Clinical only,0.1224044481658533
4,118,Clinical only,0.1514149660245826
4,119,Clinical only,0.04146141860444048
4,120,Clinical only,0.1255337312823203
4,121,Clinical only,0.13858781544271873
4,122,Clinical only,0.07864575356759732
4,123,Clinical only,0.1514149660245826
4,124,Clinical only,0.0018747015287827215
4,125,Clinical only,0.0941836294174973
4,126,Clinical only,0.14044226495901457
4,127,Clinical only,0.06788908201892911
4,128,Clinical only,0.06552261080551967
4,129,Clinical only,0.11685684187822142
4,130,Clinical only,0.11788626724614808
4,131,Clinical only,0.12624083958253643
4,132,Clinical only,0.1255337312823203
4,133,Clinical only,0.1290947654847604
4,134,Clinical only,0.062096978524791215
4,135,Clinical only,0.1237765300321545
4,136,Clinical only,0.14047536530176902
4,137,Clinical only,0.08027326290198646
4,138,Clinical only,0.1146919105466017
4,139,Clinical only,0.11231484106369294
4,140,Clinical only,0.1222187243064013
4,141,Clinical only,0.12718014638364059
4,142,Clinical only,0.07639571304276914
4,143,Clinical only,0.12606977533053765
4,144,Clinical only,0.13139026247724742
4,145,Clinical only,0.152850935233502
4,146,Clinical only,0.12465935870056502
4,147,Clinical only,0.09251508494284545
4,148,Clinical only,0.08620474273167929
4,1,Clin + Radiomics,0.09375273522279214
4,2,Clin + Radiomics,0.10616112566409065
4,3,Clin + Radiomics,0.12065837052929858
4,4,Clin + Radiomics,0.07229943083642701
4,5,Clin + Radiomics,0.10343949160787085
4,6,Clin + Radiomics,0.10126153589021998
4,7,Clin + Radiomics,0.11433290539175314
4,8,Clin + Radiomics,0.09553530822659946
4,9,Clin + Radiomics,0.09623800822598706
4,10,Clin + Radiomics,0.08703286195099634
4,11,Clin + Radiomics,0.10217266118337924
4,12,Clin + Radiomics,0.07369975969693712
4,13,Clin + Radiomics,0.09156282997792513
4,14,Clin + Radiomics,0.12575998598350235
4,15,Clin + Radiomics,0.07532647989927571
4,16,Clin + Radiomics,0.089900786942532
4,17,Clin + Radiomics,0.10249064517204302
4,18,Clin + Radiomics,0.07552483386118757
4,19,Clin + Radiomics,0.11490096424394314
4,20,Clin + Radiomics,0.10188500765241741
4,21,Clin + Radiomics,0.09735323566807519
4,22,Clin + Radiomics,0.11308078719722359
4,23,Clin + Radiomics,0.11220446232039306
4,24,Clin + Radiomics,0.0727865110570469
4,25,Clin + Radiomics,0.12047799748876213
4,26,Clin + Radiomics,0.09581163574980854
4,27,Clin + Radiomics,0.07279671026830903
4,28,Clin + Radiomics,0.11324973055851639
4,29,Clin + Radiomics,0.09019001948359724
4,30,Clin + Radiomics,0.07198865238273547
4,31,Clin + Radiomics,0.11101532942254431
4,32,Clin + Radiomics,0.10260491868344863
4,33,Clin + Radiomics,0.0762667002561539
4,34,Clin + Radiomics,0.09153591348883738
4,35,Clin + Radiomics,0.05728867298760461
4,36,Clin + Radiomics,0.10761069395946142
4,37,Clin + Radiomics,0.09067662398425681
4,38,Clin + Radiomics,0.09405051286909354
4,39,Clin + Radiomics,0.11804983557882474
4,40,Clin + Radiomics,0.09199000924854951
4,41,Clin + Radiomics,0.1311659773153181
4,42,Clin + Radiomics,0.08942111820380716
4,43,Clin + Radiomics,0.10753407882707915
4,44,Clin + Radiomics,0.10202493244646245
4,45,Clin + Radiomics,0.10077147072135555
4,46,Clin + Radiomics,0.08839850691655766
4,47,Clin + Radiomics,0.09508959622709513
4,48,Clin + Radiomics,0.0923526827842874
4,49,Clin + Radiomics,0.1072370823317227
4,50,Clin + Radiomics,0.1000432455105079
4,51,Clin + Radiomics,0.130654327744286
4,52,Clin + Radiomics,0.089024754973658
4,53,Clin + Radiomics,0.11645609304635085
4,54,Clin + Radiomics,0.10539182689669903
4,55,Clin + Radiomics,0.09126060230184566
4,56,Clin + Radiomics,0.1032872860722766
4,57,Clin + Radiomics,0.12748839254457797
4,58,Clin + Radiomics,0.08728794562615927
4,59,Clin + Radiomics,0.10132581193093884
4,60,Clin + Radiomics,0.0870670004335373
4,61,Clin + Radiomics,0.07341025562824025
4,62,Clin + Radiomics,0.08468527198641466
4,63,Clin + Radiomics,0.10997184186024236
4,64,Clin + Radiomics,0.12939220518415193
4,65,Clin + Radiomics,0.10678021107335692
4,66,Clin + Radiomics,0.11473562333045817
4,67,Clin + Radiomics,0.0669204477544057
4,68,Clin + Radiomics,0.07575524914898209
4,69,Clin + Radiomics,0.10558869350048829
4,70,Clin + Radiomics,0.09593749385752867
4,71,Clin + Radiomics,0.10036014690743783
4,72,Clin + Radiomics,0.12195242713559057
4,73,Clin + Radiomics,0.08838573748936816
4,74,Clin + Radiomics,0.09665565726147336
4,75,Clin + Radiomics,0.10152540051344834
4,76,Clin + Radiomics,0.10657647783031791
4,77,Clin + Radiomics,0.09575406499991461
4,78,Clin + Radiomics,0.0973490337489969
4,79,Clin + Radiomics,0.10042033945938084
4,80,Clin + Radiomics,0.09834563886663246
4,81,Clin + Radiomics,0.08370393946245161
4,82,Clin + Radiomics,0.11365852663256422
4,83,Clin + Radiomics,0.08682601047337037
4,84,Clin + Radiomics,0.10311916103400888
4,85,Clin + Radiomics,0.09448801735534836
4,86,Clin + Radiomics,0.1010359466909836
4,87,Clin + Radiomics,0.08963750078731804
4,88,Clin + Radiomics,0.11004227804983378
4,89,Clin + Radiomics,0.09492967145509244
4,90,Clin + Radiomics,0.08906064559603703
4,91,Clin + Radiomics,0.12039256034212428
4,92,Clin + Radiomics,0.0887266047826101
4,93,Clin + Radiomics,0.0952431808835127
4,94,Clin + Radiomics,0.12661636391575515
4,95,Clin + Radiomics,0.08550632994930997
4,96,Clin + Radiomics,0.08783256982622793
4,97,Clin + Radiomics,0.06328170367157933
4,98,Clin + Radiomics,0.09125066046882338
4,99,Clin + Radiomics,0.08076985063144689
4,100,Clin + Radiomics,0.06801696469778767
4,101,Clin + Radiomics,0.09277974781478293
4,102,Clin + Radiomics,0.1136118910085507
4,103,Clin + Radiomics,0.08650567000036637
4,104,Clin + Radiomics,0.10615275567139103
4,105,Clin + Radiomics,0.11111998560709543
4,106,Clin + Radiomics,0.08370815736792829
4,107,Clin + Radiomics,0.09792487970617851
4,108,Clin + Radiomics,0.10791416524506281
4,109,Clin + Radiomics,0.09467385967614884
4,110,Clin + Radiomics,0.09836814032256186
4,111,Clin + Radiomics,0.09542387036838675
4,112,Clin + Radiomics,0.056388680532122946
4,113,Clin + Radiomics,0.11444626982403207
4,114,Clin + Radiomics,0.07505856969173016
4,115,Clin + Radiomics,0.08647818913738374
4,116,Clin + Radiomics,0.1178327759279626
4,117,Clin + Radiomics,0.09539036959136696
4,118,Clin + Radiomics,0.10618024589803812
4,119,Clin + Radiomics,0.08433999330036103
4,120,Clin + Radiomics,0.07706699757480043
4,121,Clin + Radiomics,0.11369374400869196
4,122,Clin + Radiomics,0.09454540705076975
4,123,Clin + Radiomics,0.09262602989165371
4,124,Clin + Radiomics,0.07831494482724663
4,125,Clin + Radiomics,0.11373760962856279
4,126,Clin + Radiomics,0.07746113553645255
4,127,Clin + Radiomics,0.10456866298993142
4,128,Clin + Radiomics,0.10527309334792886
4,129,Clin + Radiomics,0.0712245883652631
4,130,Clin + Radiomics,0.12154476136587201
4,131,Clin + Radiomics,0.09441742314906598
4,132,Clin + Radiomics,0.07540345793605518
4,133,Clin + Radiomics,0.10578837363880614
4,134,Clin + Radiomics,0.08837832830287035
4,135,Clin + Radiomics,0.11555092303123775
4,136,Clin + Radiomics,0.11719959806373437
4,137,Clin + Radiomics,0.07069105632871477
4,138,Clin + Radiomics,0.09723371992418339
4,139,Clin + Radiomics,0.07993170872211729
4,140,Clin + Radiomics,0.0830169523989513
4,141,Clin + Radiomics,0.09271669458830761
4,142,Clin + Radiomics,0.1167498028407121
4,143,Clin + Radiomics,0.08993947313571564
4,144,Clin + Radiomics,0.10741658092716726
4,145,Clin + Radiomics,0.1021114107012902
4,146,Clin + Radiomics,0.093907751756839
4,147,Clin + Radiomics,0.08902577102152487
4,148,Clin + Radiomics,0.08244220180719856
4,1,Clin + BiomedCLIP,0.1008206183902718
4,2,Clin + BiomedCLIP,0.09090987108110106
4,3,Clin + BiomedCLIP,0.08903163564572954
4,4,Clin + BiomedCLIP,0.07808156175960315
4,5,Clin + BiomedCLIP,0.12904865024928128
4,6,Clin + BiomedCLIP,0.09835661704136614
4,7,Clin + BiomedCLIP,0.09195065216755287
4,8,Clin + BiomedCLIP,0.11667757250826567
4,9,Clin + BiomedCLIP,0.1301579768915997
4,10,Clin + BiomedCLIP,0.08538592822748235
4,11,Clin + BiomedCLIP,0.10232418649765589
4,12,Clin + BiomedCLIP,0.07666068258598466
4,13,Clin + BiomedCLIP,0.12319705712670301
4,14,Clin + BiomedCLIP,0.11184888377769567
4,15,Clin + BiomedCLIP,0.07841568089636054
4,16,Clin + BiomedCLIP,0.09807436321838892
4,17,Clin + BiomedCLIP,0.12819270596600266
4,18,Clin + BiomedCLIP,0.06310022150883732
4,19,Clin + BiomedCLIP,0.11920227903952885
4,20,Clin + BiomedCLIP,0.11361940695530472
4,21,Clin + BiomedCLIP,0.090958378318129
4,22,Clin + BiomedCLIP,0.10696249479161517
4,23,Clin + BiomedCLIP,0.13558667857581616
4,24,Clin + BiomedCLIP,0.10470918239279901
4,25,Clin + BiomedCLIP,0.11058182204103621
4,26,Clin + BiomedCLIP,0.098839774653105
4,27,Clin + BiomedCLIP,0.09981990046174394
4,28,Clin + BiomedCLIP,0.10306465031066167
4,29,Clin + BiomedCLIP,0.08176850056854894
4,30,Clin + BiomedCLIP,0.08375695664340432
4,31,Clin + BiomedCLIP,0.1295583832171814
4,32,Clin + BiomedCLIP,0.07489617675453054
4,33,Clin + BiomedCLIP,0.08520389821863716
4,34,Clin + BiomedCLIP,0.10389642350106713
4,35,Clin + BiomedCLIP,0.08480942807802035
4,36,Clin + BiomedCLIP,0.09331151512657462
4,37,Clin + BiomedCLIP,0.11663624879196796
4,38,Clin + BiomedCLIP,0.09643653703837382
4,39,Clin + BiomedCLIP,0.14436819277530177
4,40,Clin + BiomedCLIP,0.10136812776982336
4,41,Clin + BiomedCLIP,0.08678425184820741
4,42,Clin + BiomedCLIP,0.07924163994613002
4,43,Clin + BiomedCLIP,0.14298999371353352
4,44,Clin + BiomedCLIP,0.1091699547466472
4,45,Clin + BiomedCLIP,0.12733653232028877
4,46,Clin + BiomedCLIP,0.07703697049392069
4,47,Clin + BiomedCLIP,0.08895522688427156
4,48,Clin + BiomedCLIP,0.09301883768278718
4,49,Clin + BiomedCLIP,0.09633881127496857
4,50,Clin + BiomedCLIP,0.1112927749897126
4,51,Clin + BiomedCLIP,0.10457712060984899
4,52,Clin + BiomedCLIP,0.08905476308134098
4,53,Clin + BiomedCLIP,0.09012058764931265
4,54,Clin + BiomedCLIP,0.09162937771810208
4,55,Clin + BiomedCLIP,0.1063089636134517
4,56,Clin + BiomedCLIP,0.10602944497866419
4,57,Clin + BiomedCLIP,0.10263260360048086
4,58,Clin + BiomedCLIP,0.1150579601687763
4,59,Clin + BiomedCLIP,0.12211372539176944
4,60,Clin + BiomedCLIP,0.11614836859234347
4,61,Clin + BiomedCLIP,0.1070632994701596
4,62,Clin + BiomedCLIP,0.1213519004145625
4,63,Clin + BiomedCLIP,0.14287795725004343
4,64,Clin + BiomedCLIP,0.14271202524743506
4,65,Clin + BiomedCLIP,0.09798177427775306
4,66,Clin + BiomedCLIP,0.12006424817055276
4,67,Clin + BiomedCLIP,0.09415649925606802
4,68,Clin + BiomedCLIP,0.09064755002601979
4,69,Clin + BiomedCLIP,0.12697759753989296
4,70,Clin + BiomedCLIP,0.1123740221035583
4,71,Clin + BiomedCLIP,0.1035126271168819
4,72,Clin + BiomedCLIP,0.11366009339219622
4,73,Clin + BiomedCLIP,0.11479391257766425
4,74,Clin + BiomedCLIP,0.0800738989851563
4,75,Clin + BiomedCLIP,0.09880901611850407
4,76,Clin + BiomedCLIP,0.08401810377749115
4,77,Clin + BiomedCLIP,0.13665285084792164
4,78,Clin + BiomedCLIP,0.11447181893325771
4,79,Clin + BiomedCLIP,0.1370493290684302
4,80,Clin + BiomedCLIP,0.09828037483260127
4,81,Clin + BiomedCLIP,0.10182907844974422
4,82,Clin + BiomedCLIP,0.11157382463911157
4,83,Clin + BiomedCLIP,0.11301601096918992
4,84,Clin + BiomedCLIP,0.12284749887923761
4,85,Clin + BiomedCLIP,0.10167509881384032
4,86,Clin + BiomedCLIP,0.08192493421641715
4,87,Clin + BiomedCLIP,0.11758892605309677
4,88,Clin + BiomedCLIP,0.07973434846362486
4,89,Clin + BiomedCLIP,0.08807653046996086
4,90,Clin + BiomedCLIP,0.10867163764176119
4,91,Clin + BiomedCLIP,0.13178250263429245
4,92,Clin + BiomedCLIP,0.09446265828409273
4,93,Clin + BiomedCLIP,0.12282970681299576
4,94,Clin + BiomedCLIP,0.09604235542405751
4,95,Clin + BiomedCLIP,0.10970829157600107
4,96,Clin + BiomedCLIP,0.09754064803700464
4,97,Clin + BiomedCLIP,0.09119047567116327
4,98,Clin + BiomedCLIP,0.108318483270717
4,99,Clin + BiomedCLIP,0.10192848841008308
4,100,Clin + BiomedCLIP,0.08928306359291252
4,101,Clin + BiomedCLIP,0.1494588596307412
4,102,Clin + BiomedCLIP,0.10107129875749775
4,103,Clin + BiomedCLIP,0.08189718490117393
4,104,Clin + BiomedCLIP,0.09480161996070438
4,105,Clin + BiomedCLIP,0.08751240545817124
4,106,Clin + BiomedCLIP,0.09191327877660542
4,107,Clin + BiomedCLIP,0.08907193060375102
4,108,Clin + BiomedCLIP,0.09795691436014713
4,109,Clin + BiomedCLIP,0.08386653928471643
4,110,Clin + BiomedCLIP,0.11457561089753582
4,111,Clin + BiomedCLIP,0.1041035850328656
4,112,Clin + BiomedCLIP,0.05784374370954394
4,113,Clin + BiomedCLIP,0.09261459271003318
4,114,Clin + BiomedCLIP,0.0935426555291289
4,115,Clin + BiomedCLIP,0.08464196747260226
4,116,Clin + BiomedCLIP,0.10802302887342367
4,117,Clin + BiomedCLIP,0.13910530381554545
4,118,Clin + BiomedCLIP,0.12035986946496305
4,119,Clin + BiomedCLIP,0.11741666899217747
4,120,Clin + BiomedCLIP,0.10656453165716258
4,121,Clin + BiomedCLIP,0.10206577826263352
4,122,Clin + BiomedCLIP,0.08212199429985477
4,123,Clin + BiomedCLIP,0.11132375827204735
4,124,Clin + BiomedCLIP,0.07424431837589998
4,125,Clin + BiomedCLIP,0.14263595453728212
4,126,Clin + BiomedCLIP,0.05648943557201685
4,127,Clin + BiomedCLIP,0.1173967490368895
4,128,Clin + BiomedCLIP,0.07989096621060385
4,129,Clin + BiomedCLIP,0.09413400564103183
4,130,Clin + BiomedCLIP,0.11435951450724496
4,131,Clin + BiomedCLIP,0.08398530858265163
4,132,Clin + BiomedCLIP,0.08268136697256924
4,133,Clin + BiomedCLIP,0.1039169909882425
4,134,Clin + BiomedCLIP,0.08293965100290449
4,135,Clin + BiomedCLIP,0.11616574374514041
4,136,Clin + BiomedCLIP,0.10151330651246962
4,137,Clin + BiomedCLIP,0.10576128465979813
4,138,Clin + BiomedCLIP,0.10461960713392669
4,139,Clin + BiomedCLIP,0.11670465162894882
4,140,Clin + BiomedCLIP,0.08895687064063608
4,141,Clin + BiomedCLIP,0.07458897993288575
4,142,Clin + BiomedCLIP,0.11263951508139718
4,143,Clin + BiomedCLIP,0.08496698287192878
4,144,Clin + BiomedCLIP,0.07753705618719103
4,145,Clin + BiomedCLIP,0.14682224147665723
4,146,Clin + BiomedCLIP,0.1434394843381681
4,147,Clin + BiomedCLIP,0.13125480214017976
4,148,Clin + BiomedCLIP,0.12903787778618192
4,1,Clin + RAD-DINO,0.09637163277276141
4,2,Clin + RAD-DINO,0.055296952878150264
4,3,Clin + RAD-DINO,0.10514012268947892
4,4,Clin + RAD-DINO,0.062320858523385446
4,5,Clin + RAD-DINO,0.11654922292585924
4,6,Clin + RAD-DINO,0.09672185459804214
4,7,Clin + RAD-DINO,0.08001878399381461
4,8,Clin + RAD-DINO,0.10647565676503905
4,9,Clin + RAD-DINO,0.1351242831621263
4,10,Clin + RAD-DINO,0.1004655767565683
4,11,Clin + RAD-DINO,0.08519456032150467
4,12,Clin + RAD-DINO,0.07246444647559042
4,13,Clin + RAD-DINO,0.10329889206436506
4,14,Clin + RAD-DINO,0.08079876134965695
4,15,Clin + RAD-DINO,0.0725498194972568
4,16,Clin + RAD-DINO,0.08206667729299517
4,17,Clin + RAD-DINO,0.10990654582733651
4,18,Clin + RAD-DINO,0.1039116892114817
4,19,Clin + RAD-DINO,0.0876432652209188
4,20,Clin + RAD-DINO,0.10465617135000038
4,21,Clin + RAD-DINO,0.07502871348251332
4,22,Clin + RAD-DINO,0.09869054457130116
4,23,Clin + RAD-DINO,0.1319737363065913
4,24,Clin + RAD-DINO,0.09799300511544702
4,25,Clin + RAD-DINO,0.1009936855239907
4,26,Clin + RAD-DINO,0.09602568362163871
4,27,Clin + RAD-DINO,0.11565340260065307
4,28,Clin + RAD-DINO,0.09129983830542504
4,29,Clin + RAD-DINO,0.07708126698162629
4,30,Clin + RAD-DINO,0.077964304897481
4,31,Clin + RAD-DINO,0.09495063429445856
4,32,Clin + RAD-DINO,0.09781901888529024
4,33,Clin + RAD-DINO,0.0730011784022326
4,34,Clin + RAD-DINO,0.07475226499846957
4,35,Clin + RAD-DINO,0.11877210519723533
4,36,Clin + RAD-DINO,0.10388696835724227
4,37,Clin + RAD-DINO,0.11961356457759191
4,38,Clin + RAD-DINO,0.077380280281223
4,39,Clin + RAD-DINO,0.08410085782025326
4,40,Clin + RAD-DINO,0.11272669312978773
4,41,Clin + RAD-DINO,0.09994191208155566
4,42,Clin + RAD-DINO,0.08430674820498803
4,43,Clin + RAD-DINO,0.11257535953573346
4,44,Clin + RAD-DINO,0.09138326621288591
4,45,Clin + RAD-DINO,0.09092284445075866
4,46,Clin + RAD-DINO,0.06685341838328171
4,47,Clin + RAD-DINO,0.09651201119405438
4,48,Clin + RAD-DINO,0.11312606811511362
4,49,Clin + RAD-DINO,0.08854157073412507
4,50,Clin + RAD-DINO,0.10793953006165763
4,51,Clin + RAD-DINO,0.13422139893679008
4,52,Clin + RAD-DINO,0.08731588918129608
4,53,Clin + RAD-DINO,0.0947244436480711
4,54,Clin + RAD-DINO,0.06409595423798796
4,55,Clin + RAD-DINO,0.11643897361405059
4,56,Clin + RAD-DINO,0.094541491534993
4,57,Clin + RAD-DINO,0.10897895016112635
4,58,Clin + RAD-DINO,0.10527496837398626
4,59,Clin + RAD-DINO,0.08864126382880985
4,60,Clin + RAD-DINO,0.05245350103622569
4,61,Clin + RAD-DINO,0.07849939688586535
4,62,Clin + RAD-DINO,0.1160683813051867
4,63,Clin + RAD-DINO,0.1255573944085792
4,64,Clin + RAD-DINO,0.07918388808850976
4,65,Clin + RAD-DINO,0.10877867796442776
4,66,Clin + RAD-DINO,0.11228446618341552
4,67,Clin + RAD-DINO,0.09132329632911804
4,68,Clin + RAD-DINO,0.08600313580414463
4,69,Clin + RAD-DINO,0.11548713695109451
4,70,Clin + RAD-DINO,0.07746086389862022
4,71,Clin + RAD-DINO,0.08825442121980338
4,72,Clin + RAD-DINO,0.09805120118142299
4,73,Clin + RAD-DINO,0.10167727011528493
4,74,Clin + RAD-DINO,0.08890406697888216
4,75,Clin + RAD-DINO,0.07261200011392689
4,76,Clin + RAD-DINO,0.08334979942146013
4,77,Clin + RAD-DINO,0.09106688461357265
4,78,Clin + RAD-DINO,0.04700351274270672
4,79,Clin + RAD-DINO,0.08771730531984429
4,80,Clin + RAD-DINO,0.07594303569310198
4,81,Clin + RAD-DINO,0.08834604973865866
4,82,Clin + RAD-DINO,0.08551168118343869
4,83,Clin + RAD-DINO,0.09740510147142675
4,84,Clin + RAD-DINO,0.09334844053562757
4,85,Clin + RAD-DINO,0.11073426839445516
4,86,Clin + RAD-DINO,0.09484898263324969
4,87,Clin + RAD-DINO,0.10012330693769264
4,88,Clin + RAD-DINO,0.08058946021587075
4,89,Clin + RAD-DINO,0.1353688319756752
4,90,Clin + RAD-DINO,0.07415138532339818
4,91,Clin + RAD-DINO,0.1074715464531341
4,92,Clin + RAD-DINO,0.11022749042539856
4,93,Clin + RAD-DINO,0.06979916547046412
4,94,Clin + RAD-DINO,0.08408034978468368
4,95,Clin + RAD-DINO,0.08986902895985957
4,96,Clin + RAD-DINO,0.10504622702420245
4,97,Clin + RAD-DINO,0.06258235506966715
4,98,Clin + RAD-DINO,0.10240865485520557
4,99,Clin + RAD-DINO,0.06649082203885433
4,100,Clin + RAD-DINO,0.0752670017802696
4,101,Clin + RAD-DINO,0.08570540950644782
4,102,Clin + RAD-DINO,0.10499654987241983
4,103,Clin + RAD-DINO,0.1066144097782209
4,104,Clin + RAD-DINO,0.08745648341502787
4,105,Clin + RAD-DINO,0.0652032397836875
4,106,Clin + RAD-DINO,0.09749240191736364
4,107,Clin + RAD-DINO,0.08048706963167833
4,108,Clin + RAD-DINO,0.11557896676051367
4,109,Clin + RAD-DINO,0.08736334956066423
4,110,Clin + RAD-DINO,0.050449238820011025
4,111,Clin + RAD-DINO,0.10387446987080559
4,112,Clin + RAD-DINO,0.10117378940768686
4,113,Clin + RAD-DINO,0.1093020165254972
4,114,Clin + RAD-DINO,0.11332598319805692
4,115,Clin + RAD-DINO,0.08304357300714002
4,116,Clin + RAD-DINO,0.10513705424575051
4,117,Clin + RAD-DINO,0.07728922013744151
4,118,Clin + RAD-DINO,0.11654935989532908
4,119,Clin + RAD-DINO,0.09510614697193662
4,120,Clin + RAD-DINO,0.07083783387464807
4,121,Clin + RAD-DINO,0.09642645851100161
4,122,Clin + RAD-DINO,0.0910987145353224
4,123,Clin + RAD-DINO,0.09394900448600603
4,124,Clin + RAD-DINO,0.07951518945956546
4,125,Clin + RAD-DINO,0.10784383392543051
4,126,Clin + RAD-DINO,0.10042593038660982
4,127,Clin + RAD-DINO,0.09801110948059384
4,128,Clin + RAD-DINO,0.0883932179892684
4,129,Clin + RAD-DINO,0.07674756049527656
4,130,Clin + RAD-DINO,0.08166891304668979
4,131,Clin + RAD-DINO,0.10779034851050075
4,132,Clin + RAD-DINO,0.10330956650110149
4,133,Clin + RAD-DINO,0.11368031134105255
4,134,Clin + RAD-DINO,0.0761853947360179
4,135,Clin + RAD-DINO,0.10064780152079693
4,136,Clin + RAD-DINO,0.09276404320510764
4,137,Clin + RAD-DINO,0.1023402712803418
4,138,Clin + RAD-DINO,0.10815080432923073
4,139,Clin + RAD-DINO,0.11191334467292245
4,140,Clin + RAD-DINO,0.08994179489395861
4,141,Clin + RAD-DINO,0.08629923767618633
4,142,Clin + RAD-DINO,0.07591079554638124
4,143,Clin + RAD-DINO,0.1100533905053804
4,144,Clin + RAD-DINO,0.08017681255359219
4,145,Clin + RAD-DINO,0.11576454906645525
4,146,Clin + RAD-DINO,0.09373665219597554
4,147,Clin + RAD-DINO,0.1233634433220277
4,148,Clin + RAD-DINO,0.10369061958651038
4,1,Clin + Rad + BiomedCLIP,0.10160115133663805
4,2,Clin + Rad + BiomedCLIP,0.09635814645228521
4,3,Clin + Rad + BiomedCLIP,0.09520453979219722
4,4,Clin + Rad + BiomedCLIP,0.07914435443663295
4,5,Clin + Rad + BiomedCLIP,0.11626683900660306
4,6,Clin + Rad + BiomedCLIP,0.09344175839483337
4,7,Clin + Rad + BiomedCLIP,0.1106807649138612
4,8,Clin + Rad + BiomedCLIP,0.10476243935196325
4,9,Clin + Rad + BiomedCLIP,0.12000914443792034
4,10,Clin + Rad + BiomedCLIP,0.08523534316399613
4,11,Clin + Rad + BiomedCLIP,0.10284297736469229
4,12,Clin + Rad + BiomedCLIP,0.08924782014858383
4,13,Clin + Rad + BiomedCLIP,0.11711881856054929
4,14,Clin + Rad + BiomedCLIP,0.11941696215785547
4,15,Clin + Rad + BiomedCLIP,0.08600735807232854
4,16,Clin + Rad + BiomedCLIP,0.106629523647609
4,17,Clin + Rad + BiomedCLIP,0.1229158843505041
4,18,Clin + Rad + BiomedCLIP,0.08052317051161786
4,19,Clin + Rad + BiomedCLIP,0.11265527936892426
4,20,Clin + Rad + BiomedCLIP,0.11062880125107825
4,21,Clin + Rad + BiomedCLIP,0.0857606402764685
4,22,Clin + Rad + BiomedCLIP,0.11557868130208876
4,23,Clin + Rad + BiomedCLIP,0.13098209507731565
4,24,Clin + Rad + BiomedCLIP,0.09491004015623708
4,25,Clin + Rad + BiomedCLIP,0.12059110307827724
4,26,Clin + Rad + BiomedCLIP,0.11194361048503397
4,27,Clin + Rad + BiomedCLIP,0.08458729253089457
4,28,Clin + Rad + BiomedCLIP,0.11576998432218057
4,29,Clin + Rad + BiomedCLIP,0.10575864360535278
4,30,Clin + Rad + BiomedCLIP,0.09573933569379098
4,31,Clin + Rad + BiomedCLIP,0.11925847077631813
4,32,Clin + Rad + BiomedCLIP,0.0831486932287614
4,33,Clin + Rad + BiomedCLIP,0.08467117290491434
4,34,Clin + Rad + BiomedCLIP,0.10735518799961435
4,35,Clin + Rad + BiomedCLIP,0.07600838629031627
4,36,Clin + Rad + BiomedCLIP,0.09698824434128046
4,37,Clin + Rad + BiomedCLIP,0.11494868282550445
4,38,Clin + Rad + BiomedCLIP,0.09956769823541434
4,39,Clin + Rad + BiomedCLIP,0.1407630157195507
4,40,Clin + Rad + BiomedCLIP,0.1043156874807113
4,41,Clin + Rad + BiomedCLIP,0.10062533378768082
4,42,Clin + Rad + BiomedCLIP,0.08631989032676313
4,43,Clin + Rad + BiomedCLIP,0.14089794124954885
4,44,Clin + Rad + BiomedCLIP,0.1006283442330155
4,45,Clin + Rad + BiomedCLIP,0.12911710103056742
4,46,Clin + Rad + BiomedCLIP,0.09143944712966093
4,47,Clin + Rad + BiomedCLIP,0.08523076760059962
4,48,Clin + Rad + BiomedCLIP,0.10366921716417545
4,49,Clin + Rad + BiomedCLIP,0.11465577875713517
4,50,Clin + Rad + BiomedCLIP,0.11586283933974033
4,51,Clin + Rad + BiomedCLIP,0.11305201291690357
4,52,Clin + Rad + BiomedCLIP,0.0901882484752483
4,53,Clin + Rad + BiomedCLIP,0.10339162375231303
4,54,Clin + Rad + BiomedCLIP,0.11236522005093773
4,55,Clin + Rad + BiomedCLIP,0.10577447369387184
4,56,Clin + Rad + BiomedCLIP,0.11341991394380999
4,57,Clin + Rad + BiomedCLIP,0.11146010688366993
4,58,Clin + Rad + BiomedCLIP,0.11083941883377992
4,59,Clin + Rad + BiomedCLIP,0.11963440307243697
4,60,Clin + Rad + BiomedCLIP,0.10885562595762678
4,61,Clin + Rad + BiomedCLIP,0.09034765112575255
4,62,Clin + Rad + BiomedCLIP,0.11399676319297611
4,63,Clin + Rad + BiomedCLIP,0.12938131149638654
4,64,Clin + Rad + BiomedCLIP,0.13972367058543125
4,65,Clin + Rad + BiomedCLIP,0.10857428843128643
4,66,Clin + Rad + BiomedCLIP,0.12967329126616445
4,67,Clin + Rad + BiomedCLIP,0.08121745078447352
4,68,Clin + Rad + BiomedCLIP,0.08561726275839675
4,69,Clin + Rad + BiomedCLIP,0.1272216683530624
4,70,Clin + Rad + BiomedCLIP,0.1166502120055294
4,71,Clin + Rad + BiomedCLIP,0.10067739182948524
4,72,Clin + Rad + BiomedCLIP,0.10941167114419596
4,73,Clin + Rad + BiomedCLIP,0.12074884380959425
4,74,Clin + Rad + BiomedCLIP,0.09169175580239264
4,75,Clin + Rad + BiomedCLIP,0.0942008700608633
4,76,Clin + Rad + BiomedCLIP,0.10538096187532439
4,77,Clin + Rad + BiomedCLIP,0.13359518778433288
4,78,Clin + Rad + BiomedCLIP,0.12009024892683826
4,79,Clin + Rad + BiomedCLIP,0.11690732293836249
4,80,Clin + Rad + BiomedCLIP,0.08071348695915437
4,81,Clin + Rad + BiomedCLIP,0.09541387024031879
4,82,Clin + Rad + BiomedCLIP,0.10259252474257433
4,83,Clin + Rad + BiomedCLIP,0.10848985857857973
4,84,Clin + Rad + BiomedCLIP,0.11909098040202809
4,85,Clin + Rad + BiomedCLIP,0.10049219723540266
4,86,Clin + Rad + BiomedCLIP,0.09420368739014764
4,87,Clin + Rad + BiomedCLIP,0.11252023268592054
4,88,Clin + Rad + BiomedCLIP,0.09408965784995764
4,89,Clin + Rad + BiomedCLIP,0.07731062017037597
4,90,Clin + Rad + BiomedCLIP,0.11076073279164432
4,91,Clin + Rad + BiomedCLIP,0.13934429482749047
4,92,Clin + Rad + BiomedCLIP,0.08852051983858188
4,93,Clin + Rad + BiomedCLIP,0.12255752441228308
4,94,Clin + Rad + BiomedCLIP,0.13332651602974077
4,95,Clin + Rad + BiomedCLIP,0.1048298909894259
4,96,Clin + Rad + BiomedCLIP,0.09389053053309723
4,97,Clin + Rad + BiomedCLIP,0.06874661826420433
4,98,Clin + Rad + BiomedCLIP,0.09970143433873904
4,99,Clin + Rad + BiomedCLIP,0.09231217450338729
4,100,Clin + Rad + BiomedCLIP,0.09386263048337155
4,101,Clin + Rad + BiomedCLIP,0.12287404280759823
4,102,Clin + Rad + BiomedCLIP,0.10204318733975531
4,103,Clin + Rad + BiomedCLIP,0.07876201397131087
4,104,Clin + Rad + BiomedCLIP,0.0965000773612026
4,105,Clin + Rad + BiomedCLIP,0.08398209505057386
4,106,Clin + Rad + BiomedCLIP,0.08466769395173687
4,107,Clin + Rad + BiomedCLIP,0.09863243392243792
4,108,Clin + Rad + BiomedCLIP,0.09896490794902642
4,109,Clin + Rad + BiomedCLIP,0.09129443878245327
4,110,Clin + Rad + BiomedCLIP,0.11250000057260841
4,111,Clin + Rad + BiomedCLIP,0.0980377844796922
4,112,Clin + Rad + BiomedCLIP,0.06465539263497218
4,113,Clin + Rad + BiomedCLIP,0.10381297059232827
4,114,Clin + Rad + BiomedCLIP,0.0914673091297166
4,115,Clin + Rad + BiomedCLIP,0.08302672543645076
4,116,Clin + Rad + BiomedCLIP,0.11554491493291734
4,117,Clin + Rad + BiomedCLIP,0.12870245896363736
4,118,Clin + Rad + BiomedCLIP,0.11379078233061221
4,119,Clin + Rad + BiomedCLIP,0.11048893003601337
4,120,Clin + Rad + BiomedCLIP,0.08836947110878565
4,121,Clin + Rad + BiomedCLIP,0.10906620267340032
4,122,Clin + Rad + BiomedCLIP,0.08246736063327867
4,123,Clin + Rad + BiomedCLIP,0.10212422688747345
4,124,Clin + Rad + BiomedCLIP,0.08237706927531441
4,125,Clin + Rad + BiomedCLIP,0.1353168578911009
4,126,Clin + Rad + BiomedCLIP,0.07017447073682376
4,127,Clin + Rad + BiomedCLIP,0.11525573985011014
4,128,Clin + Rad + BiomedCLIP,0.08518295500629353
4,129,Clin + Rad + BiomedCLIP,0.08423376058566376
4,130,Clin + Rad + BiomedCLIP,0.1264371587673852
4,131,Clin + Rad + BiomedCLIP,0.0774920978663136
4,132,Clin + Rad + BiomedCLIP,0.08257266359040748
4,133,Clin + Rad + BiomedCLIP,0.11314646086295682
4,134,Clin + Rad + BiomedCLIP,0.0957098271633324
4,135,Clin + Rad + BiomedCLIP,0.12249860054997015
4,136,Clin + Rad + BiomedCLIP,0.10558646687731954
4,137,Clin + Rad + BiomedCLIP,0.10079914584673491
4,138,Clin + Rad + BiomedCLIP,0.12005714414963724
4,139,Clin + Rad + BiomedCLIP,0.10697749940994386
4,140,Clin + Rad + BiomedCLIP,0.10027160568444234
4,141,Clin + Rad + BiomedCLIP,0.08114807690818801
4,142,Clin + Rad + BiomedCLIP,0.1210070803215245
4,143,Clin + Rad + BiomedCLIP,0.08204529116743291
4,144,Clin + Rad + BiomedCLIP,0.08719875947181417
4,145,Clin + Rad + BiomedCLIP,0.1256689496812374
4,146,Clin + Rad + BiomedCLIP,0.13406930804850967
4,147,Clin + Rad + BiomedCLIP,0.12629360804730008
4,148,Clin + Rad + BiomedCLIP,0.12372762541467411
4,1,Clin + Rad + RAD-DINO,0.08946715247456437
4,2,Clin + Rad + RAD-DINO,0.0683321206419009
4,3,Clin + Rad + RAD-DINO,0.11605666203080311
4,4,Clin + Rad + RAD-DINO,0.06574620796246888
4,5,Clin + Rad + RAD-DINO,0.10096112155402401
4,6,Clin + Rad + RAD-DINO,0.10732185647624141
4,7,Clin + Rad + RAD-DINO,0.09813341982978382
4,8,Clin + Rad + RAD-DINO,0.10612314290237325
4,9,Clin + Rad + RAD-DINO,0.13133089448044424
4,10,Clin + Rad + RAD-DINO,0.08866498376476603
4,11,Clin + Rad + RAD-DINO,0.09907823829604814
4,12,Clin + Rad + RAD-DINO,0.0750140077711994
4,13,Clin + Rad + RAD-DINO,0.09330426278228549
4,14,Clin + Rad + RAD-DINO,0.1030725935823182
4,15,Clin + Rad + RAD-DINO,0.0678144709933597
4,16,Clin + Rad + RAD-DINO,0.10847632363283236
4,17,Clin + Rad + RAD-DINO,0.11060650015457693
4,18,Clin + Rad + RAD-DINO,0.09298300356592316
4,19,Clin + Rad + RAD-DINO,0.11484527092172929
4,20,Clin + Rad + RAD-DINO,0.0976136237610234
4,21,Clin + Rad + RAD-DINO,0.07835340163733119
4,22,Clin + Rad + RAD-DINO,0.11385918348494671
4,23,Clin + Rad + RAD-DINO,0.12820484749622885
4,24,Clin + Rad + RAD-DINO,0.08074113977488695
4,25,Clin + Rad + RAD-DINO,0.116571313336352
4,26,Clin + Rad + RAD-DINO,0.10454150234514414
4,27,Clin + Rad + RAD-DINO,0.11481677385453454
4,28,Clin + Rad + RAD-DINO,0.09779622152852116
4,29,Clin + Rad + RAD-DINO,0.08430121689889031
4,30,Clin + Rad + RAD-DINO,0.07265474573806918
4,31,Clin + Rad + RAD-DINO,0.09660481025111145
4,32,Clin + Rad + RAD-DINO,0.09792498665818777
4,33,Clin + Rad + RAD-DINO,0.06798667632387567
4,34,Clin + Rad + RAD-DINO,0.08439573130353584
4,35,Clin + Rad + RAD-DINO,0.09285523293100217
4,36,Clin + Rad + RAD-DINO,0.11181617157294708
4,37,Clin + Rad + RAD-DINO,0.11964889933609182
4,38,Clin + Rad + RAD-DINO,0.07387310775295544
4,39,Clin + Rad + RAD-DINO,0.10053101888122082
4,40,Clin + Rad + RAD-DINO,0.10605545745487356
4,41,Clin + Rad + RAD-DINO,0.10879229275593107
4,42,Clin + Rad + RAD-DINO,0.08864989927736938
4,43,Clin + Rad + RAD-DINO,0.1222783228850926
4,44,Clin + Rad + RAD-DINO,0.08991426787953807
4,45,Clin + Rad + RAD-DINO,0.09683169818729861
4,46,Clin + Rad + RAD-DINO,0.07755468242586248
4,47,Clin + Rad + RAD-DINO,0.08185857640832532
4,48,Clin + Rad + RAD-DINO,0.1028103338490382
4,49,Clin + Rad + RAD-DINO,0.09845551828530867
4,50,Clin + Rad + RAD-DINO,0.09070269835650983
4,51,Clin + Rad + RAD-DINO,0.13867830766141062
4,52,Clin + Rad + RAD-DINO,0.0804936993755086
4,53,Clin + Rad + RAD-DINO,0.10412361288531524
4,54,Clin + Rad + RAD-DINO,0.10112231033889853
4,55,Clin + Rad + RAD-DINO,0.0985617886288485
4,56,Clin + Rad + RAD-DINO,0.10192739502565816
4,57,Clin + Rad + RAD-DINO,0.11578000154929242
4,58,Clin + Rad + RAD-DINO,0.10372413413323361
4,59,Clin + Rad + RAD-DINO,0.08957283654561587
4,60,Clin + Rad + RAD-DINO,0.07347953970137204
4,61,Clin + Rad + RAD-DINO,0.0816397234285062
4,62,Clin + Rad + RAD-DINO,0.0852832510807327
4,63,Clin + Rad + RAD-DINO,0.11642454415192441
4,64,Clin + Rad + RAD-DINO,0.09370692181118395
4,65,Clin + Rad + RAD-DINO,0.11196259572805123
4,66,Clin + Rad + RAD-DINO,0.12794696729705785
4,67,Clin + Rad + RAD-DINO,0.07940285405616436
4,68,Clin + Rad + RAD-DINO,0.0806095002017388
4,69,Clin + Rad + RAD-DINO,0.12181963796926441
4,70,Clin + Rad + RAD-DINO,0.07400178693915169
4,71,Clin + Rad + RAD-DINO,0.10272272173041103
4,72,Clin + Rad + RAD-DINO,0.10153860197694246
4,73,Clin + Rad + RAD-DINO,0.11565155016159952
4,74,Clin + Rad + RAD-DINO,0.08986050829189558
4,75,Clin + Rad + RAD-DINO,0.08313901790905463
4,76,Clin + Rad + RAD-DINO,0.08965042006164274
4,77,Clin + Rad + RAD-DINO,0.08211159636795089
4,78,Clin + Rad + RAD-DINO,0.07734877977535327
4,79,Clin + Rad + RAD-DINO,0.09689319198142886
4,80,Clin + Rad + RAD-DINO,0.08522161782378193
4,81,Clin + Rad + RAD-DINO,0.06473442595049934
4,82,Clin + Rad + RAD-DINO,0.10174142364759269
4,83,Clin + Rad + RAD-DINO,0.08720084341409551
4,84,Clin + Rad + RAD-DINO,0.09062644740495555
4,85,Clin + Rad + RAD-DINO,0.09570575698825526
4,86,Clin + Rad + RAD-DINO,0.08519431442351566
4,87,Clin + Rad + RAD-DINO,0.09775732584256643
4,88,Clin + Rad + RAD-DINO,0.08501101475539972
4,89,Clin + Rad + RAD-DINO,0.10504752290949736
4,90,Clin + Rad + RAD-DINO,0.08258102655005253
4,91,Clin + Rad + RAD-DINO,0.11664787378375402
4,92,Clin + Rad + RAD-DINO,0.09724500043599518
4,93,Clin + Rad + RAD-DINO,0.08160329370835061
4,94,Clin + Rad + RAD-DINO,0.10064710940687323
4,95,Clin + Rad + RAD-DINO,0.0833051700568018
4,96,Clin + Rad + RAD-DINO,0.09985703456142637
4,97,Clin + Rad + RAD-DINO,0.0548680360177716
4,98,Clin + Rad + RAD-DINO,0.08928032192598882
4,99,Clin + Rad + RAD-DINO,0.076289899285483
4,100,Clin + Rad + RAD-DINO,0.07995628777641749
4,101,Clin + Rad + RAD-DINO,0.08863955923358263
4,102,Clin + Rad + RAD-DINO,0.11954295790266753
4,103,Clin + Rad + RAD-DINO,0.1148382805727278
4,104,Clin + Rad + RAD-DINO,0.09036867996204366
4,105,Clin + Rad + RAD-DINO,0.07461612991853883
4,106,Clin + Rad + RAD-DINO,0.09793386709761609
4,107,Clin + Rad + RAD-DINO,0.09180489007822416
4,108,Clin + Rad + RAD-DINO,0.11564864733454658
4,109,Clin + Rad + RAD-DINO,0.09049341383436756
4,110,Clin + Rad + RAD-DINO,0.08495239625020984
4,111,Clin + Rad + RAD-DINO,0.10073551862886478
4,112,Clin + Rad + RAD-DINO,0.06276325917195538
4,113,Clin + Rad + RAD-DINO,0.11724016140261143
4,114,Clin + Rad + RAD-DINO,0.09929266194880153
4,115,Clin + Rad + RAD-DINO,0.08228251454990636
4,116,Clin + Rad + RAD-DINO,0.11749336242261847
4,117,Clin + Rad + RAD-DINO,0.07962435181898107
4,118,Clin + Rad + RAD-DINO,0.10166439421977365
4,119,Clin + Rad + RAD-DINO,0.10081038382775359
4,120,Clin + Rad + RAD-DINO,0.07056112583811446
4,121,Clin + Rad + RAD-DINO,0.10370576574245403
4,122,Clin + Rad + RAD-DINO,0.08167195927865316
4,123,Clin + Rad + RAD-DINO,0.09184451746332936
4,124,Clin + Rad + RAD-DINO,0.07037317298032704
4,125,Clin + Rad + RAD-DINO,0.12255329921770626
4,126,Clin + Rad + RAD-DINO,0.08699942332726962
4,127,Clin + Rad + RAD-DINO,0.10711488148864949
4,128,Clin + Rad + RAD-DINO,0.10373796172697
4,129,Clin + Rad + RAD-DINO,0.08250404358342667
4,130,Clin + Rad + RAD-DINO,0.09856720129761543
4,131,Clin + Rad + RAD-DINO,0.10798689593576566
4,132,Clin + Rad + RAD-DINO,0.09353153074942944
4,133,Clin + Rad + RAD-DINO,0.10215612153176554
4,134,Clin + Rad + RAD-DINO,0.08858896818886298
4,135,Clin + Rad + RAD-DINO,0.11918074200827344
4,136,Clin + Rad + RAD-DINO,0.08875375719317231
4,137,Clin + Rad + RAD-DINO,0.08798296244969675
4,138,Clin + Rad + RAD-DINO,0.09708502776422066
4,139,Clin + Rad + RAD-DINO,0.09531452169672519
4,140,Clin + Rad + RAD-DINO,0.08569935448919344
4,141,Clin + Rad + RAD-DINO,0.09072944835646235
4,142,Clin + Rad + RAD-DINO,0.10759499009571166
4,143,Clin + Rad + RAD-DINO,0.10602988030448278
4,144,Clin + Rad + RAD-DINO,0.09701281366127384
4,145,Clin + Rad + RAD-DINO,0.11221589299423221
4,146,Clin + Rad + RAD-DINO,0.0962547697752516
4,147,Clin + Rad + RAD-DINO,0.11363570458719942
4,148,Clin + Rad + RAD-DINO,0.09012662957324769
5,1,Clinical only,0.17382443382809334
5,2,Clinical only,0.21903962077254382
5,3,Clinical only,0.20289957328374736
5,4,Clinical only,0.18949244309119553
5,5,Clinical only,0.16240748943992242
5,6,Clinical only,0.06699613770829192
5,7,Clinical only,0.11338957306993566
5,8,Clinical only,0.16007413725934527
5,9,Clinical only,0.05482327262767847
5,10,Clinical only,0.16443010444615785
5,11,Clinical only,0.14459667017399055
5,12,Clinical only,0.09913864000321068
5,13,Clinical only,0.1603574881337482
5,14,Clinical only,0.12238443599670157
5,15,Clinical only,0.062007968521107695
5,16,Clinical only,0.12238443599670157
5,17,Clinical only,0.18664922410734924
5,18,Clinical only,0.16143867424759065
5,19,Clinical only,0.16257300613914116
5,20,Clinical only,0.19175414086360648
5,21,Clinical only,0.006105912336444118
5,22,Clinical only,0.1948424236920633
5,23,Clinical only,0.10907973873314486
5,24,Clinical only,0.17750684959978028
5,25,Clinical only,0.2120736862796819
5,26,Clinical only,0.09840839811527155
5,27,Clinical only,0.20312492961708095
5,28,Clinical only,0.21820973035130625
5,29,Clinical only,0.18821964323039564
5,30,Clinical only,0.20302178305325264
5,31,Clinical only,0.08314252187040326
5,32,Clinical only,0.07650687608653786
5,33,Clinical only,0.1198157714164837
5,34,Clinical only,0.10643277615360679
5,35,Clinical only,0.08104320468676779
5,36,Clinical only,0.03301630689096427
5,37,Clinical only,0.19948949376484126
5,38,Clinical only,0.06699613770829192
5,39,Clinical only,0.09976139505334071
5,40,Clinical only,-0.012043642458121237
5,41,Clinical only,0.11130173945965602
5,42,Clinical only,0.05069671781274718
5,43,Clinical only,0.12680072424540653
5,44,Clinical only,0.07388793525319085
5,45,Clinical only,0.13382032434588967
5,46,Clinical only,0.12932912263081445
5,47,Clinical only,0.0467308883601839
5,48,Clinical only,0.1710985904540804
5,49,Clinical only,0.18202372095823866
5,50,Clinical only,0.09913864000321068
5,51,Clinical only,0.14166767662530405
5,52,Clinical only,0.16339265713320378
5,53,Clinical only,0.110333832769884
5,54,Clinical only,0.05069671781274718
5,55,Clinical only,0.11031435348599185
5,56,Clinical only,0.16321516422285734
5,57,Clinical only,0.1841203147897683
5,58,Clinical only,0.20729346979765143
5,59,Clinical only,0.07592697287666941
5,60,Clinical only,-0.012043642458121237
5,61,Clinical only,0.062007968521107695
5,62,Clinical only,0.07906083278565698
5,63,Clinical only,0.1037502463577626
5,64,Clinical only,-0.010359722015690034
5,65,Clinical only,0.16577615290524636
5,66,Clinical only,0.048643752742126026
5,67,Clinical only,0.16257300613914116
5,68,Clinical only,0.11152303787947224
5,69,Clinical only,0.16891969188459877
5,70,Clinical only,0.07633685583767785
5,71,Clinical only,0.20574481997048105
5,72,Clinical only,0.06394576474250488
5,73,Clinical only,0.1907476383272022
5,74,Clinical only,0.03301630689096427
5,75,Clinical only,0.024538829186777474
5,76,Clinical only,0.15141005539153943
5,77,Clinical only,0.21594866207927435
5,78,Clinical only,0.14877188886524312
5,79,Clinical only,0.1463896123511787
5,80,Clinical only,0.18505827091813815
5,81,Clinical only,0.17949453578602656
5,82,Clinical only,0.16443010444615785
5,83,Clinical only,-0.010359722015690034
5,84,Clinical only,0.17317348066927296
5,85,Clinical only,0.16353681926670588
5,86,Clinical only,0.2055082450848937
5,87,Clinical only,0.12949452573011863
5,88,Clinical only,0.15949905639395054
5,89,Clinical only,0.12238443599670157
5,90,Clinical only,0.14120135387465088
5,91,Clinical only,0.1860766068914354
5,92,Clinical only,0.05069671781274718
5,93,Clinical only,0.0886856382723834
5,94,Clinical only,0.15899073395334928
5,95,Clinical only,0.20401417267786146
5,96,Clinical only,0.18874299988945545
5,97,Clinical only,0.2099313496400393
5,98,Clinical only,0.11502160853841048
5,99,Clinical only,0.09840839811527155
5,100,Clinical only,0.15425244627041743
5,101,Clinical only,0.1652010969488477
5,102,Clinical only,0.1906611444354101
5,103,Clinical only,0.16560050836498952
5,104,Clinical only,0.1489366400420189
5,105,Clinical only,0.09840839811527155
5,106,Clinical only,0.15061524734700238
5,107,Clinical only,0.08172100772358797
5,108,Clinical only,0.062007968521107695
5,109,Clinical only,0.10990427168797415
5,110,Clinical only,0.19218404652787852
5,111,Clinical only,0.18649016183899325
5,112,Clinical only,0.17817772217774278
5,113,Clinical only,0.1638942366988536
5,114,Clinical only,0.2009084487774181
5,115,Clinical only,0.030409743976332598
5,116,Clinical only,0.08137074974417313
5,117,Clinical only,0.12271183892248394
5,118,Clinical only,0.03301630689096427
5,119,Clinical only,0.1639631330346532
5,120,Clinical only,0.15298375416905596
5,121,Clinical only,-0.008289293620781476
5,122,Clinical only,0.11925275745079882
5,123,Clinical only,0.1936416530293214
5,124,Clinical only,0.22446736650560642
5,125,Clinical only,0.10669632200291733
5,126,Clinical only,0.1600659759832935
5,127,Clinical only,0.1909500698461256
5,128,Clinical only,0.21496615672844804
5,129,Clinical only,0.15986489830742062
5,130,Clinical only,0.05069671781274718
5,131,Clinical only,0.1981325402789033
5,132,Clinical only,0.16473851641166082
5,133,Clinical only,0.16880718743737586
5,134,Clinical only,0.06394576474250488
5,135,Clinical only,0.18711213562317014
5,136,Clinical only,0.1127460376085673
5,137,Clinical only,0.1881598458080205
5,138,Clinical only,0.05482327262767847
5,139,Clinical only,0.17113714126641114
5,140,Clinical only,0.18160752794375762
5,141,Clinical only,0.19333126023978592
5,142,Clinical only,0.15809243053817737
5,143,Clinical only,0.1049572220212804
5,144,Clinical only,0.05613428793087007
5,145,Clinical only,0.062007968521107695
5,146,Clinical only,0.17640185411429657
5,147,Clinical only,0.16329369434386318
5,1,Clin + Radiomics,0.1520988257694229
5,2,Clin + Radiomics,0.14715779582188077
5,3,Clin + Radiomics,0.1552737839630867
5,4,Clin + Radiomics,0.15721393061792205
5,5,Clin + Radiomics,0.13536875597013176
5,6,Clin + Radiomics,0.11476755052448283
5,7,Clin + Radiomics,0.1153304130343573
5,8,Clin + Radiomics,0.1486425379365886
5,9,Clin + Radiomics,0.14836213125546857
5,10,Clin + Radiomics,0.14000989430427274
5,11,Clin + Radiomics,0.15697202361792378
5,12,Clin + Radiomics,0.1305456713202756
5,13,Clin + Radiomics,0.15185282654528076
5,14,Clin + Radiomics,0.14715626583009228
5,15,Clin + Radiomics,0.11679075126938192
5,16,Clin + Radiomics,0.12663627076289075
5,17,Clin + Radiomics,0.1480522985716408
5,18,Clin + Radiomics,0.13470384637443011
5,19,Clin + Radiomics,0.13653019694456187
5,20,Clin + Radiomics,0.16402201515084028
5,21,Clin + Radiomics,0.12536836875093288
5,22,Clin + Radiomics,0.148163816807599
5,23,Clin + Radiomics,0.1509079989772838
5,24,Clin + Radiomics,0.13650495770815335
5,25,Clin + Radiomics,0.15058724123531708
5,26,Clin + Radiomics,0.13325926057270665
5,27,Clin + Radiomics,0.14387666929152468
5,28,Clin + Radiomics,0.1690794304701963
5,29,Clin + Radiomics,0.1251855849169686
5,30,Clin + Radiomics,0.12331379465351311
5,31,Clin + Radiomics,0.13397200165860335
5,32,Clin + Radiomics,0.1387482984339218
5,33,Clin + Radiomics,0.1563620414267366
5,34,Clin + Radiomics,0.13755892400721142
5,35,Clin + Radiomics,0.14809796723747776
5,36,Clin + Radiomics,0.13329899710747584
5,37,Clin + Radiomics,0.16362406034386087
5,38,Clin + Radiomics,0.14351996320203467
5,39,Clin + Radiomics,0.12460193593093172
5,40,Clin + Radiomics,0.08954337656046436
5,41,Clin + Radiomics,0.13948889728493308
5,42,Clin + Radiomics,0.12232219366981478
5,43,Clin + Radiomics,0.13121439579151772
5,44,Clin + Radiomics,0.1108228744579868
5,45,Clin + Radiomics,0.1410013888328045
5,46,Clin + Radiomics,0.1483666974923466
5,47,Clin + Radiomics,0.12975710348241118
5,48,Clin + Radiomics,0.13321749807255429
5,49,Clin + Radiomics,0.1428965724986202
5,50,Clin + Radiomics,0.13026407201839083
5,51,Clin + Radiomics,0.13707663875562878
5,52,Clin + Radiomics,0.10929973354081236
5,53,Clin + Radiomics,0.126480972987896
5,54,Clin + Radiomics,0.15717732838063375
5,55,Clin + Radiomics,0.14131028475700277
5,56,Clin + Radiomics,0.1231342608947207
5,57,Clin + Radiomics,0.13593884930435787
5,58,Clin + Radiomics,0.13875542209955
5,59,Clin + Radiomics,0.1069530927977749
5,60,Clin + Radiomics,0.1019898783821135
5,61,Clin + Radiomics,0.11381434801111756
5,62,Clin + Radiomics,0.11730829592193893
5,63,Clin + Radiomics,0.17038732442707105
5,64,Clin + Radiomics,0.12821665803155846
5,65,Clin + Radiomics,0.12804231929482274
5,66,Clin + Radiomics,0.15189787599304597
5,67,Clin + Radiomics,0.1583704994358437
5,68,Clin + Radiomics,0.132981320445391
5,69,Clin + Radiomics,0.15446279520423511
5,70,Clin + Radiomics,0.11893016922957522
5,71,Clin + Radiomics,0.14350899560878252
5,72,Clin + Radiomics,0.14494080602564177
5,73,Clin + Radiomics,0.12622069785336212
5,74,Clin + Radiomics,0.1514199864362912
5,75,Clin + Radiomics,0.12652740904195303
5,76,Clin + Radiomics,0.15764332564075872
5,77,Clin + Radiomics,0.1358138761079599
5,78,Clin + Radiomics,0.14696364932978115
5,79,Clin + Radiomics,0.12411235117923
5,80,Clin + Radiomics,0.13343285887608786
5,81,Clin + Radiomics,0.1510767275688599
5,82,Clin + Radiomics,0.13300620407208405
5,83,Clin + Radiomics,0.1258636980501748
5,84,Clin + Radiomics,0.12280428934703794
5,85,Clin + Radiomics,0.149043563269275
5,86,Clin + Radiomics,0.15912868742521902
5,87,Clin + Radiomics,0.12051002833339794
5,88,Clin + Radiomics,0.1218316827137202
5,89,Clin + Radiomics,0.12870065652207455
5,90,Clin + Radiomics,0.10474827995864698
5,91,Clin + Radiomics,0.13238750843501634
5,92,Clin + Radiomics,0.1352706206165666
5,93,Clin + Radiomics,0.10644068791688688
5,94,Clin + Radiomics,0.14612573100398857
5,95,Clin + Radiomics,0.1581176036554106
5,96,Clin + Radiomics,0.1728457087192895
5,97,Clin + Radiomics,0.14025644323715852
5,98,Clin + Radiomics,0.14235280239368603
5,99,Clin + Radiomics,0.13216115287498448
5,100,Clin + Radiomics,0.14155706399745607
5,101,Clin + Radiomics,0.13917110914593164
5,102,Clin + Radiomics,0.17048307204206706
5,103,Clin + Radiomics,0.156282134967719
5,104,Clin + Radiomics,0.1323771602207761
5,105,Clin + Radiomics,0.13330340030141413
5,106,Clin + Radiomics,0.11970098901472645
5,107,Clin + Radiomics,0.118269257338884
5,108,Clin + Radiomics,0.1369382167580673
5,109,Clin + Radiomics,0.14151287105923555
5,110,Clin + Radiomics,0.14830672407676146
5,111,Clin + Radiomics,0.11198107434023663
5,112,Clin + Radiomics,0.17001595574512243
5,113,Clin + Radiomics,0.1479779276016313
5,114,Clin + Radiomics,0.1577855847335552
5,115,Clin + Radiomics,0.1111164129859949
5,116,Clin + Radiomics,0.13246448563802224
5,117,Clin + Radiomics,0.14240714476037888
5,118,Clin + Radiomics,0.11860441936258999
5,119,Clin + Radiomics,0.13237400923960732
5,120,Clin + Radiomics,0.14148208426756193
5,121,Clin + Radiomics,0.13090398939829428
5,122,Clin + Radiomics,0.13676447085924215
5,123,Clin + Radiomics,0.12994380521643967
5,124,Clin + Radiomics,0.13460283295609218
5,125,Clin + Radiomics,0.14677518896006728
5,126,Clin + Radiomics,0.11787728171514267
5,127,Clin + Radiomics,0.15946802901569535
5,128,Clin + Radiomics,0.132628538845548
5,129,Clin + Radiomics,0.10031183707764067
5,130,Clin + Radiomics,0.15788649055686105
5,131,Clin + Radiomics,0.15173638685302057
5,132,Clin + Radiomics,0.16498463019737156
5,133,Clin + Radiomics,0.14351710754989724
5,134,Clin + Radiomics,0.16952166664687432
5,135,Clin + Radiomics,0.11975305289106147
5,136,Clin + Radiomics,0.1313902059247273
5,137,Clin + Radiomics,0.12965389803784394
5,138,Clin + Radiomics,0.11753076082482695
5,139,Clin + Radiomics,0.11874291111596681
5,140,Clin + Radiomics,0.15527334830801673
5,141,Clin + Radiomics,0.13876027999498403
5,142,Clin + Radiomics,0.14062400837809147
5,143,Clin + Radiomics,0.1651147726647594
5,144,Clin + Radiomics,0.12054085607008756
5,145,Clin + Radiomics,0.12792766871483396
5,146,Clin + Radiomics,0.11600437079121768
5,147,Clin + Radiomics,0.11829734670355885
5,1,Clin + BiomedCLIP,0.12057237092115794
5,2,Clin + BiomedCLIP,0.14669292743372947
5,3,Clin + BiomedCLIP,0.11137355424143677
5,4,Clin + BiomedCLIP,0.13454329131375384
5,5,Clin + BiomedCLIP,0.11545633881834177
5,6,Clin + BiomedCLIP,0.1386492759666225
5,7,Clin + BiomedCLIP,0.15820737223452555
5,8,Clin + BiomedCLIP,0.12398375665172569
5,9,Clin + BiomedCLIP,0.12066732060453972
5,10,Clin + BiomedCLIP,0.0813865558347853
5,11,Clin + BiomedCLIP,0.11302981297214941
5,12,Clin + BiomedCLIP,0.10651673260764419
5,13,Clin + BiomedCLIP,0.13161076035426827
5,14,Clin + BiomedCLIP,0.10478388986608665
5,15,Clin + BiomedCLIP,0.16143743399041988
5,16,Clin + BiomedCLIP,0.12180090383936552
5,17,Clin + BiomedCLIP,0.15044729084031644
5,18,Clin + BiomedCLIP,0.10850625276461381
5,19,Clin + BiomedCLIP,0.15311710813074692
5,20,Clin + BiomedCLIP,0.14407955413433554
5,21,Clin + BiomedCLIP,0.10362136909971473
5,22,Clin + BiomedCLIP,0.14939103405245222
5,23,Clin + BiomedCLIP,0.10374789076599995
5,24,Clin + BiomedCLIP,0.13451120753890422
5,25,Clin + BiomedCLIP,0.1228965594418436
5,26,Clin + BiomedCLIP,0.09283444998317042
5,27,Clin + BiomedCLIP,0.13502791682179557
5,28,Clin + BiomedCLIP,0.10666161187452179
5,29,Clin + BiomedCLIP,0.14510019168087643
5,30,Clin + BiomedCLIP,0.12129993575862401
5,31,Clin + BiomedCLIP,0.11423874972983478
5,32,Clin + BiomedCLIP,0.12153330775109625
5,33,Clin + BiomedCLIP,0.12018314940109413
5,34,Clin + BiomedCLIP,0.13833604573988448
5,35,Clin + BiomedCLIP,0.14268662821101694
5,36,Clin + BiomedCLIP,0.10759317730528387
5,37,Clin + BiomedCLIP,0.1289587258821917
5,38,Clin + BiomedCLIP,0.1414816608256092
5,39,Clin + BiomedCLIP,0.10065795841945864
5,40,Clin + BiomedCLIP,0.08084350444566953
5,41,Clin + BiomedCLIP,0.1320898528338011
5,42,Clin + BiomedCLIP,0.11942281560869798
5,43,Clin + BiomedCLIP,0.11836019610455865
5,44,Clin + BiomedCLIP,0.10825140312344005
5,45,Clin + BiomedCLIP,0.11380781560743276
5,46,Clin + BiomedCLIP,0.1272504171970885
5,47,Clin + BiomedCLIP,0.10253758828424624
5,48,Clin + BiomedCLIP,0.0988595235772345
5,49,Clin + BiomedCLIP,0.15284124892409354
5,50,Clin + BiomedCLIP,0.11721244064031054
5,51,Clin + BiomedCLIP,0.11460994239130022
5,52,Clin + BiomedCLIP,0.1075059236190068
5,53,Clin + BiomedCLIP,0.11006582350483356
5,54,Clin + BiomedCLIP,0.11728214751668607
5,55,Clin + BiomedCLIP,0.1064280227147114
5,56,Clin + BiomedCLIP,0.11093717178640809
5,57,Clin + BiomedCLIP,0.08598451875996695
5,58,Clin + BiomedCLIP,0.11245583605377799
5,59,Clin + BiomedCLIP,0.09322905276588582
5,60,Clin + BiomedCLIP,0.11939832314402482
5,61,Clin + BiomedCLIP,0.1486272657896798
5,62,Clin + BiomedCLIP,0.10142790107218443
5,63,Clin + BiomedCLIP,0.1004729044352255
5,64,Clin + BiomedCLIP,0.12165979664518368
5,65,Clin + BiomedCLIP,0.1279220621237505
5,66,Clin + BiomedCLIP,0.10066101346458176
5,67,Clin + BiomedCLIP,0.1350706437015517
5,68,Clin + BiomedCLIP,0.1043527955309472
5,69,Clin + BiomedCLIP,0.15215546136322322
5,70,Clin + BiomedCLIP,0.12413308449220008
5,71,Clin + BiomedCLIP,0.1480893074327637
5,72,Clin + BiomedCLIP,0.13422927757875436
5,73,Clin + BiomedCLIP,0.121771688939296
5,74,Clin + BiomedCLIP,0.11429481850398893
5,75,Clin + BiomedCLIP,0.09829687643742036
5,76,Clin + BiomedCLIP,0.13099296515213907
5,77,Clin + BiomedCLIP,0.14642826845742404
5,78,Clin + BiomedCLIP,0.1270370419459721
5,79,Clin + BiomedCLIP,0.10108154450748406
5,80,Clin + BiomedCLIP,0.12729651863369829
5,81,Clin + BiomedCLIP,0.1136808643096394
5,82,Clin + BiomedCLIP,0.14427338070426154
5,83,Clin + BiomedCLIP,0.09517300023879352
5,84,Clin + BiomedCLIP,0.12517117434352598
5,85,Clin + BiomedCLIP,0.10215899795930275
5,86,Clin + BiomedCLIP,0.1124869151187163
5,87,Clin + BiomedCLIP,0.13308894189866413
5,88,Clin + BiomedCLIP,0.10494977813376366
5,89,Clin + BiomedCLIP,0.15064937375031967
5,90,Clin + BiomedCLIP,0.07857430932278622
5,91,Clin + BiomedCLIP,0.14135184038443246
5,92,Clin + BiomedCLIP,0.10859060487078073
5,93,Clin + BiomedCLIP,0.10837511605233728
5,94,Clin + BiomedCLIP,0.12358737512603345
5,95,Clin + BiomedCLIP,0.14414469881489697
5,96,Clin + BiomedCLIP,0.12767654591348992
5,97,Clin + BiomedCLIP,0.16526922026841182
5,98,Clin + BiomedCLIP,0.0997165748352162
5,99,Clin + BiomedCLIP,0.12299411500908834
5,100,Clin + BiomedCLIP,0.11063973178746114
5,101,Clin + BiomedCLIP,0.09695314666856467
5,102,Clin + BiomedCLIP,0.09711148154764392
5,103,Clin + BiomedCLIP,0.1018524289415367
5,104,Clin + BiomedCLIP,0.11306502138640899
5,105,Clin + BiomedCLIP,0.1297392660755582
5,106,Clin + BiomedCLIP,0.12868725131608438
5,107,Clin + BiomedCLIP,0.131459218307636
5,108,Clin + BiomedCLIP,0.11806752203665885
5,109,Clin + BiomedCLIP,0.120485319735914
5,110,Clin + BiomedCLIP,0.15962667110252482
5,111,Clin + BiomedCLIP,0.14649482570828382
5,112,Clin + BiomedCLIP,0.11674514500710098
5,113,Clin + BiomedCLIP,0.11873939095836936
5,114,Clin + BiomedCLIP,0.10392062864928836
5,115,Clin + BiomedCLIP,0.08832428623069527
5,116,Clin + BiomedCLIP,0.11815228645955105
5,117,Clin + BiomedCLIP,0.07714489438726514
5,118,Clin + BiomedCLIP,0.08766067571609576
5,119,Clin + BiomedCLIP,0.15291371631036663
5,120,Clin + BiomedCLIP,0.13076932917547507
5,121,Clin + BiomedCLIP,0.09867463918095305
5,122,Clin + BiomedCLIP,0.12892643936341225
5,123,Clin + BiomedCLIP,0.14138617804187792
5,124,Clin + BiomedCLIP,0.15555509760399586
5,125,Clin + BiomedCLIP,0.12082182188493837
5,126,Clin + BiomedCLIP,0.10170837340728962
5,127,Clin + BiomedCLIP,0.11954610977611495
5,128,Clin + BiomedCLIP,0.11428056725223383
5,129,Clin + BiomedCLIP,0.10921496596361867
5,130,Clin + BiomedCLIP,0.08410320148660785
5,131,Clin + BiomedCLIP,0.10808644543534393
5,132,Clin + BiomedCLIP,0.11113836356441313
5,133,Clin + BiomedCLIP,0.11129753213456638
5,134,Clin + BiomedCLIP,0.1425077380494864
5,135,Clin + BiomedCLIP,0.1623655929311339
5,136,Clin + BiomedCLIP,0.14331600355515062
5,137,Clin + BiomedCLIP,0.13045807372248747
5,138,Clin + BiomedCLIP,0.08539748012388242
5,139,Clin + BiomedCLIP,0.09375658311380718
5,140,Clin + BiomedCLIP,0.11356874299203018
5,141,Clin + BiomedCLIP,0.11735555624728801
5,142,Clin + BiomedCLIP,0.10560118864653233
5,143,Clin + BiomedCLIP,0.15347850638988667
5,144,Clin + BiomedCLIP,0.1289332549050442
5,145,Clin + BiomedCLIP,0.15043296327054415
5,146,Clin + BiomedCLIP,0.12439707357282313
5,147,Clin + BiomedCLIP,0.10021330017164354
5,1,Clin + RAD-DINO,0.11109442750261228
5,2,Clin + RAD-DINO,0.1440364855600344
5,3,Clin + RAD-DINO,0.10491031528080068
5,4,Clin + RAD-DINO,0.10533069407767709
5,5,Clin + RAD-DINO,0.08704507070334093
5,6,Clin + RAD-DINO,0.12639422241832965
5,7,Clin + RAD-DINO,0.12323582869054493
5,8,Clin + RAD-DINO,0.07505049459740791
5,9,Clin + RAD-DINO,0.10476126194383793
5,10,Clin + RAD-DINO,0.11677023719173184
5,11,Clin + RAD-DINO,0.12394531901936102
5,12,Clin + RAD-DINO,0.1078973167234852
5,13,Clin + RAD-DINO,0.11939616582806346
5,14,Clin + RAD-DINO,0.1335890079719593
5,15,Clin + RAD-DINO,0.14619263203730687
5,16,Clin + RAD-DINO,0.14204835955920447
5,17,Clin + RAD-DINO,0.13096710952564472
5,18,Clin + RAD-DINO,0.09592110739142182
5,19,Clin + RAD-DINO,0.14712411366718045
5,20,Clin + RAD-DINO,0.1230742413274079
5,21,Clin + RAD-DINO,0.10350987767326889
5,22,Clin + RAD-DINO,0.13290468386722698
5,23,Clin + RAD-DINO,0.10025628332753665
5,24,Clin + RAD-DINO,0.1347784006660417
5,25,Clin + RAD-DINO,0.09537580907880536
5,26,Clin + RAD-DINO,0.1136672199301304
5,27,Clin + RAD-DINO,0.1419284321041021
5,28,Clin + RAD-DINO,0.13012450793414942
5,29,Clin + RAD-DINO,0.12993868963615043
5,30,Clin + RAD-DINO,0.1526941513512324
5,31,Clin + RAD-DINO,0.10103314805201653
5,32,Clin + RAD-DINO,0.12137843179935143
5,33,Clin + RAD-DINO,0.14828804114284322
5,34,Clin + RAD-DINO,0.12559699863510404
5,35,Clin + RAD-DINO,0.11497098777423814
5,36,Clin + RAD-DINO,0.13223139319627528
5,37,Clin + RAD-DINO,0.1392457870355192
5,38,Clin + RAD-DINO,0.12609522977825724
5,39,Clin + RAD-DINO,0.09778602507792984
5,40,Clin + RAD-DINO,0.0968572906447128
5,41,Clin + RAD-DINO,0.14064046194469645
5,42,Clin + RAD-DINO,0.11296195864802755
5,43,Clin + RAD-DINO,0.12587561120496502
5,44,Clin + RAD-DINO,0.13647661687826035
5,45,Clin + RAD-DINO,0.09135137893571321
5,46,Clin + RAD-DINO,0.09708214838772933
5,47,Clin + RAD-DINO,0.11135761657743762
5,48,Clin + RAD-DINO,0.11196969865116864
5,49,Clin + RAD-DINO,0.11801691966107494
5,50,Clin + RAD-DINO,0.15170147850951246
5,51,Clin + RAD-DINO,0.10294296483381848
5,52,Clin + RAD-DINO,0.10846112936648523
5,53,Clin + RAD-DINO,0.12553114524689532
5,54,Clin + RAD-DINO,0.1205326907807145
5,55,Clin + RAD-DINO,0.13340208779086743
5,56,Clin + RAD-DINO,0.12474337746509738
5,57,Clin + RAD-DINO,0.11591588960254656
5,58,Clin + RAD-DINO,0.1203767898834782
5,59,Clin + RAD-DINO,0.1426387982887186
5,60,Clin + RAD-DINO,0.13912833370218536
5,61,Clin + RAD-DINO,0.13839934676401267
5,62,Clin + RAD-DINO,0.11962654517426159
5,63,Clin + RAD-DINO,0.10657415922306625
5,64,Clin + RAD-DINO,0.10949968270232685
5,65,Clin + RAD-DINO,0.12092427836027703
5,66,Clin + RAD-DINO,0.10790520239950728
5,67,Clin + RAD-DINO,0.15210178957546538
5,68,Clin + RAD-DINO,0.1405771098173465
5,69,Clin + RAD-DINO,0.11391220755537515
5,70,Clin + RAD-DINO,0.1129358166181508
5,71,Clin + RAD-DINO,0.11182724539888493
5,72,Clin + RAD-DINO,0.095762589125926
5,73,Clin + RAD-DINO,0.11556539824400612
5,74,Clin + RAD-DINO,0.11735234382669031
5,75,Clin + RAD-DINO,0.12542261690490156
5,76,Clin + RAD-DINO,0.1228017525897733
5,77,Clin + RAD-DINO,0.11939010950785733
5,78,Clin + RAD-DINO,0.1192820309070897
5,79,Clin + RAD-DINO,0.12635052884997694
5,80,Clin + RAD-DINO,0.12162871919790919
5,81,Clin + RAD-DINO,0.12090950903765024
5,82,Clin + RAD-DINO,0.10105202085424389
5,83,Clin + RAD-DINO,0.13312348719767458
5,84,Clin + RAD-DINO,0.10648930563317155
5,85,Clin + RAD-DINO,0.11413257620875523
5,86,Clin + RAD-DINO,0.12408260502053323
5,87,Clin + RAD-DINO,0.14164115330454863
5,88,Clin + RAD-DINO,0.09027305856292712
5,89,Clin + RAD-DINO,0.13633527080106883
5,90,Clin + RAD-DINO,0.11772549453380989
5,91,Clin + RAD-DINO,0.12288236229098107
5,92,Clin + RAD-DINO,0.11177380463758907
5,93,Clin + RAD-DINO,0.12351676855301866
5,94,Clin + RAD-DINO,0.11014044631834767
5,95,Clin + RAD-DINO,0.151140436763744
5,96,Clin + RAD-DINO,0.13259869094092425
5,97,Clin + RAD-DINO,0.12195580035899403
5,98,Clin + RAD-DINO,0.09267014497471848
5,99,Clin + RAD-DINO,0.1325688044504525
5,100,Clin + RAD-DINO,0.1132189322187944
5,101,Clin + RAD-DINO,0.10408169763713992
5,102,Clin + RAD-DINO,0.12989605980538307
5,103,Clin + RAD-DINO,0.13800481669213177
5,104,Clin + RAD-DINO,0.10315718548316731
5,105,Clin + RAD-DINO,0.08594726690603349
5,106,Clin + RAD-DINO,0.09607527088618839
5,107,Clin + RAD-DINO,0.09930016442813826
5,108,Clin + RAD-DINO,0.1287228052101288
5,109,Clin + RAD-DINO,0.1348874400530303
5,110,Clin + RAD-DINO,0.12936037905885267
5,111,Clin + RAD-DINO,0.12543362684021417
5,112,Clin + RAD-DINO,0.10235960197115836
5,113,Clin + RAD-DINO,0.15451697818611476
5,114,Clin + RAD-DINO,0.1610189739379565
5,115,Clin + RAD-DINO,0.1229172170256337
5,116,Clin + RAD-DINO,0.11152185428696344
5,117,Clin + RAD-DINO,0.1131482318430781
5,118,Clin + RAD-DINO,0.14746155897077276
5,119,Clin + RAD-DINO,0.13742026412345892
5,120,Clin + RAD-DINO,0.13660783041158278
5,121,Clin + RAD-DINO,0.13970434508827606
5,122,Clin + RAD-DINO,0.11658502373828922
5,123,Clin + RAD-DINO,0.1398415985057377
5,124,Clin + RAD-DINO,0.1323476273622438
5,125,Clin + RAD-DINO,0.1297023352381953
5,126,Clin + RAD-DINO,0.12278236791047074
5,127,Clin + RAD-DINO,0.10483557113989042
5,128,Clin + RAD-DINO,0.15824557691510202
5,129,Clin + RAD-DINO,0.10565052228186217
5,130,Clin + RAD-DINO,0.12727254679644034
5,131,Clin + RAD-DINO,0.11263338799250051
5,132,Clin + RAD-DINO,0.09496839686121299
5,133,Clin + RAD-DINO,0.14055846806129543
5,134,Clin + RAD-DINO,0.147332616893885
5,135,Clin + RAD-DINO,0.13383831194131332
5,136,Clin + RAD-DINO,0.14139564741066313
5,137,Clin + RAD-DINO,0.12149974192095904
5,138,Clin + RAD-DINO,0.08715714666823814
5,139,Clin + RAD-DINO,0.12701123522159877
5,140,Clin + RAD-DINO,0.11214690999431685
5,141,Clin + RAD-DINO,0.12518030056427792
5,142,Clin + RAD-DINO,0.10557085196463929
5,143,Clin + RAD-DINO,0.10391441815524347
5,144,Clin + RAD-DINO,0.12637486626110925
5,145,Clin + RAD-DINO,0.14250082395696542
5,146,Clin + RAD-DINO,0.10836077150157801
5,147,Clin + RAD-DINO,0.10746638889962451
5,1,Clin + Rad + BiomedCLIP,0.1353114435727457
5,2,Clin + Rad + BiomedCLIP,0.15330750118738457
5,3,Clin + Rad + BiomedCLIP,0.13353088453644482
5,4,Clin + Rad + BiomedCLIP,0.13723583372870424
5,5,Clin + Rad + BiomedCLIP,0.11223981875145476
5,6,Clin + Rad + BiomedCLIP,0.14381746778175564
5,7,Clin + Rad + BiomedCLIP,0.14602201766428713
5,8,Clin + Rad + BiomedCLIP,0.125039470297185
5,9,Clin + Rad + BiomedCLIP,0.12894582371849944
5,10,Clin + Rad + BiomedCLIP,0.10015002784869861
5,11,Clin + Rad + BiomedCLIP,0.1313992353195671
5,12,Clin + Rad + BiomedCLIP,0.12871427476612352
5,13,Clin + Rad + BiomedCLIP,0.1449514002056496
5,14,Clin + Rad + BiomedCLIP,0.1270408394563934
5,15,Clin + Rad + BiomedCLIP,0.14253051702749997
5,16,Clin + Rad + BiomedCLIP,0.1414804639388288
5,17,Clin + Rad + BiomedCLIP,0.13806333468702597
5,18,Clin + Rad + BiomedCLIP,0.12698149516719553
5,19,Clin + Rad + BiomedCLIP,0.14266795226308862
5,20,Clin + Rad + BiomedCLIP,0.14502807949170313
5,21,Clin + Rad + BiomedCLIP,0.12576705173077626
5,22,Clin + Rad + BiomedCLIP,0.132339409640203
5,23,Clin + Rad + BiomedCLIP,0.1303643875336406
5,24,Clin + Rad + BiomedCLIP,0.1356666300407927
5,25,Clin + Rad + BiomedCLIP,0.13951728058316493
5,26,Clin + Rad + BiomedCLIP,0.1015338785543187
5,27,Clin + Rad + BiomedCLIP,0.13693298703069345
5,28,Clin + Rad + BiomedCLIP,0.12180557980443184
5,29,Clin + Rad + BiomedCLIP,0.13417337645259156
5,30,Clin + Rad + BiomedCLIP,0.11918989225405559
5,31,Clin + Rad + BiomedCLIP,0.12187506223716446
5,32,Clin + Rad + BiomedCLIP,0.12200275522023706
5,33,Clin + Rad + BiomedCLIP,0.12122014327409392
5,34,Clin + Rad + BiomedCLIP,0.1369831266448517
5,35,Clin + Rad + BiomedCLIP,0.16377447138989581
5,36,Clin + Rad + BiomedCLIP,0.13235949329294627
5,37,Clin + Rad + BiomedCLIP,0.13991721987876135
5,38,Clin + Rad + BiomedCLIP,0.1440152757893212
5,39,Clin + Rad + BiomedCLIP,0.11350650981779291
5,40,Clin + Rad + BiomedCLIP,0.09596249986965498
5,41,Clin + Rad + BiomedCLIP,0.13757500156319377
5,42,Clin + Rad + BiomedCLIP,0.13843172945557977
5,43,Clin + Rad + BiomedCLIP,0.1364419908616831
5,44,Clin + Rad + BiomedCLIP,0.12781767767799565
5,45,Clin + Rad + BiomedCLIP,0.11882794875780514
5,46,Clin + Rad + BiomedCLIP,0.13164065836507235
5,47,Clin + Rad + BiomedCLIP,0.11404146614464328
5,48,Clin + Rad + BiomedCLIP,0.11646865847359994
5,49,Clin + Rad + BiomedCLIP,0.14725331607599162
5,50,Clin + Rad + BiomedCLIP,0.1333886316814961
5,51,Clin + Rad + BiomedCLIP,0.12881239989987178
5,52,Clin + Rad + BiomedCLIP,0.11760161713099931
5,53,Clin + Rad + BiomedCLIP,0.12472765182046347
5,54,Clin + Rad + BiomedCLIP,0.14062845734151858
5,55,Clin + Rad + BiomedCLIP,0.13354046793988583
5,56,Clin + Rad + BiomedCLIP,0.13514222289331015
5,57,Clin + Rad + BiomedCLIP,0.12089669867643572
5,58,Clin + Rad + BiomedCLIP,0.12706923448308538
5,59,Clin + Rad + BiomedCLIP,0.10325293126162667
5,60,Clin + Rad + BiomedCLIP,0.10967668606460858
5,61,Clin + Rad + BiomedCLIP,0.12699930613577165
5,62,Clin + Rad + BiomedCLIP,0.12068532753187622
5,63,Clin + Rad + BiomedCLIP,0.12116565278251668
5,64,Clin + Rad + BiomedCLIP,0.13549679187463087
5,65,Clin + Rad + BiomedCLIP,0.12061019795892916
5,66,Clin + Rad + BiomedCLIP,0.11853625514774464
5,67,Clin + Rad + BiomedCLIP,0.12791068296075844
5,68,Clin + Rad + BiomedCLIP,0.11480695881847955
5,69,Clin + Rad + BiomedCLIP,0.1509684392908705
5,70,Clin + Rad + BiomedCLIP,0.1267117867288745
5,71,Clin + Rad + BiomedCLIP,0.14432434243123857
5,72,Clin + Rad + BiomedCLIP,0.1511582765130709
5,73,Clin + Rad + BiomedCLIP,0.129336227935243
5,74,Clin + Rad + BiomedCLIP,0.138943710028176
5,75,Clin + Rad + BiomedCLIP,0.1240201722022202
5,76,Clin + Rad + BiomedCLIP,0.14072197793553207
5,77,Clin + Rad + BiomedCLIP,0.14201510884108232
5,78,Clin + Rad + BiomedCLIP,0.1383663881436321
5,79,Clin + Rad + BiomedCLIP,0.11562780268010557
5,80,Clin + Rad + BiomedCLIP,0.1239726832860763
5,81,Clin + Rad + BiomedCLIP,0.12475145515730153
5,82,Clin + Rad + BiomedCLIP,0.1311580117164096
5,83,Clin + Rad + BiomedCLIP,0.1238714973574041
5,84,Clin + Rad + BiomedCLIP,0.1227647353084515
5,85,Clin + Rad + BiomedCLIP,0.1303651297118002
5,86,Clin + Rad + BiomedCLIP,0.13500569153443545
5,87,Clin + Rad + BiomedCLIP,0.13392485481989788
5,88,Clin + Rad + BiomedCLIP,0.12287051816517786
5,89,Clin + Rad + BiomedCLIP,0.13183600365223555
5,90,Clin + Rad + BiomedCLIP,0.09218708841668505
5,91,Clin + Rad + BiomedCLIP,0.14014937074555817
5,92,Clin + Rad + BiomedCLIP,0.13009686715164065
5,93,Clin + Rad + BiomedCLIP,0.11472580185534918
5,94,Clin + Rad + BiomedCLIP,0.11825511014434435
5,95,Clin + Rad + BiomedCLIP,0.14883349248838243
5,96,Clin + Rad + BiomedCLIP,0.14062617931208757
5,97,Clin + Rad + BiomedCLIP,0.15127586394225692
5,98,Clin + Rad + BiomedCLIP,0.11801985798335796
5,99,Clin + Rad + BiomedCLIP,0.13366940527736587
5,100,Clin + Rad + BiomedCLIP,0.11702820979449668
5,101,Clin + Rad + BiomedCLIP,0.1157003254545386
5,102,Clin + Rad + BiomedCLIP,0.1313031825482708
5,103,Clin + Rad + BiomedCLIP,0.13498714923891417
5,104,Clin + Rad + BiomedCLIP,0.1259930234796975
5,105,Clin + Rad + BiomedCLIP,0.14223450672864546
5,106,Clin + Rad + BiomedCLIP,0.12417538806439118
5,107,Clin + Rad + BiomedCLIP,0.1354172728052054
5,108,Clin + Rad + BiomedCLIP,0.13691046951620076
5,109,Clin + Rad + BiomedCLIP,0.14186359336489376
5,110,Clin + Rad + BiomedCLIP,0.14400449609240445
5,111,Clin + Rad + BiomedCLIP,0.14971195499555046
5,112,Clin + Rad + BiomedCLIP,0.1267819792090288
5,113,Clin + Rad + BiomedCLIP,0.12966654101233507
5,114,Clin + Rad + BiomedCLIP,0.11634380232844878
5,115,Clin + Rad + BiomedCLIP,0.11244931779486844
5,116,Clin + Rad + BiomedCLIP,0.13384416218772924
5,117,Clin + Rad + BiomedCLIP,0.10489069925262999
5,118,Clin + Rad + BiomedCLIP,0.11158327790731773
5,119,Clin + Rad + BiomedCLIP,0.1514135138693921
5,120,Clin + Rad + BiomedCLIP,0.14003044665462872
5,121,Clin + Rad + BiomedCLIP,0.1267869264309842
5,122,Clin + Rad + BiomedCLIP,0.13734813690552447
5,123,Clin + Rad + BiomedCLIP,0.1323884963474131
5,124,Clin + Rad + BiomedCLIP,0.13261049837742092
5,125,Clin + Rad + BiomedCLIP,0.13481273360847418
5,126,Clin + Rad + BiomedCLIP,0.10561211944599613
5,127,Clin + Rad + BiomedCLIP,0.13140748018372722
5,128,Clin + Rad + BiomedCLIP,0.12400460593513213
5,129,Clin + Rad + BiomedCLIP,0.11054133176544761
5,130,Clin + Rad + BiomedCLIP,0.11160004810352957
5,131,Clin + Rad + BiomedCLIP,0.12486413372200338
5,132,Clin + Rad + BiomedCLIP,0.12632322335264423
5,133,Clin + Rad + BiomedCLIP,0.1214416718491836
5,134,Clin + Rad + BiomedCLIP,0.134234790696116
5,135,Clin + Rad + BiomedCLIP,0.14711846200064604
5,136,Clin + Rad + BiomedCLIP,0.1513730138959342
5,137,Clin + Rad + BiomedCLIP,0.12911556733742735
5,138,Clin + Rad + BiomedCLIP,0.11472504027469926
5,139,Clin + Rad + BiomedCLIP,0.10831039634709663
5,140,Clin + Rad + BiomedCLIP,0.11815344016514336
5,141,Clin + Rad + BiomedCLIP,0.1183415495900463
5,142,Clin + Rad + BiomedCLIP,0.12622726814956464
5,143,Clin + Rad + BiomedCLIP,0.15202157089580953
5,144,Clin + Rad + BiomedCLIP,0.12258343361071383
5,145,Clin + Rad + BiomedCLIP,0.14477748417608663
5,146,Clin + Rad + BiomedCLIP,0.11785619243564431
5,147,Clin + Rad + BiomedCLIP,0.10842591127145192
5,1,Clin + Rad + RAD-DINO,0.12153760757685825
5,2,Clin + Rad + RAD-DINO,0.14148898760151188
5,3,Clin + Rad + RAD-DINO,0.12011564522482417
5,4,Clin + Rad + RAD-DINO,0.12756564932185704
5,5,Clin + Rad + RAD-DINO,0.09848160307337914
5,6,Clin + Rad + RAD-DINO,0.12325058158588147
5,7,Clin + Rad + RAD-DINO,0.11328953644318042
5,8,Clin + Rad + RAD-DINO,0.10864947748182222
5,9,Clin + Rad + RAD-DINO,0.11093874121930378
5,10,Clin + Rad + RAD-DINO,0.11586166177121955
5,11,Clin + Rad + RAD-DINO,0.12332909046737862
5,12,Clin + Rad + RAD-DINO,0.11905529420826973
5,13,Clin + Rad + RAD-DINO,0.13548046619247597
5,14,Clin + Rad + RAD-DINO,0.12544929867949856
5,15,Clin + Rad + RAD-DINO,0.11552920181865696
5,16,Clin + Rad + RAD-DINO,0.12682393859186902
5,17,Clin + Rad + RAD-DINO,0.12454129947457382
5,18,Clin + Rad + RAD-DINO,0.12598319858800913
5,19,Clin + Rad + RAD-DINO,0.12968993594556255
5,20,Clin + Rad + RAD-DINO,0.15228680908688547
5,21,Clin + Rad + RAD-DINO,0.12232059821366795
5,22,Clin + Rad + RAD-DINO,0.14040958551976296
5,23,Clin + Rad + RAD-DINO,0.12586224474168425
5,24,Clin + Rad + RAD-DINO,0.12908091913505526
5,25,Clin + Rad + RAD-DINO,0.13267646689990067
5,26,Clin + Rad + RAD-DINO,0.13069584906315015
5,27,Clin + Rad + RAD-DINO,0.12452581623755508
5,28,Clin + Rad + RAD-DINO,0.14189845006342225
5,29,Clin + Rad + RAD-DINO,0.11249079366315641
5,30,Clin + Rad + RAD-DINO,0.13259215529556873
5,31,Clin + Rad + RAD-DINO,0.11096009281018537
5,32,Clin + Rad + RAD-DINO,0.13242278213328776
5,33,Clin + Rad + RAD-DINO,0.14147806618422984
5,34,Clin + Rad + RAD-DINO,0.12550893458388837
5,35,Clin + Rad + RAD-DINO,0.13832505884019897
5,36,Clin + Rad + RAD-DINO,0.12779253152284104
5,37,Clin + Rad + RAD-DINO,0.1576414055908761
5,38,Clin + Rad + RAD-DINO,0.12865235821478044
5,39,Clin + Rad + RAD-DINO,0.09316520720629365
5,40,Clin + Rad + RAD-DINO,0.08485469972947982
5,41,Clin + Rad + RAD-DINO,0.13461148781697024
5,42,Clin + Rad + RAD-DINO,0.11694617228795229
5,43,Clin + Rad + RAD-DINO,0.12602176204135135
5,44,Clin + Rad + RAD-DINO,0.11861859178589727
5,45,Clin + Rad + RAD-DINO,0.09876345383692266
5,46,Clin + Rad + RAD-DINO,0.10369937963262602
5,47,Clin + Rad + RAD-DINO,0.10728233768772404
5,48,Clin + Rad + RAD-DINO,0.1089244564483557
5,49,Clin + Rad + RAD-DINO,0.12292385264345507
5,50,Clin + Rad + RAD-DINO,0.11596181848300187
5,51,Clin + Rad + RAD-DINO,0.11768039614899678
5,52,Clin + Rad + RAD-DINO,0.1114456843789645
5,53,Clin + Rad + RAD-DINO,0.11575282578029503
5,54,Clin + Rad + RAD-DINO,0.13342530911321046
5,55,Clin + Rad + RAD-DINO,0.11572463657254603
5,56,Clin + Rad + RAD-DINO,0.11948714194497155
5,57,Clin + Rad + RAD-DINO,0.10941633777161323
5,58,Clin + Rad + RAD-DINO,0.12027996259236869
5,59,Clin + Rad + RAD-DINO,0.11860698380785434
5,60,Clin + Rad + RAD-DINO,0.10505625516659693
5,61,Clin + Rad + RAD-DINO,0.10854057582147066
5,62,Clin + Rad + RAD-DINO,0.12586996118700888
5,63,Clin + Rad + RAD-DINO,0.1213785034151531
5,64,Clin + Rad + RAD-DINO,0.11937963269018778
5,65,Clin + Rad + RAD-DINO,0.11291736227785223
5,66,Clin + Rad + RAD-DINO,0.11659842151750949
5,67,Clin + Rad + RAD-DINO,0.1483975598800064
5,68,Clin + Rad + RAD-DINO,0.12509111333398745
5,69,Clin + Rad + RAD-DINO,0.12602942536819692
5,70,Clin + Rad + RAD-DINO,0.11346755935991537
5,71,Clin + Rad + RAD-DINO,0.1352579836894173
5,72,Clin + Rad + RAD-DINO,0.11075697546814932
5,73,Clin + Rad + RAD-DINO,0.1298299536166445
5,74,Clin + Rad + RAD-DINO,0.12636560069154704
5,75,Clin + Rad + RAD-DINO,0.12304531993876403
5,76,Clin + Rad + RAD-DINO,0.1263954471620319
5,77,Clin + Rad + RAD-DINO,0.12677980640106415
5,78,Clin + Rad + RAD-DINO,0.12735235487406196
5,79,Clin + Rad + RAD-DINO,0.103369086583248
5,80,Clin + Rad + RAD-DINO,0.10276577450368272
5,81,Clin + Rad + RAD-DINO,0.12948714350044568
5,82,Clin + Rad + RAD-DINO,0.10841052094834117
5,83,Clin + Rad + RAD-DINO,0.11929415962111792
5,84,Clin + Rad + RAD-DINO,0.10708064347057838
5,85,Clin + Rad + RAD-DINO,0.11688811592565627
5,86,Clin + Rad + RAD-DINO,0.1353701472728759
5,87,Clin + Rad + RAD-DINO,0.12557824556338326
5,88,Clin + Rad + RAD-DINO,0.09499523474484056
5,89,Clin + Rad + RAD-DINO,0.13396645494236048
5,90,Clin + Rad + RAD-DINO,0.10703644307126438
5,91,Clin + Rad + RAD-DINO,0.13052613690442272
5,92,Clin + Rad + RAD-DINO,0.11742353884365249
5,93,Clin + Rad + RAD-DINO,0.10614888980151795
5,94,Clin + Rad + RAD-DINO,0.11201049143508016
5,95,Clin + Rad + RAD-DINO,0.1453384510319188
5,96,Clin + Rad + RAD-DINO,0.13277215267615064
5,97,Clin + Rad + RAD-DINO,0.11465113879763217
5,98,Clin + Rad + RAD-DINO,0.11800587225821174
5,99,Clin + Rad + RAD-DINO,0.13469808139674308
5,100,Clin + Rad + RAD-DINO,0.11165001223034747
5,101,Clin + Rad + RAD-DINO,0.10431553807229518
5,102,Clin + Rad + RAD-DINO,0.1526258881070385
5,103,Clin + Rad + RAD-DINO,0.1392236008061278
5,104,Clin + Rad + RAD-DINO,0.09834543368831535
5,105,Clin + Rad + RAD-DINO,0.11575841932915636
5,106,Clin + Rad + RAD-DINO,0.08196194340285506
5,107,Clin + Rad + RAD-DINO,0.09402322484758015
5,108,Clin + Rad + RAD-DINO,0.13828984532932653
5,109,Clin + Rad + RAD-DINO,0.14052796816235158
5,110,Clin + Rad + RAD-DINO,0.11640643962240947
5,111,Clin + Rad + RAD-DINO,0.11748834927838905
5,112,Clin + Rad + RAD-DINO,0.1340925794610161
5,113,Clin + Rad + RAD-DINO,0.12972922934988096
5,114,Clin + Rad + RAD-DINO,0.15086797193519202
5,115,Clin + Rad + RAD-DINO,0.11797089642677779
5,116,Clin + Rad + RAD-DINO,0.12794655993586573
5,117,Clin + Rad + RAD-DINO,0.12174670673227593
5,118,Clin + Rad + RAD-DINO,0.13556757621462853
5,119,Clin + Rad + RAD-DINO,0.11714152847229735
5,120,Clin + Rad + RAD-DINO,0.13210070001729904
5,121,Clin + Rad + RAD-DINO,0.12332764393682695
5,122,Clin + Rad + RAD-DINO,0.12783757312186797
5,123,Clin + Rad + RAD-DINO,0.12222739755643074
5,124,Clin + Rad + RAD-DINO,0.11386044896092591
5,125,Clin + Rad + RAD-DINO,0.12600047916800194
5,126,Clin + Rad + RAD-DINO,0.12033315717817426
5,127,Clin + Rad + RAD-DINO,0.13687435233486284
5,128,Clin + Rad + RAD-DINO,0.1469676745847224
5,129,Clin + Rad + RAD-DINO,0.09742935770043774
5,130,Clin + Rad + RAD-DINO,0.11557703964261508
5,131,Clin + Rad + RAD-DINO,0.1328346024613376
5,132,Clin + Rad + RAD-DINO,0.11882991868235676
5,133,Clin + Rad + RAD-DINO,0.13965197223136483
5,134,Clin + Rad + RAD-DINO,0.14093970899990818
5,135,Clin + Rad + RAD-DINO,0.10709047963881797
5,136,Clin + Rad + RAD-DINO,0.13507293646608493
5,137,Clin + Rad + RAD-DINO,0.11002861759149912
5,138,Clin + Rad + RAD-DINO,0.10691702765360997
5,139,Clin + Rad + RAD-DINO,0.10328667957272722
5,140,Clin + Rad + RAD-DINO,0.12615408478987938
5,141,Clin + Rad + RAD-DINO,0.11107103003713964
5,142,Clin + Rad + RAD-DINO,0.11704095156680669
5,143,Clin + Rad + RAD-DINO,0.14338261975365438
5,144,Clin + Rad + RAD-DINO,0.12535961525251121
5,145,Clin + Rad + RAD-DINO,0.13693552332967543
5,146,Clin + Rad + RAD-DINO,0.10795381996278546
5,147,Clin + Rad + RAD-DINO,0.10490959278983868
